anchor_sim	qe_score	twi	english
0.5633	0.1580	2021 Ɔman MMA Sikasɛm NHYEHYƐEƐ	An Abridged and Simplified Version of the 2021 Budget Statement and Economic Policy
0.5804	0.0717	2021 Ɔman Mma Sikasɛm Nhyehysee No Ho Anodisɛm A Yɛakyerɛkyerɛ Mu Ama Ayɛ Tiawa Na Ne Nteases Ayɛ Mmrɛ OIERA ao o CETATE ao oki C=O E OET a	I | Government of Ghana - 2021 Citizens’ Budget
0.6312	0.0007	Ɛkwan a man Mma bestumi afa so abisa sho nsɛm 2021 Ɔman Sikasɛm Nhyehysee Ho Anodisɛm ne Ɔman Mma Sikasɛm no ho nsɛm wo abssfo amaneɛbɔbea a ew aseɛ ha yi:	Contact information for follow-up by citizens The 2021 Budget Statement and Economic Policy of the Government of Ghana and the 2021 Citizens’ Budget are available on the internet at: www.mofep.gov.gh
0.2055	0.0007	Wopɛ nwoma yi bi nso a, yɛsrɛ wo sɛ ko Asosees a EƐhwe Sikasɛm so no fese a wɔne ɔmanfoɔ di nkutaho ho. Public Relations Office New Building	For copies of the Statement, please contact the Public Relations Office of the Ministry of Finance: Public Relations Office New Building Ground Floor Room 001 or 003 P.
0.7695	0.9922	Box MB 40 Accra — Ghana Bureau of Ghana Languages	Box MB 40 Accra – Ghana Email: info@mofep.gov.gh
0.2565	0.6934	1| Ghana Aban - 2021 Ɔman Mma Sikasɛm Nhyehysee	Ii | Government of Ghana - 2021 Citizens’ Budget Contents IMPACT OF COVID-19 PANDEMIC, MITIGATING MEASURES AND THE
0.4106	0.0007	2 | Ghana Aban - 2021 Ɔman Mma Sikasɛm Nhyehysee Óla	Iii | Government of Ghana - 2021 Citizens’ Budget List of Tables:
0.6531	0.9863	Nkontabuo ho hyehyspono ahodoa: Hyehyspono 1:Sika A Ɛbaa Ɔman Fotoɔ Mu firi Ɔpɛpɔn kɔsi Ɔpenimma wɔ 2020 mu no ho Tɔfabɔ ( Ghana sika wo Ɔpepepem mu) Hyehyspono 2: Dwuma A Yɛde Sika Dii firi Ɔpɛpɔn kɔsi Ɔpenimma wɔ 2020 mu no ho Tɔfabɔ (Ghana Sika wo Ɔpepepem mu)	List of Figures: Figure 1: Summary of Revenue Performance for Jan-Dec 2020 ( in Billions of Figure 2: Summary of Expenditure Performance for Jan-Dec 2020 ( in Billions of
0.4528	0.6724	3 | Ghana Aban - 2021 Ɔman Mma Sikasɛm Nhyehysee	Iv | Government of Ghana - 2021 Citizens’ Budget
0.3061	0.0008	“Afei na ɛberɛ asɔ sɛ yɛn mu biara, a ɛmfa ho ne amanyɔkuo a obi dom, sosɔ yɛn nsa na yeka yɛn ahoɔden bom de yɛ adwumaden nam so pagya Ghanaman duru mpempensos a fata sɛ Ɔman yi	“Now is the time for each and every one of us, irrespective of our political affiliations, to unite, join hands, stand shoulder to shoulder, and work hard to place Ghana where she deserves to be”.
0.7580	0.9902	Nana Addo Dankwa Akufo-Addo (Obenem 2021- Ɔman Gyinaberɛ Ho Anodisem)	H.E. Nana Addo Dankwa Akufo-Addo (March 2021- State of the Nation Address)
0.4063	0.8525	4 | Ghana Aban - 2021 Ɔman Mma Sikasɛm Nhyehysee Asentire: “Yebewie dwumadie ama ases atim na yzatoa des aka so nam so akanyan sman sikasem”	V | Government of Ghana - 2021 Citizens’ Budget MESSAGE FROM THE MINISTER FOR FINANCE
0.7166	0.0580	Ɔpenimma bosome mu wɔ 2020 mu no, Ghanafoɔ too aba maa Ɔmanpanin Nana Addo Dankwa Akufo-Addo bio sɛ ontoa adwuma pa a reyɛ no so na nyɛ nnepa bebree nka dees reyɛ no ho.	The good people of Ghana in December 2020 voted to retain H.E. the President, Nana Addo Dankwa Akufo-Addo for another term to continue the good work and do more.
0.2576	0.9097	Ɛnyɛ ades a ystoto awerehyem a Ghanafoɔ anya wɔ saa aban yi mu no ase koraa.	The confidence reposed in this Government by our fellow Ghanaians is one we do not take for granted.
0.3381	0.9331	2021 Sikasɛm Nhyehysee yi yɛ Sikasɛm Nhyehyeses a ɛyɛ sononko koraa ɛsiane sɛ ebetoto yɛn Sikasɛm yie na aboa abɔ ɔmanfoɔ ho ban, ebekanyan nnwuma a wɔwɔ haw mu na afei aboa yɛn ama yɛde yɛn ahoɔden adi dwuma de ama Ghanaman asane asi ne mpontuo ɛkwan so wo ɛberɛ a COVID-19 yadeɛ kontonkurowi ano abrɛ ase yi akyi. Saa Sikasɛm Nhyehysee yi gyina yɛn anisoadehunu sɛ yɛpɛ sɛ yesesa Ɔman yi na ɛyɛ Ɔman a ɛde ne ho wɔ sikaskm mu no so.	The 2021 Budget is a landmark budget that reorganises our public finances to protect lives, revitalise troubled businesses, and consciously focus our energies on building back a better Ghana, post COVID-19. The Budget is anchored on our vision transforming this country and build a self-sustaining economy.
0.3554	0.3350	Mfeɛ ɛnan a ɛdi kan no, yɛnam akwanhodoɔ so ayɛ nhyehysee sɛ Ɔman yi bɛsane agyina ne nan so wo Sikasɛm mu. Nhyehyses ahodos yi ne deɛ sebema nnwuma abu so, akwanhodo» a ysfa so nya sika gu ɔman Fotoɔ mu, anammɔntuo ahodoɔ a ama nnwuma atu mpon, ankorankorɛ nnwuma mu mmoa ne asetenam mpontuo ho mmoa a yɛde maa mmoborowafoo.	For most part of the first term, we have put the economy back on track, through a series of carefully planned programmes of macroeconomic adjustments, introduced revenue-enhancing measures, implemented growth-inducing interventions, supported the private sector, and rolled out social intervention programmes.
0.3735	0.0037	Afe 2019 kɔɔ awiees no, na Ghanaman nam ɛkwan pa wo Sikasɛm mu mpontuo so a na nneɛma a ɛma nnwuma ne Sikasɛm tu mpɔn nyinaa di adansees, na amansan nso agye yɛn atom sɛ yɛyɛ Ɔman a yɛnam mpontuo kwan so, na ɛno mu na COVID-19 yadeɛ kontonkurowi yi bɛto hyse yɛn so.	By the end 2019, we were solidly on the path of economic transformation on the back of impressive macroeconomic indicators and international endorsement as a country on the rise, when we were struck by the COVID-19 pandemic.
0.3585	0.9414	Ewiase aman a Ghana ka ho bie nyinaa anya saa yadeɛ kontonkurowi yi ho nsunsuansoɔ bɔne no bi.	The devastating impact of this pandemic has been felt by all economies globally, including Ghana.
0.6452	0.0010	Covid-19 yadeɛ kontonkurowi yi de haw ahodovs absto yɛn so na ako atia yɛn nnwuma ne daadaa abrabɔ.	The outbreak of the Covid-19 Pandemic presented a lot of difficulties which have affected our businesses and daily livelihoods.
0.3045	0.0009	Aban ahunu sɛdeɛ saa yadeɛ kontonkurowi yi de nsunsuansoɔ bɔne abrɛ ɔmanfoo, yei enti, aban ayɛ nhyehysee ahodovs de reboa nnwuma sɛdeɛ bɛyɛ a Yɛbɛsane asi yɛn dada mu.	Government, however, has noticed with great concern the effect of the pandemic on us as a people and has initiated policies to help revive businesses and bring our lives back to normalcy.
0.3426	0.9370	Anidasoo wo ho ɛsiane sɛ yɛahunu akwan afoforɔ a yɛbɛfa so adi dwuma a ɛde akwannya bebree beba.	All hope is not lost because we have found new ways of doing things with endless possibilities.
0.3654	0.0010	Aban asi nkete sɛ ɔbɛhwɛ sɛ ɔmanfoɔ bɛnya apomuden, yei enti, wayɛ nhyehyɛeɛ sɛ Ghanani biara nwo panees ntia saa yadeɛ kontonkurowi yi sedes bɛyɛ a yɛn nyinaa bɛnya apɔmuden de ayɛ adwuma de apagya Ghanaman aduru mpempensos a yɛn nyinaa hwehwɛ no.	Government is committed to making sure we have a healthy population and as such has arranged for Ghanaians to be vaccinated to ensure that we all stay strong to build the Ghana we wish to see.
0.3888	0.0007	Yɛne mo aka abom ayɛ adwuma wɔ haw ahodoɔ nyinaa mu wɔ yɛn mpontuo anammɔn a yɛnam so yi mu, na yɛde akokoɔduru atu anammoɔn ahodoɔ sedes ɛbɛyɛ a yɛde Ɔman yi Sikasɛm bɛsane asi kankorɔ ɛkwan so.	We have partnered with you even in the midst of difficulties as part of our development process and have taken bold steps to put our economy back on track to development.
0.6819	0.9883	Seesei, Ghanafoɔ bɛyɛ ɔpepem baako ne ahanu (1.2 million) na wɔanya akwannya ko Ntoasoɔ Sukuu a sbesesa wɔn abrabo, yɛasane asiesie tebea a na ɛnyɛ wɔ sikakorabea nnwuma mu nyinaa na nnipa dodov no ara nsa aka wɔn sika a na akɔdi sikakorabea nnwuma a na aguo no nyinaa mu.	About 1.2 million Ghanaians can now have a better and quality secondary education for life, we have cleaned up the banking sector and most customers have received their savings from the collapsed banks.
0.3515	0.9375	Bio, yegasi adwumakuo a ehyehye ahyɛn wɔ yɛn ɔman yi mu na ysahunu ahyɛn a adwumakuo yi adi kan ayɛ wo ahyenton edwa ahodov ne yɛn akwan so.	Additionally, a vehicle assembling plant has been built and we have seen the first batch of assembled vehicles on our market and roads.
0.3484	0.9424	Nokwasem ne se, yɛgye tom sɛ yesahyia ɔhaw ahodoɔ wo ɛberɛ a yɛgu so rebɔ mmoɔden atu yɛn mpontuo botaeɛ ahodoɔ ho anammɔn no.	We honestly admit that we faced some challenges as we tried to promote our development goals.
0.3939	0.0020	Aban ani abere pa ara reyɛ nhyehyesee ahodoɔ de ape saa haw ahodoɔ yi nnannuaguberɛ sedes bye a ɛde ahoto bebre nnwumakuo.	Government is earnestly putting measures in place to solve these problems and bring relief to businesses.
0.5378	0.0007	Ebi ne se, bosome Kotonimma mu wo afe 2020 mu no, yɛde Ghana sika sidi oọpepem ahanson ne aduonum (GH¢750 million) boaa nnwuma nketewa, adantam ne akesee2 ne afoforɔ bi wo dwumadie a yɛato edin sɛ “CAP-BuSS” Dwumadie no mu.	For instance, we rolled-out the GH¢750 million CAP-BuSS Programme in May 2020 and this has provided support to Micro, Small and Medium-Sized Enterprises (MSMEs) and many others.
0.3755	0.9961	Seesei dee, ɛho akɔhia pa ara sene ɛberɛ a abɛsene koro no sɛ yesoso yɛn nsa na yeka bom toa so tu akokoɔduru anammɔn ahodov a bɛma yɛn nsa aka mpontuo a yɛrepɛ ama yɛn ho no.	Like never before, we are called to join hands and develop our nation by continuing the implementation of the bold initiatives to achieve development for all.
0.4059	0.9819	Anyɛ bie koraa no, yɛahyɛ bo wo Ɔman Bɔhyhensem no mu sɛ yɛde yɛn ahoɔden ne yɛn akoma nyinaa bɛyɛ Ghana adwuma.	After all, we pledged ourselves to the service of Ghana with all our strength and with all our heart.
0.3418	0.9619	Onyankopɔn nhyira yɛn nyinaa.	May God bless us all.
0.2777	0.8921	1. 2021 Ɔman Mma Sikasɛm Nhyehysee yi yɛ dwumadie a Aban dii no ne sika dodos a Aban de asi n'ani so sɛ ɔbɛnya de atu ne nhyehysee ne dwumadie ahodoɔ ho anammɔn wo 2021 mu no nyinaa ho tofabo. Asɛntire a ɛda saa Sikasɛm Nhyehysee yi so ne sɛ “Yebewie dwumadie ama asees atim na yzatoa des aka so nam so akanyan ɔman sikasem”.	1 | Government of Ghana - 2021 Citizens’ Budget INTRODUCTION The 2021 Citizen’s Budget is a summary of what Government achieved in 2020 and how much it’s intends to collect in revenues to implement policies and programmes in 2021. The theme of the 2021 Budget is “Completion, Consolidation, and Continuation”.
0.3380	0.0588	Sikasɛm Nhyehyɛeɛ yi kuta saa Asɛntire yi ɛsiane sɛ mmerɛ dodos a atwam no, na afe biara mu Sikasɛm nhyehysese wo dwumadie afoforɔ bebree a Aban pɛ sɛ ɔtu ho anammon, wo ɛberɛ a dwumadie a rekɔ so bebree wɔ ho a ɛho dwumadie nwiee peys.	This theme is underpinned by the fact that over the years every new Budget invariably contains a host of new projects to be initiated at the expense of ongoing projects.
0.3286	0.5835	Ɛba saa a, ɛnyɛ yɛn Sikasɛm nko ara na ɛtɔ ape, na mmom ɛka bebree beda yɛn so a Ebi mpo wo hɔ a, yentumi ntua akontratafoo a wɔayɛ wɔn adwuma awie no ntɛm so.	Not only does this put pressure on our finances, but has also historically resulted in payments arrears, with many contractors not being paid on time for work done.
0.3147	0.0007	Yei ma dwumadie ahodovs ho ska no ko soro dodo ɛsiane sɛ yɛtua nsiho wo dwumadie biara a ɛsɛ sɛ yɛtua ho ɛka a yɛatu ahyɛ ɛda no ho.	This raises the overall cost of projects as the deferred payments attract interest cost.
0.1910	0.9565	Afe 2021 yi mu no, Aban asi gyinaeɛ sɛ ɔbetwa sa foforɔ ato ho.	In 2021, Government plans to chart a new direction.
0.2409	0.4915	Saa ɛkwan foforɔ a Aban pɛ sɛ ɔfa so no botaeɛ ne se, ɔde tebea bi a akoye sɛ Amammerɛ bi a yehye dwumadie biara ase a na ysagyae ama aka nsensen mu no bsba awiees, ne saa enti, Aban asi nkete sɛ ɔbewie dwumadie ahodov a yenwiee no nyinaa.	The goal is to bring to an end the culture of unfinished projects by fulfilling commitments to complete existing projects.
0.6929	0.6353	SƐDEƐ Ɔman Sikasɛm YƐƐ WƆ 2020 MU	ECONOMIC PERFORMANCE FOR 2020
0.4486	0.0006	Sedes na Ɔman Sikasɛm mu mpontuo nnyinsaso»ɔ no tee 3. Deɛ ɛdidi soɔ yi yɛ sedes na Ɔman Sikasɛm tes wo afe 2020 mu:	Macroeconomic Performance Provisional data on the performance of the economy in 2020 is as follows:
0.6849	0.0006	Abosome nkron a ɛdi kan no, Ɔman no adwadeɛ nyinaa mu mpontuo no kɔ anim bɛyɛ ɔha mu nkyɛmu hwee ne akyiri pɔ (0.2 percent.) Na mmom, afe no nko awieees no na ɛsɛ sɛ ɛduru ɔha mu nkyɛmu hwee ne akyiri pɔ nkron (0.9 percent);	The first nine months of the year recorded an average overall real GDP growth rate of 0.2 percent. A GDP growth rate of 0.9 percent is expected by the end of the year;
0.6431	0.0623	Nneɛma a ɛma yɛnya sika a Fango nka ho nso kɔɔ anim wo abosome nkron a ɛdi kan no mu kɔduruu ɔha mu nkyɛmu hwee ne akyiri pɔ enan(0.4 percent), na ɛsɛ sɛ ɛduru ɔha mu nkyɛmu baako ne akyire pɔ nsia (1.6 percent) wo afe no awiees;	Non-Oil real GDP averaged 0.4 percent growth in the first nine months of the year, and is expected to end the year at 1.6 percent;
0.6291	0.0008	Na nneɛma boɔ-soroko wo bosome Ɔpenimma awieees no yɛ ɔha mu nkyɛmu edu ne akyire pɔ ɛnan (10.4 percent) a na kane na ɛgyina ɔha mu nkyɛmu dubaako ne akyiri pa hwee (11.0 percent);	End-December inflation was 10.4 percent compared to the revised target of 11.0 percent;
0.6404	0.0023	Sika dodos a na aka mu a yshia de asɔ yɛn Sikasɛm nhyehysee mu sika nyinaa so no yɛ ɔha mu nkyɛmu dubaako ne akyire pɔ nson (11.7 percent of GDP) a kane no na ɛyɛ ɔha mu nkyɛmu dubaako ne akyire pɔ ɛnan (11.4 percent of GDP);	Overall budget deficit on cash basis was 11.7 percent of GDP against a revised target of 11.4 percent of GDP;
0.6588	0.0008	Dwumadie ho ɛka a na aka a ɛsɛ sɛ yɛtua no yɛ ɔha mu nkyɛmu enum ne akyire pɔ mmiɛnsa (5.3 percent of GDP) mmom na ɔha mu nkyɛmu ɛnan ne akyire pɔ nsia (4.6 percent of GDP) na yɛde sii yɛn ani so; ɛnna	The primary balance recorded a deficit of 5.3 percent of GDP against a target deficit of 4.6 percent of GDP; and
0.4011	0.6665	Amannɔne Sika Dodoɔ a Ɔman no wo nso koɔduruu Amɛrika sika ɔpepepem nwoɔtwe ne ɔpepem nsia (US$8.6 billion) a na ɛtumi kra nneɛma bɛyɛ abosome ɛnan ne da koro.	Gross International Reserves was US$8.6 billion, the equivalent of 4.1 months of import cover.
0.4592	0.0029	Afe 2020 mu no, Aban de nhyehyses ahodos Guu apono so a ɔbɛfa so anya sika, a sika a wode bɛkyɛ ɔman no ka ho bi. Na Aban de sii náni so sɛ sika a ɔbɛnya no bɛduru Ghana sika sidi ɔpepepem aduonum mmiɛnsa ne ɔpepem nson (GH¢53.7 billion) na yei na ɔde bɛtu dwumadie ne mpontunnwuma ahodos ho anammon.	2 | Government of Ghana - 2021 Citizens’ Budget PERFORMANCE OF REVENUE AND EXPENDITUTRE IN 2020 Revenue Performance In the 2020 Budget, Government listed measures to mobilise revenue and grants of GH¢53.7 billion to implement programmes, projects, and policies.
0.3749	0.0547	Ɔpenimma bosome baa awiees wo afe 2020 mu no, na yɛn nsa aka Ghana sika dodoɔ ɔpepepem aduonum enum ne ɔpepem baako (GH¢55.1 billion) a na boro deɛ yɛde yɛn ani buu sɛ yɛbɛnya no so ɔpepepem baako ne ɔpepem enum (GH¢1.5 billion).	By the end of December 2020, a total of GH¢55.1 billion was generated, exceeding the target by GH¢1.5 billion.
0.3824	0.9546	Yei tumi baa so ɛsiane adwumaden a yɛyɛɛ wo Amannɔne Edwadie ho Etoogyegyee mu a yɛnam Amannɔne Edwadie ho Ntotoeɛ (Integrated Customs Management System -ICUMS) ho anammoɔontuo so maa yɛtumi gyegyee sika dodoo.	This was mainly due to the strong performance achieved in International Trade taxes resulting from the implementation of the Integrated Customs Management System (ICUMS) that ensured a more efficient management and collection of revenues.
0.3171	0.3440	Hyehyespono 1 yi kyerɛ sɛdeɛ na yɛn Sikasɛm tee wo mmeaees ahodos a yɛnya sika firi no wo afe 2020 mu.	Figure 1 shows revenue performance in various categories in 2020.
0.5010	0.0007	Hyehy2spono 1: Sika A Ɛbaa man Fotoɔ Mu firi Ɔpɛpɔn - Ɔpenimma wɔ 2020 mu no ho Tɔfabɔ (Ghana sika wɔ Ɔpepepem mu)	Figure 1: Summary of Revenue Performance for Jan-Dec 2020 ( in Billions of Cedis)
0.4333	0.4482	Sika dodoa Ɛtoɔ sikaa ƐEtoɔsikaa Fangone Sika afoforɔ Sika Aban nya ne ɛmfiri fango ɛmfiri fango Mframagya (ESLAne akyesdee Sika sika mu sika mu Sika SSNIT akyɛdeɛ ntetohs a ɛkɔ NHIL	Total Revenue & Grants Non-oil Tax Revenue Non-Oil Non-Tax Revenue Oil and Gas Receipt Other Revenue (ESLA & SSNIT to NHIL) Grants Rev. Budget Prov.outturn
0.4170	0.8984	Dwuma A Yɛde Sika Dii Bosome Ɔpenimma baa awieeɛ wɔ afe 2020 mu no, na Aban de Ghana sika sidi ɔpepepem ɔha baako ne ɔpepem baako (GH¢100.1 billion) adi dwuma a ɛka a na ɛwɔ ho dada ansa na Aban no reba no nso ka ho, wo ɛberɛ a, na yɛde asi yɛn ani so sɛ yɛde Ghana sika sidi 3pepepem aduɔkron nson ne ɔpepem nson (GH¢97.7 billion) na yɛde bɛdi dwuma.	3 | Government of Ghana - 2021 Citizens’ Budget Expenditure Performance By end-December 2020, Government had spent a total of GH¢100.1 billion on Expenditures (including arrears clearance), against a target of GH¢97.7 billion.
0.3821	0.6958	Bosea ho nsiho ne Ɛka afoforɔ a na ystua no dee, ammoro yɛn so.	Interest and Other Expenditure where within target.
0.1222	0.8047	Sika ahodos a yɛtuaa no wo dwumadie afoforɔ ho no nyinaa boroo des na yɛde ani abu sɛ yebestua, sɛdeɛ Hyehyɛpono 2 kyerɛ no.	All other expenditure items exceeded the 2020 targets, as seen in Figure 2. The high performance in some of the expenditure lines were due to the following, amongst others:
0.3769	0.0008	Deɛ ɛmaa sika a yɛtuaa no kɔɔ soro wo dwumadie no bi mu no ne deɛ ɛdidi soɔ yi: Apɔmuden adwumayɛfoɔ dodos a yɛfaa wɔn wɔ adwuma mu, sika a yɛtua maa apɔmuden adwumayɛfoɔ a na wɔgyina “akono” wɔ yadeɛ	Increased recruitment of health professionals, allowances to frontline health workers, and the increase in the retirement age of military officers under Compensation of Employees;
0.6945	0.0008	COVID-19 yadeɛ kontonkurowi ho ɛka afoforɔ bi a ɛfa Adwadeɛ ne Dwumadie ahodov bi ho; ɛnna	COVID-19 related spending under the Use of Goods and Services; and
0.6844	0.0010	COVID-19 yade kontonkurowi ho mpontunnees ho dwumadie a yebo ho ɛka wo Mpontunnwuma ho eska mu no.	COVID-19 related-infrastructure projects under Capital Expenditure.
0.3536	0.0173	Ɛhia sɛ yehye no nso se, Aban boɔ bosea a ɛduru Ghana sika sidi 3pepepem aduanan snan ne ɔpepem nkron (GH¢44.9 billion) de kaa sika dodos a Aban nyaees ne des wode kyse yɛn a ɛyɛ Ghana sika sidi 3pepepem aduonum enum ne ɔpepem baako (GH¢55.1 billion) no ho na ɔde tuu nneɛma ahodos no ho anammɔn wo afe 2020 mu.	It is important to note that Government borrowed an amount of GH¢44.9 billion in addition to the total revenues and grants of GH¢55.1 billion in order to implement planned expenditures in 2020.
0.5109	0.0204	Hyehyspono 2: Dwuma A Yɛde Sika Dii firi 9pepɔn kɔsi Ɔpenimma wɔ 2020 mu no ho Tɔfabɔ (Ghana Sika wɔ Ɔpepepem mu)	Figure 2: Summary of Expenditure Performance for Jan-Dec 2020 ( in Billions of Cedis)
0.2051	0.0041	"Sikasema ensisiso ""g 271 Ɛka F 1.44 Dwuma afoforsa yɛde sika Diiɛ BE 12.18 12.08 — 14.09 Mpontunnwumaho ɛka BF 9.33 Sika a wɔde maa aban nnwuma BE i 11.88 Nsiho-tua B 26.27 Adwadesne akadesgho sika E 7.39 Adwumayefos akatua m 100.53 Sika dodov a yɛde dii dwuma (ne eka... E Prov Outturn E Revised Budget"	Total Expenditure (incl. arrears… Compensation of Employees Use of Goods and Services Interest Payments Grants to Other Government Units Capital Expenditure Other Expenditure Arrears Discrepancy Prov Outturn Revised Budget
0.5600	0.0036	Bosome Ɔpenimma kɔɔ awieeɛ wo afe 2020 mu no, na ska dodov a Ɔman yi de no yɛ Ghana sika sidi oọpepepem ahanu aduɔkron baako ne ɔpepem nsia (GH¢291.6 billion) a wode ko Amɛrika sika mu a, £ye dɔla ɔpepepem aduonum ne ɔpepem nwɔtwe (US$50.8 billion), a ɛyɛ Ɔman yi mu adwadeɛ nyinaa mu ɔha mu nkyɛmu aduvɔson nsia ne 4 | Ghana Aban - 2021 Ɔman Mma Sikasɛm Nhyehysee	4 | Government of Ghana - 2021 Citizens’ Budget Public Debt Developments for 2020 The debt stock as at end-December 2020 stood at GHȼ291.6 billion (US$50.8 billion), representing 76.1 percent of GDP.
0.3340	0.0007	Ogya-Ahoɔden (Independent Power Purchase- IPPs) ho ɛka nyinaa Yɛyi ɛka a na ɛwɔ sikakorabea ahodoɔs mu no firi ho a, na anka	This ratio includes the money Government raised to pay for the financial sector bailout and the energy sector Independent Power Purchase (IPPs) capacity charges.
0.6787	0.0006	Ɛka a yɛde wo 2020 mu wɔ Ɔman yi mu adwadeɛ nyinaa ho no yɛ ɔha mu nkyɛmu aduson baako ne akyire pɔ enum (71.5 percent of	Without the financial sector bailout, the 2020 debt stock was 71.5 percent of GDP.
0.3021	0.0008	Ɔman ska no mu nkyekyɛmu na ɛdidi soɔ yi:	The breakdown of the debt stock is as follows:
0.6063	0.1315	Amannɔne ska: Amannɔne eska a yɛde no yɛ ɔpepepem ɔha aduanan baako ne ɔpepem nson (GH¢g141.7 billion) a wode kɔ Amɛrika sika mu a, ɛyɛ dɔla ɔpepepem aduonu gnan ne ɔpepem nson (US$24.7 billion), yei yɛ ɛka dodo a yɛde no mu ɔha mu nkyɛmu aduanan nwɔtwe ne akyire pɔ nsia (48.6 percent); ɛnna	External debt: GHȼ141.7 billion (US$24.7 billion) representing 48.6 percent of the total debt stock; and
0.6031	0.9678	Ɔman yi mu eka: Ɛka a yɛde wɔ Ɔman yi mu no yɛ ɔpepepem ɔha aduanan nkron ne ɔpepem nwɔtwe (GH¢149.8 billion) a wode ko Amɛrika sika mu a, ɛyɛ dɔla ɔpepepem aduonu nsia ne ɔpepem baako (US$26.1 billion), yei yɛ ɛka dodos a yɛde no mu ɔha mu nkyɛmu aduonum baako ne akyire pɔ ɛnan (51.4 percent).	Domestic debt: GHȼ149.8 billion (US$26.1 billion) representing 51.4 percent of the total debt stock.
0.5579	0.9360	2021 Sikasɛm NHYEHYƐEƐ NE Ɔman NO Sikasɛm Nnesma a cma Ɔman Sikasɛm gyina a yɛde ani abu s£ yɛbɛnya wɔ 2021 mu	2021 BUDGET AND THE ECONOMY
0.6226	0.0006	Aban Sikasɛm ho nhyehyses ne anammɔntuo ahodo»v (stoo ne sika a yɛde di dwuma ho gyinaessie ahodoɔ) no wo nsunsuansos pa ara wo sedes yɛn Sikasɛm bɛyɛ wo animanim yi ara mu no so. 2021 Sikasɛm Nhyehyɛeɛ yi gyina nneɛma a ɛma Ɔman Sikasɛm gyina a yɛde ani abu sɛ yɛbɛnya anaa nnyinasoɔ ahodov ɛdidi soɔ yi so:	Macroeconomic Targets for 2021 Government’s fiscal policies and actions (i.e. tax and decisions on spending) affect economic performance within the medium-term.
0.1957	0.0007	Ɔman yi mu adwadeɛ nyinaa kankorɔ ɔha mu nkyɛmu enum ne akyire pɔ hwee (Real GDP growth of 5.0%);	The 2021 Budget is underpinned by the following macroeconomic targets or indicators:
0.2415	0.0007	Ɔman yi mu adwadees a Fango nka ho kankorɔ ɔha mu nkyɛmu nsia ne akyire pɔ nson (Non-Oil Real GDP growth of 6.7%);	Overall Real GDP growth of 5.0 percent; Non-Oil Real GDP growth of 6.7 percent;
0.1359	0.0008	Ɔpenimma bosome mu nneɛma boɔ-soroko- ɔha mu nkyɛmu nwɔtwe (8.0%);	End-December inflation of 8.0 percent;
0.6277	0.0009	Sika a ysadi aboro deɛ yɛwɔ so- ɔha mu nkyɛmu nkron ne akyire pɔ enum (9.5 % of GDP);	Fiscal deficit of 9.5 percent of GDP;
0.6109	0.0006	Sika dodoɔ a yesbehia de asɔ deɛ ysagyegyee so- ɔha mu nkyɛmu baako ne akyire pɔ mmiɛnsa (1.3 % of GDP); ɛnna	Primary deficit of 1.3 percent of GDP; and
0.1920	0.3328	Amannɔne Sika Dodoɔ a ɛsɛ sɛ yɛnya de kra nneɛma bɛyɛ abosome enan. 5| Ghana Aban - 2021 Ɔman Mma Sikasɛm Nhyehysee Óla	Gross International Reserves to cover not less than 4.0 months of imports of goods and services.
0.5399	0.0011	Aban ani da kwan sɛ sika dodos a ɔbɛtumi agyegye ne deɛ wode bɛkyɛ yɛn no nyinaa bɛduru Ghana sika sidi oɔpepepem aduɔson mmienu ne ɔpepem enum (GHÇ¢72.5 billion) wo 2021 mu. Sika dodoɔ a ani da kwan sɛ £beba no na ysakyerekyere mu wo Hyehyespono 3 a ɛwɔ aseɛ ha no mu no:	Resource Mobilisation for 2021 Government hopes to collect total Revenue and Grants of GH₵72.5 billion for 2021. A breakdown of the projected resources is as shown in the Figure 3:
0.5312	0.8667	Hyehyspono 3: Sika Dodoɔ A Ani Da EƐkwan Sɛ Yɛbɛnya wɔ 2021 mu no ho Tɔfabɔ (Ghana Sika wɔ Ɔpepepem mu) Sika afoforɔ (ESLA ne SSNIT	5 | Government of Ghana - 2021 Citizens’ Budget Figure 3: Summary of Revenue Projections for 2021 (in Billions of Cedis)
0.6891	0.3779	ƆMAN SIKANYA HO NHYEHYƐEƐ AHODOƆ Aban ayɛ sikanya ho nhyehysee ahodoɔ wɔ 2021 Sikasɛm Nhyehyɛeɛ yi mu a ɔnam so bɛnya sika ama mpontuo ayɛ ntemnem nam so aboa ama ysaso COVID-19 yadeɛ kontonkurowi ho nsunsuansos no ano.	REVENUE MEASURES Government has introduced a number of revenue measures in the 2021 Budget to accelerate development and mitigate the impact of the COVID-19 pandemic.
0.3737	0.0006	Sikanya ho nhyehyses ahodovs no na ɛdidi soɔ yi:	These revenue measures are as follows:
0.6845	0.0008	COVID-19 Apɔmuden Ho £to a ɛyɛ ɔha mu nkyɛmu baako a Ɛbɛkɔ Apɔmuden Nsiakyibaa Ho Ɛtoɔ no mu ɛnna VAT Ɛtoɔ nso mu ntomu ha mu nkyɛmu baako;	A COVID-19 Health Levy of a one percentage point increase in the National Health Insurance Levy and a one percentage point increase in the VAT Flat Rate;
0.7325	0.8477	Ahonnidie ne Efi Ho Ɛtoɔ (Sanitation and Pollution Levy-SPL) a ɛyɛ mpesewa edu (10 pesewas) wo Petro/Desel biara so a ɛhyɛ Ogya- Ahoɔden Ɛtoɔ ho Mmara (Energy Sector Levies Act - ESLA) no ase, na yɛnam saa stoo yi so betoto Ahonnidie ho nsɛm ama adi mu, mpontuo bɛba asetenam na ysate nnipa dodoɔ a wɔyare anaa wowuwuo ɛsiane efi enti no SO;	A Sanitation and Pollution Levy (SPL) of 10 pesewas on the price per litre of petrol/diesel under the Energy Sector Levies Act (ESLA) to ensure sustainable sanitation management, improve the quality of life, and reduce the number of deaths and diseases from poor sanitation;
0.2119	0.1047	Ogya-Ahooden Nkanyan ho Ɛtoɔ (Energy Sector Recovery- Delta Fund) a ɛyɛ mpesewa aduonu wo lita/desel biara so, na yei hyɛ ESLA nhyehyses no ase a sbeboa ama yɛatua ogyaahoɔden ho ɛka a ɛfiri Ogya-Ahooden ho Apam ahodoɔs a ɛkɔɔ so wo bere a na mfidie a ska saa Apam ho no nys adwuma;	An Energy Sector Recovery (Delta Fund) Levy of 20 pesewas per litre on petrol/diesel under the ESLA to pay for capacity charges resulting from Power Purchase Agreements when the plants involved were idle or unutilised;
0.6549	0.9170	Sikakorabea Nnwuma mu nsiesie ho stoo- ɔha mu nkyɛmu enum wɔ sikakorabea ahodoɔ no mfasoɔ so ansa na yɛate stoo (5 % on profit-before-tax) na yɛde saa sika yi bɛtua ɔmanfoɔ sika dodo a aka mu wɔ sikakorabea nnwuma a aguo no mu.	A financial sector clean-up levy of 5 percent on profit-before-tax of banks to help defray outstanding commitments in the financial sector.
0.5411	0.0007	Yɛbɛyɛ nsakraeɛ wo yei mu wɔ afe 2024 mu;	This will be reviewed in 2024; Total Revenue & Grants Tax Revenue Tax Revenue (non-oil) Non-Tax Revenue (non-oil) Oil Revenue Other Revenue (ESLA & SSNIT to NHIL) Grants
0.3759	0.0006	Sikasɛm Asosee ne Amannwoees Asoesee no bɛka abom ahwɛ akradee ho dwumadie so na wɔne nnwumakuo a wɔdi akotene wo saa dwumadie yi mu bɛdi nsawɔsoɔ nam so ahyehyɛ akwanhodoɔ a wɔbɛfa so anya sika wo akradee ho dwumadie yi mu; ɛnna afei	Ministry of Finance and Ministry for the Interior to co-supervise the gaming industry and consult with stakeholders to formulate a comprehensive policy to improve revenue mobilisation from gaming activities; and
0.7249	0.0045	Yɛbɛyɛ nsakraes wo sika a yegyegye wɔ Lɔrekwan so stoð mu ama ɛne ɛnnɛ mmerɛ yi mu nneɛma bɔɔs ayɛ pɛ sɛdeɛ Sikatua Ahodoɔ ho Mmara (Fees and Charges -Miscellaneous Provisions)- Act, 2018 (Act 983) a ɛma skwan ma yeshyehye Lɔrekwan so ɛtɔ kyerɛ pɛpɛɛpɛ no, na ɛnam yei so ama yɛanya afe biara mu sikatua mu nsakraeɛ a ɛfata a ɛne afe biara mu nneema-boo sorokɔ a Ghana Asetenam Nkontabuo Adwumakuo (Ghana Statistical Service) de bɛto edwa no siae so.	Review existing road tolls and align them with current market rates and amend the Fees and Charges (Miscellaneous Provisions) Act, 2018 (Act 983) that governs the setting of Rates and Tolls to accommodate an automatic annual adjustment that will be pegged to the previous year’s average annual inflation as published by the Ghana Statistical Service.
0.3895	0.0013	Aban ayɛ sɛ afe 2021 yi mu no, ɔde Ghana sika dodoɔ sidi ɔpepepem ɔha ne dumiɛnsa ne ɔpepem nwɔtwe (GHÈ113.8 billion) na ɛbɛdi dwuma sedes Yɛakyerɛkyerɛ mu wo Hyehyɛpono 4 a ɛwɔ ases ha yi mu no. Sika a aka a ɛsɛ sɛ Aban nya de sɔ deɛ ɔbɛgyegye no so no bɛfiri amannɔne ne ɔman yi ara mu boseabo.	Resource Allocation for 2021 Government in 2021 proposes to spend a total amount of GH₵113.8 billion as shown in Figure 4. The deficit of GH₵41.3 billion will be financed by borrowing from the international and domestic markets.
0.6861	0.5640	Hyehyspono 4: Dwuma Ahodo»s A Yɛde Sika Bɛdi Ne Sedes Yzakyekys mu wɔ 2021 mu (Ghana Sika wɔ pepepem mu)	Figure 4: Expenditure Items and their allocations for 2021 ( in Billions of Cedis)
0.1767	0.0345	Ɛka a yɛbɛtua I 3.7 Dwuma afoforɔ a yɛde sika bɛdi EEE 38.4 Sika a wode bɛma aban nnwuma MEE 18.1 Nsiho-tua E 35.9 Mpontunnwuma ho ɛka B 11.4 Adwadeɛ ne akade ho sika E 6.0 Adwumayesfoo akatua E 30.3	Total Expenditure Compensation Goods & Services Capital Expenditure Interest Payments Grants to Other Govt Units Other Expenditures Arrears Clearance
0.3872	0.9326	Sika dodoɔ a yɛde bɛdi owuma COVID-19 YADEEƐ KONTONKUROWI HO NSUNSUANSOO, YADEƐ NO ASETUO HO NHYEHYƐEƐ AHODOƆ ƐNNA GhanaCARES (OBAATAN PA) DWUMADIE NO	7 | Government of Ghana - 2021 Citizens’ Budget IMPACT OF COVID-19 PANDEMIC, MITIGATING MEASURES AND THE GhanaCARES (OBAATAN PA) PROGRAMME
0.6594	0.1094	Saa ɔfa yi da COVID-19 yadeɛ kontonkurowi ho nsunsuansoɔ wo ewiase ne Ghanaman titire so no adi.	This section highlights the impact of COVID-19 Pandemic on the global economy in genera,l and Ghana in particular.
0.3339	0.8809	Afei, esane kyerɛ nhyehysee ahodoɔ a Aban afa so a ɔde bɛsɔ nsunsuansoos yi ano na wabre saa nsunsuansos ahodoɔ yi ano ase.	It also discusses the measures taken by Government to address and reduce these impacts.
0.6941	0.9590	COVID-19 Yade: Kontonkurowi ho Nsunsuansoɔs COVID-19 yadeɛ kontonkurowi a ɛtɔ hyse ewiase so wo ɛberɛ a na aka kakra ama afe 2019 ako awieeɛ no de nsunsuansoɔ baa fidua biara so, adwumakuo biara so ɛnna mpo ewiase aman nyinaa Sikasɛm so.	Impact of COVID-19 Pandemic The COVID-19 pandemic that hit the entire world in the later part of 2019 had a major impact on nearly every household, business, and the economies wolrdwide.
0.3229	0.0009	Sikasɛm ho dwumadie ahodoɔ yss basaa, wɔyiyii nnipa adi firii nnwuma mu, ɔmanfoɔ hweree sika na dwumadie ahodos a anka ɛde sika bebre manfo no gye guie.	It distorted economic activities, resulting in layoffs, loss of income, and worsened economic prospects.
0.6371	0.0011	Dees ɛka yei ho nso ne se, ewiase nnipa bɛboro ɔpepem mmienu ne mpem nsia (2.6 million) na abɛto edwa sɛ woahwere wɔn nkwa.	In addition, over 2.6 million deaths has been recorded globally.
0.1761	0.9302	8 | Ghana Aban - 2021 Ɔman Mma Sikasɛm Nhyehysee Ghanaman mu no, na nnipa dubaako na wɔnya yadeɛ no bi nnawɔtwe biara, na yei kɔɔ soro kɔduruu nnipa ahanson ne aduowoɔtwe baako wɔ Kutawonsa bosome mu wɔ nnawɔtwe a etwa too no mu wo 2020 mu, na esso te kɔduruu ha ne ɛnan wo Ɔpenimma bosome mu wo nnawɔtwe a etwa tod no mu wɔ 2020 mu.	In Ghana, infections increased from a weekly average of 11 persons to a peak of 781 infections in the last week of July 2020, declining to 104 cases in the last week of December 2020. In 2021, a new wave of infection was recorded and this saw an average rise from 99 in the first week of January to 880 by the week of 5th February.
0.1837	0.5361	ƐEsiane sɛ Aban pɛ sɛ ɔko tia yadeɛ mmoawa no enti, ɔde akoneabadie ho hyɛ too ɔmanfoɔ so sɛ obiara nhyɛ ɛdan mu, na yei nyaa nsunsuansoɔ bɔne wo Ɔman no asocsee titire mu dwumadie dodos no ara so, titire ahohoye, kuadwuma, apomuden, akwantuo, adwade2yɔ, adansie, sikakorabea ne nwomasua nnwuma so.	In an effort to contain the virus, Government imposed restrictions on the good people of Ghana and this affected businesses in key sectors of the economy, notably hospitality, agriculture, health, transportation, manufacturing, real estates, financial, and education sectors.
0.3635	0.0007	Akwantuo mu adwumayefos, ahyenkafoo ne “tro-tro” mu ameetifoo ɛnna ankorankorɛ nnwuma mu adwumayɛfoɔ a wɔnni Aban nwoma mu na wọnni asetenam Aboadeɛ biara no ho kyeree wɔn yie wo saa akoneabadie ho ɔhye a Aban de too ɔmanfoɔ soɔ no mu.	Transport workers, drivers and conductors of “tro-tros”, and other groups in the informal sector who do not have access to social benefits were hard hit by the restrictions imposed.
0.3801	0.0055	Ewom s£ na ohye no bɛboa ama yadeɛ mmoawa no asetre ano abrɛ ase, nanso ɛmaa adwadeɛ ne asetenam akades ahodoɔ a ɔmanfoɔ hia de abɔ wɔn bra no so tee pa ara.	Although the restrictions were critical in containing the virus, it also led to drastic reduction in the demand for many goods and services.
0.3978	0.0016	Yɛde yɛn ho toto Abibirem Atɔeɛ aman ahodov no ho a, Ghana Aban de akokoɔduru tuu anammɔn pa a ɔde sɔd yadeɛ mmoawa no asetre ano na gnam so maa URRI: $ amansan kamfoo Aban no wo Sa saa anammɔn ahodoɔ a ɔtuu wo yadeɛ yi ho na yei hyɛɛ Aban nkuran ma ɔyee bi kaa ho.	Compared to our peers in the sub-region, the bold measures taken by the Ghana Government to contain the spread of the virus were lauded by some sections of the International Community, which urged us to do even more.
0.1405	0.0453	Ewiase Sikakorabea mmoa so Yade mmoawa asetɔre dwumadie no bi 9 | Ghana Aban - 2021 Ɔman Mma Sikasɛm Nhyehysee	8 | Government of Ghana - 2021 Citizens’ Budget As an additional response, Government, with support from the World Bank, developed the US$100 million National COVID- 19 Emergency Preparedness and Response Plan (EPRP) that focused on strengthening the national capacity for surveillance, diagnosis, and case management as anchored on the 3Ts–Testing, Tracing and Treatment.
0.3579	0.6919	Asentire: “Yebewie dwumadie ama asez atim na yzatoa des aka so nam so akanyan ɔman sikasem”	Government also provided some relief packages in the following areas:
0.1916	0.0008	Aban sane de nneɛma ahodos a ɛma ɔmanfoɔ kɔn mu dwo wɔn no maa manfo sɛdeɛ ɛdidi soɔ yi: ° Aban boaa ankorankorɛ nnwuma seedee worenyi wɔn adwumayefos adi na wɔn abusuafoo ho nkokyere wɔn wo ɛberɛ a wọgu so rekɔ tia yade no ho haw no;	Assisted businesses to retain their workers and support families as they confronted the crisis;
0.6865	0.0007	Aban tuaa anyinam nkanea ho ska maa ɔmanfov firi Oforisuo mu de kɔsii Ɔpenimma mu wɔ afe 2020 mu, na ɔde nnuane maa mmɔborɔwafoɔ wɔ ɛberɛ a na akoneabadie ho ɔhye da manfo so no mu;	Subsidised the cost of electricity from April to end-December, 2020 and provided food rations to vulnerable groups during the partial lockdown;
0.4287	0.0008	Aban maa nnipa ɔpepem baako, ahanwoɔtwe ne aduonu nson, ahanum ne aduɔwɔtwe baako (1,827,581) wo Nkran ɛnna nnipa Ahankron ne dunson, ɔha	Provided 1,827,581 and 917,142 cooked food packs to vulnerable and underprivileged persons within Accra and Kumasi, respectively;
0.1957	0.0009	Kumase a wọnni bie no Aban ne 3som Akuhodoɔ bi ka bɔð mu de nnuane komaa fidua ahodoɔ apem ahanan ne aduɔson wo csbere a na akoneabadie ho ɔhye da amanfoo soɔ no mu;	Distributed dry food packages to about families during the period of the partial lockdown in partnership with Faith-Based Organizations;
0.7168	0.0007	Aban nam Ghana Water Company Limited so de nsuo kyse Ghanafoɔ ɔpepem edu, mpem ɔha ne aduonu enum, ahansia ne aduonu (10,125,620) wo saa sbere koro no ara mu;	Free water supplied by Government through the Ghana Water Company Limited to the benefit of 10,125,620 Ghanaians;
0.1824	0.2722	Asentire: “Yebewie dwumadie ama ases atim na ygzatoa des aka so nam so akanyan sman sikasem”	Evacuated Ghanaians stranded abroad due to the travel and movement restrictions under the ‘Operation Return Home’ Programme; Ongoing fumigation exercise Free water for all
0.0455	0.0007	Aban nam ‘Bra Efie ho Dwumadie’ ‘Operation Return Home’ nhyehyses no so boa maa Ghanafoɔ a na ɛsiane akwantuo ne akoneabadie so ɔhye wɔ ɛberɛ a na COVID-19 yadees kontonkurowi yi rekɔ so enti na wɔwɔ ahokyere mu wɔ akwantuo mu no ma wobaa efie;	9 | Government of Ghana - 2021 Citizens’ Budget
0.6531	0.0008	Aban tuu anammɔn bɔv Fotoɔ a yɛato edin Coronavirus Asetɔre Nhyehyɛeɛ A Ɛfa Nnwuma Mu Mmoa Ho (Coronavirus Alleviation Programme Business Support Scheme -CAP-BuSS) de Ghana sika sidi ɔpepem ahanson aduonum (GH¢750 million) hyse aseɛ a botaeɛ ne sɛ ɛbɛboa Nnwuma Nketewa, Adantam ne Akɛseɛ Kakra (Micro, Small and Medium-Sized Enterprises-MSMEs) ama wɔatumi agyina yadeɛ kontonkurowi ho nsunsuansos no ano na yei mu no, nnwuma ahodoɔ mpem ahanu aduɔson nson ne ahanum ne dubaako (277,511 businesses) nyaa mmoa a sika a skoo mu no yɛ ɔpepem ahanan ne dummienu ne mpem aduoọowotwe nwɔtwe (GH¢412.88 million); ɛnna afei	Implemented the GH¢750 million Coronavirus Alleviation Programme Business Support Scheme (CAP-BuSS) to reduce the impact of the pandemic on Micro, Small and Medium-Sized Enterprises (MSMEs), and disbursed about GH¢412.88 million to support 277,511 businesses; and
0.6727	0.0077	Aban boɔ Ɔman COVID-19 Ho Fotoɔ (COVID-19 National Trust Fund) a ɔpe£ Ghana sika sidi oọpepem aduonum nson ne mpem dumiɛnsa (GH¢g 57.13 million) too mu a Ɛduruu Ɔpenimma 31 2020 mu no, na yɛde emu ɔpepem aduanan enum ne mpem aduonu mmienu (GH¢45.22 million) adi dwuma a Ebi ne yadeɛ no anosie ho akadeɛ (PPEs) a ystotoese ne ayaresa ho nneɛma a yɛde kɔɔ ayaresabea ahodoɔ a wɔhwɛ COVID-19 ho nsem, nnuane a yɛde maa wɔn a wɔanyini, mmoborowafos ne ahiafoɔ ɛnna ahyɛn a yetoto maa Ayaresabea ahodoɔ a wosa COVID- 19 yadees kontonkurowi yi wo ho (COVID-19 Treatment Centres) ɛnna anammɔntuo afoforɔ a keka ho.	Established COVID-19 National Trust Fund, where GHȼ 57.13 million was mobilised out of which GHȼ45.22 million was utilised as at 31st December, 2020 to provide PPEs and other medical supplies to COVID-19 selected institutions, distribute food items to the aged, vulnerable, and needy persons, provide vehicles to selected COVID-19 Treatment Centres, amongst others.
0.6984	0.0008	COVID-19 ho mmoa wɔ 2021 mu: Aban bɛhyɛ aseɛ de nhyehysee ahodoɔ a ɛdidi soɔ yi adi dwuma wɔ afe yi mu de aboa ɔmanfoɔ binom, titire wɔn a yadeɛ kontonkurowi no kaa wɔn pa ara no ama wanya ahoto kakra:	COVID-19 Support in 2021: Government will roll out the following additional reliefs in 2021 for different sections of the population, especially those hardest hit by the pandemic:
0.3791	0.0019	EƐtoɔtua so ntesoɔ: Aban Bɛte mfasoɔ so stoo aduru ɔha mu nkyɛmu aduasa (30% tax rebate) ama nnwumakuo a wɔwɔ ahɔhoyɛ ne nnuaneton, nwomasua, Adwinnie ne anigyee, akwantuo ne Nsrahwɛ dwumadie mu no wo afe 2021 yi mu wo abosome mmiɛnsa a £to so mmienu, mmiɛnsa ne ɛnan no mu;	Tax Rebate: Provision of a tax rebate of 30 percent on the income tax due for the second, third, and fourth quarters of 2021 for companies in the hotels and restaurants, education, arts and entertainment, and travel and tours sectors;
0.2923	0.0007	11 | Ghana Aban - 2021 Ɔman Mma Sikasɛm Nhyehysee Óla Adwade2: so toɔ3: Aban beyi stoo a nnwumakuo nketewa tua wo wọn adwadeɛ a woɔton so no afiri ho wo afe yi mu wɔ abosome mmiɛnsa a ɛtɔ so mmienu, mmiɛnsa ne snan no mu ama wɔn kɔn mu adwo won;	Tax Stamps: Suspension of quarterly income tax instalment payments for the second, third, and fourth quarters of 2021 for small businesses using the income tax stamp system;
0.1687	0.0007	Ahysn ho Mfasoɔ so Etos: Aban beyi abosome mmiɛnsa biara stoɔ a tro-tro ne taksi wuranom tua no afiri ho wo afe yi mu wo abosome mmiɛnsa a ɛtɔ so mmienu, mmiɛnsa ne ɛnan no mu sɛdeɛ ebesyes a ahyentuadee so Bɛte kakra; ɛnna	Vehicle Income Tax: Suspension of quarterly instalment payments of the vehicle income tax for the second, third, and fourth quarters of 2021 for trotros and taxis as part of measures to reduce the cost of transportation; and
0.3839	0.0009	Ebers a wɔde ayi nsiho-tua afiri ho no mu ntwemu sedes gbeye nkuranhyɛ ama adwadifoɔ na wɔatua :toð a wɔntuaes: Aban ayi asotwe ho sikatua ne nsiho a ɛwɔ ɛtɔ a nnwumakuo ne ankorankorɛ ntuaes bɛsi Ɔpɛnimma bosome wo 2020 mu no afiri ho. Yei yɛ nhyehyses a sebeboa nnwumakuo ne ankorankorɛ ama wɔatumi atua wɔn sika botene no nko ara wo afe yi mu wo bosome Ɛb mu.	Extension of the waiver of interest as incentive for early payment of accumulated tax arrears: A waiver of penalty and interest on accumulated tax arrears up to December 2020 to reduce cash flow challenges for companies and individuals who arrange terms with GRA to pay up the principal by September 2021. Beneficiaries of these reliefs will have to be registered with the Ghana Revenue Authority and must have fulfilled their first quarter tax obligations.
0.3546	0.4937	Nkanyan HO MMOA (OBAATAN PA) DWUMADIE NỌ Ghana Aban daa dwumadie bi a yato edin sɛ Ghana COVID-19 Asetɔre Ne Ankorankorɛ Nnwuma Mu Nkanyan ho Mmoa (Ghana COVID-19 Alleviation and Revitalization of Enterprises Support- Ghana CARES) no adi wo Obubuo bosome da a ɛtɔ so 20 wɔ afe 2020 mu.	10 | Government of Ghana - 2021 Citizens’ Budget THE GhanaCARES (OBAATAN PA) PROGRAMME Government launched the Ghana COVID-19 Alleviation and Revitalization of Enterprises Support (Ghana CARES) programme on 20th November 2020, to reduce the impact of the pandemic and provide the framework to recover quickly with a stronger and more resilient economy.
0.3952	0.0027	Saa dwumadie yi botaes ne sɛ ebebre yadeɛ kontonkurowi ho nsunsuansos no ase na aboa nnwuma ama wode nhyehyeees pa adi dwuma ama wɔatumi agyina wɔn nan so ntɛm pa ara na ɛnam so ama Ɔman yi Sikasɛm nso atu mpon.	It is, indeed, a bold vehicle to transform Ghana’s economy to a buoyant, industrialised, prosperous, and more resilient one to better address the fundamental needs of all Ghanaians.
0.2850	0.4998	Nokwasem ne se, yei yɛ akokoɔduru kwan a yɛbɛtumi afa so asakra Ghanaman Sikasɛm mu ama agyina yie, ama mfidinnwuma aba, yiedie bɛba na Ɔman yi ade ne ho nam so atumi asɔ Ghanafoɔ nyinaa ahiadeɛ mapa ano ama won.	Ghana CARES is anchored on rapidly increasing productivity to fasttrack recovery and engender the creation of decent employment.
0.1990	0.0015	Ghana COVID-19 Asetɔre Ne Ankorankorɛ Nnwuma Mu Nkanyan ho Mmoa (Ghana CARES) dwumadie yi nnyinasoɔ ne sɛ nnwumakuo bɛkanyan wɔn ho adi dwuma ama adwadesyo ayɛ ntɛm so sedes 12 | Ghana Aban - 2021 Ɔman Mma Sikasɛm Nhyehysee Óla	Through CARES, Government is resolute that economic revitalisation and growth will be driven by productivity and create new and better paying jobs, particularly in the private sector.
0.3809	0.0039	Ɔman no bɛsane asi ne dada mu na yɛn nsa aka deɛ yɛahwere no, nam so ama nnwuma abu so ama manfo anya bi aye.	The key projects and programmes that will be implemented under the Ghana CARES Programme include:
0.3418	0.0016	Wɔbeboa ama kuadwuma ase atrɛ na ayɛ akɔnno na ɛnam so ama mmabunu a wɔasua nwoma ani agye ho sɛ wɔbɛkɔ kuadwuma mu;	Supporting commercial farming and attracting educated youth into commercial farming;
0.3147	0.0008	Wobebuebue mfidinnwuma ne adwadesyo nnwuma nketewa wo Ghanaman mu;	Building Ghana’s light manufacturing sector;
0.3766	0.0012	Wobsboa ama mfidie ho nimdeɛ ne abesfo nkutahodie nnwuma atu mpɔn wɔ Ɔman yi mu;	Developing engineering/machine tools and ICT/digital economy industries.
0.2534	0.0009	Wobehwe sɛ abɛɛfo nkutahodie akwanhodoɔ bɛgye nhini ntɛm so na yɛde adi dwuma wo yɛn abrabo mu;	Developing Ghana’s Housing & Construction Industry;
0.4305	0.0009	Wɔbɛma Ghana Afie ne Adansie Adwuma no atu mpon;	Establishing Ghana as a Regional Hub;
0.3886	0.0007	Yebeyes nsakraes anaa yɛbɛma nkanyan aba Aban Dwumadie A Ɛdi Mu no ho anammɔntuo mu; ɛnna afei	Reviewing/improving implementation of Government Flagships and Key Programmes; and
0.1746	0.0025	13 | Ghana Aban - 2021 Ɔman Mma Sikasɛm Nhyehysee Óla MPONTUO A AKƆ SO WƆ ASOƐEƐ AHODO9 NO MU NE SƐDEƐ ETEE SEESEI	Establishing the Development Bank of Ghana to finance the growth and development agenda under the Ghana CARES Programme.
0.3795	0.0933	Saa ɔfa yi kasa fa mmɔden a asogee ahodoɔ binom boɔ wɔ afe 2020 mu, sane da dwumadie ne nhyehyesees a ɛgu akwan mu ma wọn wo afe 2021 mu adi. Ghanaman Animanim yi mu Mpontuo botaeɛ (Medium-Term National Development Agenda 2018-2021) ne Ghanaman mpempensos a yennko boseabɔ bio (Ghana Beyond Aid Agenda) nhyehysee so na asoesee ahodoɔ no dwumadie ne wɔn nhyehyesee no gyina.	11 | Government of Ghana - 2021 Citizens’ Budget SECTORAL DEVELOPMENTS AND OUTLOOK This section highlights the performance of the key sectors in 2020, as well as programmes and activities planned for implementation in 2021. These programmes and activities are based primarily on Ghana’s Medium-Term National Development Agenda 2018-2021 and the Ghana Beyond Aid Agenda.
0.2710	0.0356	Wɔn dwumadie ne nhyehysee no botaeɛ foforɔ nso ne sɛ ɛbɛma nhyehysees a wato edin ‘Ghana COVID-19 Asetɔre Ne Ankorankorɛ Nnwuma Mu Nkanyan ho Mmoa (Ghana CARES) dwumadie’ (Governments CARES) no awie mudie, na afei asane aboa ama deɛ ɛsi ani so fa Ɔman yi ne Amanaman ntam nsawɔsodie ho wo Amanaman Nkabom Ekuo Anisoadehunu 2030 (UN Agenda 2030) (SDGs) ne Abibiman Nkabom Ekuo anisoadehunu 2063 (African Union Agenda 2063) ho no aba mu.	The programmes also aim to attain the objectives under Government’s CARES programme as well as targets arising from our international commitments with regard to the UN Agenda 2030 (SDGs) and African Union Agenda 2063.
0.3799	0.5117	ASOƐEEE A ƐHWEƐE Nnuane NE KUADWUMA SO am E Di i ” Adwadifoɔ mmaa a wɔretɔn nnɔbaes	MINISTRY OF FOOD AND AGRICULTURE Market women selling farm produce
0.7243	0.9824	Nnuane ne Kuadwuma Asosee no kɔɔ so de Ɔman Kuadwuma mu Mpontuo Ho Dwetire a ɛma Nnuane ne Nnwuma Bu so nhyehysees (National Agricultural Investment Plan-Investing for Food and Jobs (IFJ, 2018-2021) no dii dwuma ahodoɔ de bree ohia ano ase, sane faa Sikasɛm Kankorɔ nhyehyses so maa nnwuma a ɛdi mu baee.	The Ministry of Food and Agriculture continued to roll out activities in the National Agricultural Investment Plan-Investing for Food and Jobs (IFJ, 2018-2021) to reduce poverty and provide decent work through economic growth.
0.6538	0.0007	2020 mu no, Aban dii dwuma ahodoɔ a ɛdidi soɔ yi:	In 2020 Government undertook the following programmes:
0.6850	0.0006	Akuafoɔ dodo ɔpepem baako, ahanson aduasa nsia, ahanum ne edu (1,736,510) nsa kaa ɔyɛasaseyie (fertilizer) a woatete ne ɛboɔ so ne aba papa a wode dua ma nnobaees so doso (se ebia aburoo), faa so maa nnwuma dodos puee mu maa nnipa dodov nyaa bi ysee;	1,736,510 farmers benefited from subsidised fertilizers and improved seeds which significantly increased yields on selected crops (e.g. maize), while creating jobs along the commodity value chain;
0.5009	0.9565	Aban too nnwan a wɔn ase dɔre ntɛm mpem nson ahanum (7,500) maa akuafoɔ ahanson aduonum (750) a wɔwɔ Atifi Atoee, Atifi, ne Oti Amantam no mu, sane kyekyse nkokɔmma mpem aduasa (30,000) maa akuafoɔ dodoɔ mpem mmiɛnsa (3,000) a wɔwɔ Atifi Atoee, Apueees, Asante, Atifi ne Nkran amantam no mu.	Procured and distributed 7,500 improved breeding stock of sheep to 750 farmers in the Upper West, Northern, and Oti 12 | Government of Ghana - 2021 Citizens’ Budget Regions, and raised and distributed 30,000 cockerels to 3,000 farmers in the Upper West, Eastern, Ashanti, Northern and Greater Accra Regions;
0.5173	0.0006	Aban maa akuafoɔ nsa kaa nkrantes, mprako ne nkokɔ a wɔn ase dɔre ntɛm mpem ahanum aduasa baako ne ɔha (531,100), sane firii aseɛ sisii abuo a wɔtumi yɛne mmoa wɔ mu ahodoɔ dubaako (11), tuu mmura ahodov nson (7) wo mmeaeɛ a Wɔyɛn ntotemmoa;	Procured 531,100 improved breeds of small ruminants, pigs and poultry for distribution to farmers and commenced the construction of 11 livestock housing units and mechanised boreholes for seven livestock breeding stations;
0.1826	0.0008	Toaa afuo-so-nsuguguo nhyehysee dwumadie ahodov no biara mpempensos a na aduru no so,: Na Tamne Dwumadie no ɔfa a ɛdi kan (Phase l) aduru ɔha mu nkyɛmu aduɔkron (90%) ɛnna fa a sto so mmienu no (Phase 2) nso aduru ɔha mu nkyɛmu aduonum (50%); ɛnna Mprumem ɔfa a sto so mmienu no (Phase I)— aduru ɔha mu nkyɛmu aduɔkron enum (95%), ɔsiesiee deɛ ɛdidi soɔ yi, de faa abeesfo nhyehyɛeɛ ɛkwan so, sane tree mu kɔduruu mpɛmpɛnsoɔ bi: Enonom ne:Tono dwumadie— ɔha mu nkyɛmu aduɔkron enum (95%), Kpong afuo-so-nsuguguo nhyehyɛeɛ — ɔha mu SNENA | (u afuo-so-nsuguguo dwumadie	Continued with the construction of various irrigation projects which are at various stages of completion: Tamne Phases I&II— 90 percent and 50 percent, respectively; Mprumem Phase II—95 percent, rehabilitation, modernisation, and expansion of existing schemes at Tono—95 percent, Kpong Irrigation Schemes — 61 percent and Kpong Left Bank Irrigation Project — 72 percent;
0.1686	0.0006	Asentire: “Yebewie dwumadie ama ases atim na yzatoa desg aka so nam so akanyan ɔman sikasem” Nkyɛmu aduosia baako (61%) ne Kpong asutadeɛ Benkum nkonkonso dwumadie — ɔha mu nkyɛmu aduɔson mmienu	Completed small earth dams in the Upper East, Upper West, Northern, and Savannah Regions to provide easy access to water for domestic use and yearround cropping; A farm with an irrigation system
0.7031	0.0010	Ɔgyinaa “Mansini Baako Adekoradan Baako” (“One District One Warehouse”) nhyehysee so wiee Nnɔbaeɛ Adekoradan aduonu baako (21);	Completed 21 warehouses under the the “One District One Warehouse” programme;
0.5155	0.0151	Hwɛ maa kookoo-tonn ɛboɔ kɔɔ so gyinaa sidi mpem nson, ahansia (GH¢7,600) wo afe 2017/2018 mu, na afe 2018/2019 mu too tɔnn no ɛboɔ mu ɔha mu nkyɛmu nwɔtwe akyiri pɔ aduanan mmienu (8.4%) ma sho sboo no kɔsii sidi mpem nwotwe, ahanu ne aduanan (GH¢8,240).	Maintained the farm gate price for cocoa at GH¢7,600 per tonne in 2017/2018 and increased the producer price by 8.42 percent to GH¢8,240 per tonne in the 2018/2019 season to ensure that our cocoa farmers were not worse off because of falling prices on the world market; and
0.0776	0.0007	Na saa nhyehysee yi botaees ne sɛ ɛbɛma kookoo akuafos ako so agyina wɔn nan so mpo wo £sbere a amannɔne adwaman so £sboɔ no so rete ba fam ; afei	13 | Government of Ghana - 2021 Citizens’ Budget
0.6956	0.0029	Ɔnam kookoo ho dwumadie nhyehysee ahodoɔ so buee nnwuma dododo mpem ɔha ne edu (110,000) sɛdeɛ ɛbɛsi nnipa dodoovo a wofiri nkuro nketewa mu ba nkuro akeses mu no ano, ama manfo nyinaa adi yie.	Created 110,000 jobs through the implementation of the various cocoa sector programmes to stem rural-urban migration and improve livelihoods across the country.
0.3397	0.0393	Ɔbɛkɔ so de nnuaba ne ɔyɛasaseyie (fertilizer) amema akuafoɔ binom nam so aboa ama aburoo, emo, soya, atokoo, adua a wɔfrɛ no ‘cowpea’, ne nkatee asɔ anaa abɔ pii, ama Ghanaman agyina ne nan so wɔ kuayɛ mu, atumi de mfudeɛ no bi ako amannoɔne akoton;	Continue the supply of improved seeds and fertilizers to beneficiary farmers in order to ensure sustained increase in yields of maize, rice, soya, sorghum, cowpea, and groundnut, and make the Ghana self-sufficient in food production with enhanced potential for export;
0.3461	0.0933	Ɔbekyekye mmoa a wɔn ase dɔre sɛ ebia mprako ne nkokɔ no dodoɔ mpem ahanum, aduasa baako ne ɔha (531,100) a ɔtɔ no afe 2020 mu no ama akuafos; obebue kookoo boto nkaribea mmiensa(3); obeto ‘brola nkokɔmma a wɔnni mmoroo da koro no mpem enum (5000) ne deɛ wɔfrɛ wɔn kuroiler no mpem aduonu (20,000) atete ne ɛboɔ so ɔha mu nkyɛmu aduonum (50%) de ama akuafov;	Distribute 531,100 improved breeds of small ruminants, pigs and poultry procured in 2020 to farmers; set up three baling centres; procure 5 million broiler day-old chicks and 20,000 kuroiler birds to farmers at a 50 percent subsidy;
0.1821	0.0006	16 | Ghana Aban - 2021 Ɔman Mma Sikasɛm Nhyehysee Óla Asentire: “Yebewie dwumadie ama ases atim na ygatoa des aka so nam so akanyan ɔman sikasem”	Procure agricultural machinery and equipment worth about US$30 million for distribution to farmers to boost mechanisation development;
0.3292	0.0136	Ɔbetoto kuayɛ mfidie ne sho akade2 a ne sbo som dɔla ɔpepem aduasa (US$30 million) akyekyɛ ama akuafoɔ nam so ama abeesfo kwan a wɔfa so yɛ kua no atu mpon; ɔbetoto nnuro a wode gugu mfuo so kunkum mmoawammoawa a wɔfrɛ wɔn ‘osa asraafoo’ (army worm) no dodoɔ lita mpem aduɔkron nson (97,000 litres) anaa kilogram mpem dunan(14,000 kg), ato nhwehwedan mmienu, ne afei abesfo mmoayene mfidie mmiensa, deɛ wɔfrɛ no “parasitoids” a wode brɛ mmoammoawa/ ɔsa ano ase no dodo ɔpepem mmiensa; na afei	Procure 97,000 litres and 14,000 kg of insecticides for control of Fall Army Worm and procure two screen houses, three mass biological rearing facilities, and 3 million parasitoids for the control of Fall Army Worm; and
0.6593	0.9863	Ɔbestete mmabunu aduosia snan (64) ama wɔanya abeesfo ɛkwan a wɔfa so dua atosodeɛ ne mfudeɛ afoforɔ bi (greenhouse technology) ho nimdeɛ wɔ Akumadan ne Bawjiase.	Train 64 youths in greenhouse technology in Akumadan and Bawjiase.
0.3764	0.0007	ASOƐEEƐE A Ɛhwɛ EDWADIE NE Mfidinnwuma SO 27. Afe 2020 mu no, Aban faa mfidinnwuma mu nsakraeɛ nhyehysee ahodov so sakraa mfidinnwuma mu, a ne botaees ne sɛ ɛbɛboa ama	MINISTRY OF TRADE AND INDUSTRY Government in 2020 implemented a complete and wide ranging Industrial Transformation Programme with components directed towards making Ghana the new manufacturing hub in West Africa and Africa.
0.3503	0.0008	Ɔman no atumi abeye adwadesy£s fapem wo Abibirem Atɔeɛ Aman ne	In Government undertook the following activities/programmes:
0.6378	0.0010	Ɔgyinaa Mansini Baako Afididwuma Baako nhyehysee so (“1D1F) toaa dwuma ahodos ahanu aduasa mmienu (232) a na emu biara aduru mpɛmpɛnsoɔ pɔtee bi no so. Seesei, emu aduson nsia (76) ho anammɔntuo aba awiees ama afiri aseɛ redi dwuma, ɛnna emu ɔha ne nson (107) nso, wɔgu ɛho dwumadie so ;	Implementated a total of 232 projects under “1D1F” which are at various stages of execution, out of which 76 are currently in operation and 107 are under construction;
0.6780	0.0009	De sika boaa nnwuma a na wɔwɔ akwannya sɛ wọɔye Mansini Baako Afididwuma Baako nnwumakuo (1D1F), bobodo wɔn mu binom bosea, maa wɔn mu binom nyaa estotua ho faahodie ho mmoa, ma afoforɔ nso, wode mpuntunnee sɛ ebia lɔre akwan, nsuo ne nkanea kos baabi a wɔn mfidinnwuma no wo ho. ;	Supported eligible 1D1F companies with investment and credit facilitation, tax and non-tax incentives, and infrastructure-related support such as construction of access roads and water and electricity connection;
0.6719	0.0007	Penee so maa ‘Mansini Baako Afididwuma Baako’ (1D1F) Nnwumakuo aduasa nson (37) antua sika dododo ɔpepem ahansia ne mmiɛnsa (GH¢603 million) nneɛma a na wɔakra ho etoo;	Approved a total of GH¢603 million Import Duty Exemptions on capital goods and raw materials for 37 1D1F companies;
0.6693	0.9297	Gyinaa Mansini Baako Afididwuma Baako nnwumakuo (1D1F) ahodoɔ anan mu ne sikakorabea Nnwumakuo a wɔne wɔn di dwuma dii nsawɔsoɔ nam so nyaa bosea ɔpepepem mmienu ne Ɔpepem ahasa (GH¢ 2.3billion) kyekyɛ maa won.	Working with 1D1F companies and Participating Financials Institutions (PFIs), secured GH¢2.3 billion of credit disbursements to the companies.
0.4457	0.0164	Mu de sikabotene ɔpepem ahanu ne dumiɛnsa (GH¢213) million soɔ sikakorabea nnwuma no asene mu sedes sɛ bosea no bi ho ba asɛm a wode bɛtete wɔn ho.	A total of GH¢213 million in interest subsidy support to de-risk lending was paid by Government to the PFIs on behalf of 1D1F companies;
0.7264	0.0007	Ɔsisii Nnwumabue Nteteesbea (Business Resource Centres) (BRCs) aduasa nson (37) wo Mansini ahodoɔ mu wo afe 2020 mu, maa wɔn adwumayefoo, mfidie ne akade afoforɔ a wɔhia nyinaa ma woọfirii aseɛ dii dwuma.	Established 37 Business Resource Centres (BRCs) at the district level in 2020 and they are currently in operation with full deployment of staffing, equipment, and other facilities.
0.6135	0.0500	Nnwumabue Nteteesbea (Business Resource Centres) BRCs aduasa nson (37) no dwumadie tre kɔɔ Mansini ahodoɔ ɔha aduanan nsia mu(146) mu.	The operation of the 37 BRCs cover about 146 districts.
0.7230	0.0006	Yɛafiri aseɛ resi Nnwumabue Nteteeebea (Business Resource Centres) afoforɔ aduasa (30), na yɛwie a, ne nyinaa dodoov ano bɛsi aduosia nson (67) ;	Construction commenced on 30 additional Business Resource Centres which will bring the total number of BRCs to 67;
0.6736	0.0007	Ɔboaa Ɔman yi mu ntomatam nnwumakuo ɔha ne edu (110) nam so maa saa Nnwumakuo no tumi pagyaa wɔn ntomatam dodoɔ a wɔyɛ no mu, nam so maa wɔn nkatahwene (nose mask) a boa si COVID 19 ano no pam ho kɔntraagye ; afei	Assisted 110 local garment manufacturing companies to enhance their production capacity and were given contracts for the production of Personal Protective Equipment (PPEs) to combat the COVID-19 Pandemic; and
0.6294	0.0010	Ɔde ntomatam a woto firii Ɔman yi mu ntomatam nnwumakuo ahodoɔ mmiɛnsa (3) ho pamm nkatahwene (nose mask) dodoɔ Ɔpepem dunkron ne mpem ahanum (19.5 million), asopiti ntadee ngusoo mpem aduɔkron (90,000), etiri so nkatasoo mpem aduɔkron (90,000), ne ayaresa ho akadeɛ mpem aduonum (50,000 ) wo afe 2020 mu. I DECENT WORK AND: Economic GROWTH ;	Produced 19.5 million face masks, 90,000 hospital gowns, 90,000 head covers, and 50,000 medical scrubs in 2020 with fabrics procured from 3 local textile manufacturing companies.
0.7081	0.0091	COVID-19 ho mmoa a wɔde maa Nnwuma Nketewa, Adantam ne Aksses (MSMEs) nam so maa nkanyan baa wɔn dwumadie mu	COVID-19 support to revitalise Micro, Small and Medium-Sized Enterprises (MSMEs)
0.0689	0.0007	18 | Ghana apan - cuzi Ɔman wina omast Nnyenyeeè	In 2021, Government will continue with the construction of 107 1D1F companies and commence the construction 49 others.
0.2485	0.0044	Afe 2021 mu no, Aban bɛtoa 1D1F nnwuma ɔha ne nson (107) a wɔafiri aseɛ resi no so na wafiri ases asi foforɔ koraa aduanan nkron	15 | Government of Ghana - 2021 Citizens’ Budget MINISTRY OF ENERGY
0.3597	0.0011	ASOƐEEE A Ɛhwɛ OGYA - AHOƆDEN SO 29. Sedes Aban bɛtumi ama ɔmanfos anya Ogya - Ahoɔden a ɛgyina so nti no, afe 2020 mu no oyee deɛ ɛdidi so yi: ° Ɔwiee 200MW Amandi Anyinam dwumadie no mu ɔha nkyekyɛmu aduɔkron nwoɔtwe (98%), na seesei wɔadi dwuma no ama aka ɔfa kakra bi a erenkyesre biara yebepa ho ntoma;	In an effort to provide safe and reliable supply of energy, Government in 2020: Completed approximately 98 percent of the 200MW Amandi Power Project and is currently at the last phase of commissioning;
0.3625	0.0019	3de mpɔtam ahodoɔ ahanum aduosia (560) mu dodos ahasa aduɔwɔtwe nwɔtwe (388) bɛkaa ɔman ogya-ahooden nhoma no ho, ma epagyaa anyinam ahoɔden ho akwannya mu firii ɔha mu nkyɛmu aduɔwɔtwe enum, akyiri pɔ hwee (85.0%) wɔ Ɔpɛpɔn bosome mu kɔduruu ɔha mu nkyɛmu aduɔwɔtwe enum, akyiri pɔ mmienu (85.2%) wo afe 2020 bosome Ɔpenimma awieees no mu, na ɛnam mpoɔtam ogya-ahooden nhyehyɛeɛ so ama mpɔtam bɛboro mpem edu (10,000) anya anyinam ahooden.	Connected a total of 388 out of 560 communities to the national grid, increasing the National Electricity Access rate from 85.0 percent in January 2020 to 85.2 percent at end-December 2020, with over 10,000 communities so far connected to the national grid Under the Rural Electrification Programme; and
0.6444	0.9883	Ɔgyinaa nkuro nketewa mu mframagya (LPG) ho nhyehysee dwumadie so kyekyse ‘sotoofo’ a ɛde mframagya di dwuma dodoɔ mpem ahanum (1,500).	Distributed 1,500 LPG cook stoves under the Rural LPG Promotion Programme.
0.1340	0.0007	Afe 2021 mu no, Aban bsko so de n’áni adi dwuma a ɛdidi soɔ yi akyi ahw ama adi mu:	In 2021, Government will continue to monitor and facilitate the implementation of the following projects:
0.7271	0.0010	Ɔbewie Anyinam ahoɔden ho dwumadie 1B (1B of the Early Power Project) no fa a ɛdi kan no, apagya emu ahoɔden no akɔduru 202MW;	Complete Phase 1B of the Early Power Project that will bring the installed capacity to 202MW;
0.3581	0.0013	Ɔbetoa Anyinam ahoɔden ho nsɛm a wɔgu so no (PPA Renegotiations) ho dwumadie no so ;	Continue the ongoing PPA Renegotiations;
0.3678	0.0012	Ɔbɛhwɛ ama Pwalugu asutadeɛ a seboa dwumadie ahodoɔ (Pwalugu Multipurpose dam) ho dwumadie adi mu;	Implement the Pwalugu Multipurpose Dam;
0.6730	0.0010	Ɔbɛsiesie anaa ɔbesesa T3 mframagya Ntwaho-afidie (T3 Gas Turbines) no;	Repair /replace T3 Gas Turbines;
0.6949	0.0007	Ɔbewie (Kumasi-Kintampo) hɔ anyinam ahoɔden nhomatwe dwumadie) no ɔfa a ɛdi kan (Lot1) wo Kumasi-Bolgatanga anyinam ahoɔden nhomatwe no mu.	Complete Lot1 (Kumasi-Kintampo component) of the Kumasi- Bolgatanga Transmission Line Project;
0.7057	0.0007	Ɔbepagya Volta-Achimota-Mallam 161kV nhomatwe dwumadie no mu (Volta-Achimota-Mallam 161kV Transmission); ne afei	Upgrade 161kV Volta-Achimota-Mallam Transmission Line Project; and
0.8794	0.9648	Obewie (330kV A4BSP Pokuase Bulk Supply Point) dwumadie no).	Complete the 330kV A4BSP (Pokuase Bulk Supply Point).
0.1023	0.7104	Asoɛeɛ A Ɛhwɛ APƆMUDEN HO NSƐM SO DECENT WORK AND Economic GROWTH	16 | Government of Ghana - 2021 Citizens’ Budget MINISTRY OF HEALTH Ghana Infectious Disease Centre, Accra
0.6753	0.0008	Ghana Nsaneyadez Adwumam, Nkran ƐEsiane sɛ sye Aban anisoadehunu sɛ apɔmuden ho nsɛm bɛdi mu ama ɔmanfov nyinaa apɔ asisi so, ama wɔade wɔn ho afiri COVID 19 ho ɔhaw mu no nti, oyee deɛ ɛdidi soɔ yi wo afe 2020 mu:	As part of Government’s commitment to healthy style of living and promoting wellbeing for all in the prevention and containment of the COVID-19 Pandemic, Government undertook the following measures in 2020:
0.1398	0.0007	Ɔgyinaa Aban apɔmuden Mpontunneɛ ho anammɔntuo nhyehysees a ɛwɔ dees wɔato edin Agenda 111 dwumadie	Initiated the process to construct 101 District Hospitals, 7 Regional Hospitals, and Psychiatric Hospitals, and rehabilitation of Effia-Nkwanta Hospital in pursuit of the Government’s Health infrastructure drive under the Agenda 111 Programme; deployed an Antiretroviral Therapy (ART) eTracker to all 488 ART facilities to improve HIV/AIDS healthcare services, TB eTracker, and procured 2,343 vaccine fridges for distribution across the country in an effort to retool immunisation infrastructure;
0.0724	0.0007	(Agenda 111 Programme); no So firii aseɛ tuu anammɔn a	Established four Drone Centres namely: GH1 Omenako, GH2 Mpanya, GH3 Vobsi, and GH4 Sefwi to leverage technology to eliminate
0.3315	0.0009	Wɔnam so bɛsi Mansini Ayaresabea dodoɔ ɔha ne	A drone delivering emergency medical supplies
0.1322	0.0008	Baako (101), Mantam ayaresabea ahodoɔ nson (7), ne adwenemka ayaresabea Mmienu (2), na wasiesie Effia- Nkwanta ayaresabea no.	17 | Government of Ghana - 2021 Citizens’ Budget stockouts, cold chain breakages, and accelerate emergency response time in the healthcare delivery system; and
0.6819	0.0052	Ofaa nnipa dodoɔ ɔpepem aduonum nwɔtwe, aha nkron ne baako 58,191 wo apɔmuden nnwuma mu.	Recruited 58,191 personnel into the various service agencies of the Health sector.
0.6401	0.1952	Hyehyspono 1: Aban apɔmuden nnwuma mu adwumayesfoo Dodoɔ a yɛfaa	The breakdown is indicated in Table 1:
0.0285	0.0010	Adwumayefov a yɛafa wɔn kɔsi ɛberɛ a	Table 1: Staff in the Public Health Sector No Permanent Workers No. Recruited in 1. Medical Officers 2. Specialist (Contract) 3. Physician Assistants 4. Nurses (Certificates, Diploma & Degree) Support Staff (Admin.
0.1052	0.0106	Wobsko ahomegye£ mu KƆN KƆ AE 1 Adɔkotafoo 822 2 Ayaresa mu abemfoo (won a woama wɔn 8 kontraagye) 3. Adokotafoo Aboafoɔ 637 4 Aneesefoo (won a wɔwɔ Certificates, Diploma & 43,057 Degree) Apɔmuden adwuma mu Aboafovo (Manigya, 5. aduanenoafoo, adwumayɛfoɔ afoforɔ ne deɛ 2,000 ɛkeka ho .) 6. Nnufrafoo (Pharmacists) 150 7. Nnufrafoo adokotafoo 150 Apɔmuden adwumayefos afoforɔ bi (Ani 4.146 8. ayaresafoo, wɔn a wɔbɔ aporɔ, mogya mu i nhwehwemufoo) Wɔn nyinaa dodos 50,970 No Adwumaycfoov a yɛfaa wɔn sbere Dodoɔ a yɛfaa wɔn tiawa bi ntam wo afe 2020 1 Adɔkotafoo afoforofoo 1,030 2 Aneesefoo a wɔdi wɔn nsesa 6,016 3 Nnufrafoo adokotafoo) 175	Managers Cooks Executive Officers etc.) 6. Pharmacists 7. Pharmacy Doctors Allied Health Professionals (Optical, Field, Lab Technicians) TOTAL
0.0816	0.0182	21 | Ghana Aban - 2021 Ɔman Mma Sikasɛm Nhyehysee PA	No Temporary Workers No. Recruited in House Officers Rotation Nurses House Officers (Pharmacy Doctors) TOTAL
0.2622	0.0009	Aban wiee dwumadie ahodos a ɛdidi soɔ yi:	Government completed the following on-going projects:
0.4312	0.0007	Twifo-Praso, Tepa, Nkawkaw, ne Bekwai Mansini Ayaresabea Adwumayefos adan ;	Staff Housing for four District Hospitals at Twifo-Praso, Tepa, Nsawkaw, and Bekwai;
0.5940	0.0007	Sawla, Tolon, Somanya, Buipe, ne Wheta Mansini ayaresabea ne Bamboi Polyklinic; ne afei	District Hospitals in Sawla, Tolon, Somanya, Buipe, and Wheta and a Polyclinic in Bamboi; and
0.6005	0.0064	Mpoɔtam ayaresabea nkron wɔ Wiaboman—Nkran Mantam, Antwirifo—Bono Mantam, Kofiasua—Bono Mantam, Mantewareso Bono—Ahafo Mantam, Amakyekrom—Bono Mantam, Mewerenfiwuo—Bono Mantam, Samproso—Ashanti Mantam, Koforidua (eben Offinso)—Ashanti Mantam, ne Akaaso—Atoee Mantam.	Nine CHPS Compounds at Wiaboman―Greater Accra Region, Antwirifo―Bono Region, Kofiasua―Bono Region, Mantewareso Bono―Ahafo Region, Amakyekrom―Bono Region, Mewerenfiwuo―Bono Region, Samproso―Ashanti Region, Koforidua (Near Offinso)―Ashanti Region, and Akaaso―Western Region.
0.6203	0.0301	Aban sane de abɛɛfo mfidie a wode hwehwɛ nnipadua mu hunu emu Nyarewa no bi koboaa Aban nnwuma a woɔhwehwe nnipadua mu dodoɔ dumiɛnsa (13) a wɔn ne Kumasi Centre for Collaborative Research (KCCR); National Public Health Reference Laboratory (NPHRL); Veterinary Services Department (VSD) Laboratory; University of Allied Health Sciences (UAHS); Council for Scientific and Industrial Research (CSIR) ne ankorankorɛ deɛ nkron bi (9) sedes ɛbɛboa COVID 19 yadeɛ mu nhwehwɛmu wo Ɔman yi afanan nyinaa.	Government also supported 13 public and nine private testing site facilities with scientific equipment to increase COVID-19 testing across the country. These sites include: Kumasi Centre for Collaborative Research (KCCR); National Public Health Reference Laboratory (NPHRL); Veterinary Services Department (VSD) Laboratory; University of Allied Health Sciences (UAHS); Council for Scientific and Industrial Research (CSIR); and some private sector operators.
0.4466	0.0160	Ɔbɛhwɛ ama Animanim yi ara Apɔmuden mu Mpontuo ho nhyehysee (Health Sector Medium-Term Development Plan) no adi mu, na aboa ama ahyehyɛ dees wɔfrɛ no Apɔmuden asoes Sikasɛm mu dwetire (health sector investment), asi deɛ wɔfrɛ no Ghana beaes a eshwe brɛ Nyarewa ase (Ghana Centre for Disease Control) (GCDC), asane ahwɛ ama wɔahyehyɛ mmara a bɛma deɛ wɔfrɛ no Mpofirimu Ayarehwɛ ho Anammɔntuo (Emergency Response System) no adi mu;	Develop the Health Sector Medium-Term Development plan to guide health sector investment, establish the Ghana Centre for Disease Control (GCDC), and facilitate the passage of a legislative instrument to strengthen the Emergency Response System;
0.7029	0.0007	Ɔbsko so adi Aban mpontunnees nhyehyses no ho dwuma, a deɛ wɔfrɛ no Agenda 111 no ka ho bi;	Continue to implement Government’s Health infrastructure drive, including Agenda 111;
0.2028	0.0007	Koforidua Mantam Ayaresabea Shama Mansini Ayaresabea; Ɔman yi nnurokorabea ho nsiesie; Nkoranza Mansini Ayaresabea; ne	Continue with the construction of the following projects: o Koforidua Regional Hospital; o Shama District Hospital; o La General Hospital; o Tema Regional Hospital; o Reconstruction of the Central Medical Store; o Nkoranza District Hospital; and o Accident and Emergency Center at Dormaa Hospital.
0.6693	0.5513	O Dormaa akwanhyia ne Mpofirimu Ayaresabea. Ɔbetoa so de nnuro a wɔde abrɛ yɛn ne deɛ yɛato afiri mmeasmmeaes sɛ ebia deɛ ɛfiri COVAX des no adi dwuma nam so abrɛ COVID 19 nsaneyadeɛ no ano ase ama sho nsunsuansos no ako fam.	Continue the vaccination programme with vaccines received and purchased from various sources, including the COVAX facility, in an effort to slow the pace of COVID-19 infections rate and bring the impact of the pandemic under control.
0.1480	0.0566	Aban faa deɛ ɛdidi soɔ yi so, kɔɔ so gyinaa ɛberɛ ano ɛberɛ ano nsiesie ne lɔre akwan nsiesie nketenkete so dii ne dwuma a ɛfa	19 | Government of Ghana - 2021 Citizens’ Budget MINISTRY OF ROADS AND HIGHWAYS
0.3946	0.0006	Fahodie a nnipa wɔ sɛ wɔdi wɔn dwuma de adwadeɛ ko baabiara a	Pokuase Interchange (Accra Urban Transport Project)
0.1837	0.0008	Ɔsiesiee kwan a ɛka nkuro akɛseɛ bom -kwansini (kilometre) 25,048, akwan a sko mmeaes a mfudeɛ firi ba -kwansini (kilometre)11,061 , ne kurom akwan - kwansini (kilometre) Ɔyee ɛberɛ ano ɛberɛ ano dwumadie a wɔnam so gu abos anaa siesie kwantempɔn a eska nkuro mmienu bo mu kwansini	Government maintained its focus on ensuring free movement of people, goods and services through routine and periodic maintenance and minor rehabilitation of roads in 2020 through the following activities, among others:
0.1646	0.0007	(kilometre) dodoɔ 62, akwan a ɛkɔ beaeɛ a mfudeɛ firi 23 | Ghana Aban - 2021 Ɔman Mma Sikasɛm Nhyehyɛeɛ Kwansini (kilometre) dodoɔ 120, ne nkuro mu akwan kwansini (kilometre) dodoo1,570,	Routine maintenance activities were carried out on 25,048km of trunk roads, 11,061km of feeder roads, and 5,535km of urban roads;
0.2516	0.0021	Ɔwiee kootaaguo dwumadie a na ɛrekɔ so wɔ kwansini (kilometre) 648 kwan so no, na sho nsɛm na ysahyehye wɔ Hyehyɛpono 2 a ew aseɛ ha yi no so. Hyehyspono 2: Dwuma ahodov a yɛde aba awieeɛ	Periodic maintenance activities comprising re-gravelling/spot improvement, and resealing works were carried out on 62km, 120km, and 1,570km of the trunk, feeder, and urban road networks, respectively, and completed 648km of asphalt overlay works in the following areas listed in Table 2 below: Table 2: List of completed projects REGION AREA Greater Accra Ashongman, Lapaz (Petroleum), Airport Residential Area, Trinity Seminary, Ga Central, Kwashiman-Ofankor, Chapel Street/Link, Dzorwulu, Tema East, Dansoman, East Legon, Tantra Hill, Ga West Roads, Tema, Baatsona, Shiashie, Burma Camp, Roman Ridge, Ofankor.
0.3169	0.0007	Apueeɛ Kyebi, Koforidua, Oda, Suhum, Nana Asafo Adjei —	Eastern Kyebi, Koforidua, Oda, Suhum, Nana Asafo Adjei – Mile 50, Akim Oda
0.2196	0.0094	Atifi Apueeɛ Mantam Ayaresabea kwan, Bolga Chapel Hill, Kwesimintim Sawmill, Assakae, New Tech Nkwanta -— Anloga nkwanta, Tafo, Suame, Ashanti Moshie Zongo, Buokrom, Kwadaso, Bantama, Manhyia, Mampon, ɔboase, Subin	20 | Government of Ghana - 2021 Citizens’ Budget REGION AREA Upper East Regional Hospital Road, Bolga Western Chapel Hill, Kwesimintim Sawmill, Assakae, New Takoradi, GPHA Quarters Ashanti Tech Jnc – Anloga Jnc, Tafo, Suame, Moshie Zongo, Buokrom, Kwadaso, Bantama, Manhyia, Mampong, Obuasi, Subin Central Winneba (Anglican Church – Copa Jnc.
0.4186	0.7300	Mfinimfini Simpa-Oda ekwan, Bawjiase ekwan, Swedru SHS ɛkwan Firaw Hohoe kurom akwan, Kpeme ɛkwan	Rd.), Winneba-Oda Road, Bawjiase Road, Swedru SHS Roads Bono Sunyani, Berekum Volta Hohoe Town Roads, Kpeme Area Roads
0.3567	0.0009	Ɔbsko so asiesie Ɔman yi akwan nam so abɔ sika dodos a yɛde ahyɛ akwanyie no mu no ho ban na Anyɛ kwa, na yegafa abɛɛfo mfidie kwan a yɛfa so gyegye lɔrekwan so stoo no so agyegye, nam so anya sika agu Lɔrekwan ho Fotoɔ no mu, atumi ako so asiesie lɔre akwan no;	Continue with the maintenance of the country’s road assets to protect the huge investment made in road infrastructure and introduce electronic tolling of roads to improve revenue generation into the Road Fund for the maintenance of the road network;
0.3116	0.0007	Asentire: “Yebewie dwumadie ama asez atim na yzatoa dez aka so nam so akanyan Ɔman sikasem”	Enforce Axle Load Control to reduce the overall maintenance budget for the road infrastructure; and
0.6695	0.6880	Hyehyspono 3: Dwumadie ahodoɔ no DWUMADIE NO DAUL] 3 NO KƐSEƐ	Commence works on major pipeline projects listed in Table 3:
0.6646	0.0102	Dufor Adidome — Asikuma Nkwanta (39.2km) 63.1km ne Asutuare — Aveyime (kwansini 23.9)ekwan, abɔnta Dufor Adidome and Asikuma abɔnta Nkwanta |nsamsos Nsamsoov/stwene a yɛde besto Volivo asutene a 1No ɛwɔ Firaw mantam no mu no so ` Tatale-Zabzugu-Yendi-Tamale kwan nsiesie 165.8km Zabzugu — Nakpali — Bimbila kwan nsiesie 73.6km Dome — Kitase kwan nsiesie 19.5km Behyehye asane asi Buipe, Yapei ne Daboya 3No nsamsovo/etwene no ` Bɛyɛ Tema — Aflao kwan no fa a ɛdi kan no 17km Bɛyɛ Tema Akosombo ɛkwan 64.7/km Assin Praso — Assin Foso nsiesie -ekwan (N8) 60km — Phase 2 Bɛyɛ Tema Motorway kanko no fa a sto so 1No mmienu (Phase 2) Bɛma nsa aka nnesma a shia, nam so ahyehyɛ	Table 3: List of projects PROJECTS SCOPE Construction of Dufor Adidome – Asikuma Junction (39.2km) Road and Asutuare – Aveyime (23.9km) Road including 2 no. interchanges at Dufor Adidome and Asikuma Junction 63.1km and 2No. Interchanges Construction of Bridge over the Volta River at Volivo 1No. Rehabilitation of Tatale-Zabzugu-Yendi-Tamale Road 165.8km Rehabilitation of Zabzugu – Nakpali – Bimbila Road 73.6km Rehabilitation of Dome – Kitase Road 19.5km Design and construction of Buipe, Yapei and Daboya Bridges 3No. Construction of Tema – Aflao Phase1 Road 17km
0.1823	0.1592	Yendi (Northern Mantam), Nalerigu, Walewale 100km & Gambaga (North East Mantam) and 25 | Ghana Aban - 2021 Ɔman Mma Sikasɛm Nhyehyɛeɛ	21 | Government of Ghana - 2021 Citizens’ Budget PROJECTS SCOPE Construction of Tema Akosombo Road 64.7km Project for Rehabilitation of Assin Praso – Assin Foso Road (N8) – Phase 2 60km Construction of Tema Motorway Roundabout Phase 2 1No. Supply and Installation of bridge components for 50No. steel bridges 50No. Rehabilitation of Kumasi Inner City and Adjacent Street Projects 100km Asphaltic overlay of selected streets in Accra and Tema 100km Rehabilitation and upgrading of selected streets in Tamale & Yendi (Northern Region), Nalerigu, Walewale & Gambaga (North East Region) and Damango (Savannah Region). 100km
0.7228	0.0459	Ntoasoɔ sukuu mu asuafod a wɔredi nhyehyƐe£ a £Ɛfa COVID-19 ho no so	Senior High Schools students observing COVID-19 protocols
0.1373	0.0007	Sedes aban bɛma obiara atumi ako sukuu anya nwomasua a ɛdi mu nti no, afe 2020 mu no Aban yɛɛ deɛ ɛdidi so yi:	To provide equitable access to quality education, Government, in
0.5013	0.0007	Ɔtoaa so hwɛ maa Ntoasoɔ sukuu ne adantam nwomasua ho adesuadee nhyehysee pa a efirii aseɛ afe 2017 mu no dii mu kɔɔ so yɛɛ adwuma. ɔmaa ɔman yi mu Kindergarten (KG) kɔsi gyinapɛn 6 adesuafoɔ akyerɛkyerɛfoɔ dodoɔ 153,000 nteteeɛ sane tetee sukuu mu Aboafoɔ no dodos 290 sɛdeɛ wɔbɛtumi ahwɛ ama kindagaten kɔsi gyinapɛn 6 adesuades no mu nhyehysees adi mu;	Continued with the development and implementation of the pretertiary standards-based curriculum (SBC) which started in 2017. About 153,000 Kindergarten (KG) to Basic 6 school teachers across the country received the initial training and trained 290 School Improvement Support Officers (SISOs) formerly known
0.6333	0.9946	Ɔhwɛ gyee 956 adesuadee ho nwoma a ɛgyina adesuadee ho nhyehyesee foforɔ koraa so no too mu.	Assessed and approved a total of 956 textbooks submitted by various publishers in connection with the new curriculum.
0.4169	0.9619	Ntoasoɔ ne adantam ho nhyehyesee no fa a ɛtɔ so mmienu no a egye adesuadee a ɛsɛ sɛ obiara sua no nso, Aban Asoafoɔ agyinatukuo (cabinet) gyee adesuadee a ɛfa Ntoasoɔ ne adantam sukuu ho no too mu;	The second phase of the Pre-Tertiary Curriculum Review, which is, the Common Core Programme (CCP) Curriculum for Junior and Senior High Schools was approved by Cabinet;
0.4774	0.0008	Ɔsisii nwomakorabea ahodoɔ aduonu (20) wo ɔman yi afanan nyinaa nam so maa ɔman yi mu nwomakorabea no dodoɔ kɔduruu aduɔkron (90), ɔsiesiee nwomakorabea a ɛyɛ Aban dea edu (10), ne Ntoasoɔ sukuu nwomakorabea aduasa mmiɛnsa (33) sɛdeɛ bɛma akenkan ne adesua ako nkan;	Established 20 new Libraries across the country, increasing the number of public libraries to 90, and renovated 10 Public and 33 Senior High School Libraries to improve literacy and learning outcomes;
0.5049	0.0007	Asentire: “Yebewie dwumadie ama ases atim na yzatoa desg aka so nam so akanyan ɔman sikasem” Ɛnan ne aduɔwɔtwe nsia (4,086) wo ɔman yi afanan nyinaa, na wɔsane maa akyerɛkyerɛfoɔ dodoɔ mpem ɔha ne aduonum mmienu (152,000) nteteeɛ wo adusuadee ho nhyehyesee foforɔ no ho. ;	Distributed 157,000 Teacher Packs on new curriculum to teachers across the country and trained 4,086 Master, Regional and District level trainers, as well as 152,000 teachers in the new curriculum;
0.6611	0.0010	Aban tɔ toroko ahyɛn (pickup trucks) dodoɔ ahanwɔtwe ne aduanan (840) ne bɔs dodos ahasa ne aduonum (350) kyekyɛ maa nwomasua mu adwumayefoo. Afei, aban sane totoo motosaakere mpem mmienu (2,000) kyekyɛ maa nwomasua mu ahwesofoo (circuit supervisors) sɛdeɛ ɛbɛboa ama wɔn dwumadie ako yie;	Procured and distributed 840 pickup trucks and 350 buses, and distributed 2,000 motorbikes to Circuit Supervisors to facilitate movement in their line of duty;
0.6602	0.0006	Aban hwɛ maa famekwa Ntoasoɔ Sukuukorɔ ho nhyehysees no kɔ so, na ɛnam so ma nnipa dodos a wɔkɔɔ Ntoasoɔ sukuu no kɔ soro firi mpem ahanwɔtwe ne dumiensa, ahanan ne aduanan nwoɔtwe (813,448) wɔ adesua afe 2016/2017 mu kɔduruu ɔpepem baako, mpem ahanu, ahanum ne aduɔwɔtwe (1,200,580) wo adesua afe 2019/2020 no mu; ɛnna afei	Continue with the implementation of the Free SHS Programme, resulting in increase in the total number of beneficiaries from 813,448 in the 2016/2017 academic year to 1,200,580 students in the 2019/2020 academic year; and
0.2844	0.0008	Aban de sika hyɛ adesua ho mpontunnees ahodos a gho bɛhia wo Famekwa Ntoasoɔ Sukuukorɔ mu no sɛdeɛ sbeye a wobestumi afa nnipa dodos a wɔabska ho no nyinaa:	Invested in infrastructure to accommodate the increase in demand under the Free SHS programme:
0.6578	0.0007	O Aban wiee ntoasoɔ sukuu adan dodos apem baako, ɔha ne dunkron (1,119) a na wɔafiri aseɛ wo afe 2017 mu no emu ahanum ne aduasa nkron (539) ho dwumadie; ɛnna afei	O completed 539 out of a total of 1,119 senior high school infrastructural projects initiated since 2017; and
0.6798	0.9863	O Aban gyinaa nhyehyɛeɛ a wɔfrɛ no Ntoasoɔ Sukuu Nwomasua Mu Mpontuo ho Nhyehysee (Secondary Education Improvement Programme - SEIP) no so wiee mpɔtam Ntoasoɔ Sukuu ahodoov a wonna ho (Day School E- Blocks) dodos aduonu nwoɔtwe (28) ho dwumadie.	O completed a total of 28 Community Day Senior High Schools (E-Blocks) under the Secondary Education Improvement Programme (SEIP).
0.6607	0.8516	Ɔbstete akyerɛkyerɛfoɔ mpem dubaako, ahankron ne aduɔkron nson (11,997) a wɔwɔ KG- gyinapɛn 6 wɔ Adesuadee ho nhyehysee foforɔ (Standard-Based Curriculum) no ho na afei wɔbɛma akyerɛkyerɛfoɔ mpem aduɔkron enum (95,000) wɔ Adesuadee Korɔ ho Nhyehysee (Common Core Programme- CCP) no mu.	Train 11,997 teachers on the KG-P6 Standard-Based Curriculum and 95,000 teachers on the Common Core Programme (CCP) Curriculum.
0.6709	0.0013	Ɔbɛhwɛ ama Ɔman Sɔhwɛ A Osukuuni Biara Twerɛ Bi (National Standard Assessment Test- NSAT) no mu deɛ ɛdi kan ma gyinapɛn mmienu (Primary 2) ne gyinapɛn ɛnan (Primary 4) mu asukuufoos no aba so;	Conduct the first National Standard Assessment Test (NSAT) at Primary 2 and 4;
0.3871	0.0428	27 | Ghana Aban - 2021 Ɔman Mma Sikasɛm Nhyehysee Óla	23 | Government of Ghana - 2021 Citizens’ Budget
0.2109	0.0007	Ɔbɛkɔ so ahwɛ asisi Abɛɛfo Nsaanodwumasua Ho Nteteesbea (TVET) nkron na yɛahwɛ ama Famekwa Ntoasoɔ Sukuukorɔ (Free SHS programme) ho nhyehyse2 no nso adi mu; na afei	Continue with the establishment of nine state-of-the-art TVET Centres of Excellence and Free SHS programme; and
0.6431	0.1952	Bɛkɔ so asisi Abɔdee mu Nyansape, Mfidie ho nimdee, Mfidihyehye ho Nimdees, Asetenam Nsɛm ho Nimdeɛ ne Nkontabuo Adesuabea ahodoɔ (STEAM Centres) aduonu (20) wo ɔman yi afanan nyinaa de aboa ama aban anisoadehunu a ɛne sɛ abodee mu nyansape (Science), Mfidie ho Nimdees (Technology), Mfidihyehye ho Nimdeɛ (Enginneering), Asetenam Nsɛm ho Nimdeɛ (Arts) ne Nkontabuo (Mathematics) ho adesua ako nkan no awie peye.	Continue with the construction of 20 STEAM Centres across the country under the Government’s policy to promote Science, Technology, Engineering, Arts, and Mathematics (STEAM).
0.1627	0.4800	Afe 2021 yi mu no, Aban bɛkɔ so aboa nnwuma ahodos, ahwɛ ama Mpontunneɛ ho dwumadie ahodoo, kuadwuma, mfidinnwuma, ne ankorankorɛ nnwuma ako so.	CONCLUSION In 2021, Government will continue to support the services sector, infrastructural development, agriculture, industry, and entrepreneurship.
0.3567	0.8867	Yei nti, yeresre Ɔman mma nyinaa sɛ wɔmfa wɔn ho nnye ɔman kyekyere ho anammɔntuo no mu bi wo ɛberɛ a yɛgu so reyɛ adwumaden ama ɔman no ako nkan yi mu, sɛdeɛ bɛyɛ a yɛbɛnya yɛn adwumaden no ho mfasov.	We, therefore, call upon all citizens to be actively involved in the nation building agenda as we put our hands to the plough, so that we can happily reap the rewards of our collective toils.
0.4257	0.8867	Awurade nhyira Adehyeman Ghana	God bless our homeland Ghana!
0.3129	0.9795	NSƐMFUA ASEKYERƐ (Sikasem Nhyehysee mu Nsemfua) Mansini Baako Afididwuma Baako (1D1F): Yei yɛ mfidinnwuma ahodoɔ a yɛbɛbuebue wɔ mansini mu na ɛnam so ama mfidinnwuma atu mpɔn wo Ghana.	24 | Government of Ghana - 2021 Citizens’ Budget Glossary (Budget Terminology) 1D1F (One District One Factory): The setting up of factories and industries which, will in turn, move the country towards greater industrialization.
0.3754	0.8638	Yei botaes ne sɛ nnwuma bɛbu so wɔ ɔman yi mu na Ghanafos a wɔwɔ ɔman yi afanan nyinaa anya adwuma aye.	It is aimed at creating more jobs for Ghanaians across the length and breadth of the country.
0.3565	0.9541	Nkontabuo (Accountability): Yei gyina ho ma nkonta a Aban bu kyerɛ Ɔman mma fa ne dwumadie ho ne amanesbɔ a ɛwɔ anammɔon ahodoɔ nso a watu ho.	Accountability: This is when Government is answerable to its citizens by making known its activities and disclosing the results of such actions.
0.2551	0.9648	Sikasɛm ne agyapadeɛ ahodoɔ a Aban hwɛ so ma ɔmanfov no nyinaa ka yei ho.	This may include the responsibility for money or other properties that Government holds in trust.
0.4205	0.0155	Sika Mu Nkyekyɛmu (Allocation): Yei yɛ kwan a wɔfa so kyekyɛ ɔman sika mu ma Aban asoses ahodoɔ no ne nnwumakuo ahodoɔ no ma wode di dwuma ma manfo.	Allocation: The process of sharing or distributing resources amoung Government ministries, departments, and agencies (MDAs).
0.4071	0.1869	Ɔhaw-anosie (Alleviation): Yei yɛ kwan wɔfa so ma ɔhaw bi ho nsunsuansos ano brɛ ase.	Alleviation: This is the process of making a problem less severe.
0.4102	0.8408	Abɔdes mu nyansaps, Abessfo Nkutahodie ho nimdes, Mfidie ho nimdees ne Nkontabuo- BSTEM (Basic Science, Technology, Engineering, and Mathematics): Yei yɛ NSƐMFUA bi a yɛde gyina ho ma saa adesuadee ahodoɔ yi.	BSTEM (Basic Science, Technology, Engineering, and Mathematics): a term used to group together these academic disciplines.
0.3432	0.0013	Yɛde saa NSƐMFUA yi di dwuma wo ɛberɛ a yereye nhyehysees bi wo nwomasua mu na ysays adesuadee ho ntotoeɛ a ɛboa ma mpontuo ba nwomasua mu fa saa adesuadee yi ho.	This term is typically used when addressing education policy and curriculum choices in schools to improve competitiveness in science and technology development.
0.3295	0.7158	Sikasɛm Nhyehyses (Budget): Sikasɛm nhyehysee gyina hɔ ma nhyehysees a Aban ayɛ afa kwan a ɔbɛfa so anya sika ne deɛ ɔde saa sika no bɛyɛ ho.	Budget: A budget is a plan that outlines where to get money from and what to spend it on.
0.3429	0.2834	EƐbetumi ayɛ ɛdan ho eka, nsuo ne nkanea ɛka ɛnna aduane ho eka) Ɛkɔba sɛ wɔhia sika no dodo a, ɛho bɛhia sɛ abusua no bɛhwehwɛ sika no bi aka ho anaa mpo wɔbɛkɔ akoɔbv bosea.	For instance, a family can draw up a budget that will show how much money is available and how it should be prioritised for spending (for example, rent, utilities and food).
0.3178	0.0018	Asentire: “Yebewie dwumadie ama ases atim na yzatoa des aka so nam so akanyan sman Sikasɛm	If more money is needed, the family would need to consider raising more income or taking a loan.
0.3648	0.7739	Sika A Aka Mu Wɔ Sikasɛm Nhyehyses mu (Budget deficit): Yei si wo ɛberɛ a sika a Aban de bɛdi dwuma no ko anim sene deɛ Aban nsa aka no ankasa.	Budget deficit: This occurs when Government expenditure is more than the revenue it mobilises.
0.4273	0.9951	Mpontunnwuma ho Sika (Capital Expenditure): Yei yɛ sika a yɛde yɛ mpontunnwuma sɛ ebia akwanyie, sukuudansie, ayaresabea dansie, atwene-sie, akwantusem, nsuo, mfidie akeses ne deɛ keka ho.	Capital Expenditure: This is money spent on major infrastructure projects such as roads, schools, hospitals, bridges, transport, water systems, plant and machinery.
0.3915	0.7017	Adwumay:sfoð akatua (Compensation of Employees): Yei yɛ adwumayɛfoɔ bosome akatua, Sika ahodoo, asetenam ahotosoɔ sika, akwankɔgya sika ne deɛ keka ho a wɔtua ma Aban adwumayefoo.	Compensation of Employees: This is made up of wages & salaries and salary-related allowances such as social security, gratuities and pensions paid to public sector workers.
0.1450	0.9146	Mpontuo mu Aboafoɔ (Development Partners): Yei gyina ho ma Aman anaa nnwumakuo a woɔboa Aman a afei na woɔretu mpɔn ma wɔduru wɔn mpontuo botaes ho.	25 | Government of Ghana - 2021 Citizens’ Budget Development Partners (DPs): This refers to countries and/or organisations that collaborate with developing countries to achieve their developmental goals.
0.4876	0.4021	Yei bɛtumi ayɛ akuhodoɔ bi te sɛ Amansan Fotoɔ Adwumakuo (International Monetary Fund- IMF), Ewiase Sikakorabea (World Bank), Abibirem Mpontuo Sikakorabea (African Development Bank) ne dees keka ho. EƐtumi nso yɛ ankorankorɛ aman bi te sɛ Germany, Nyiresi Aburokyire, Amerika, ne wɔn a wɔkeka ho.	DPs can be multilateral, e.g. International Monetary Fund (IMF), World Bank, and African Development Bank (AfDB), or bilateral which consists of individual countries like Germany, United Kingdom, and the United States of America (USA).
0.4091	0.4851	Afe Awieeɛ Nnesma Boɔ Sorokɔ (End Year Inflation): Yei yɛ mpɛmpɛnsoɔ a nneesma boɔ kɔduru wo Ɔpenimma bosome mu wo afe pɔtee bi mu.	End-Year Inflation: The level of inflation experienced in December of the year in consideration.
0.3103	0.0040	Dwumadie ho sika a yzadi aboro so (Expenditure Overrun): Yei si wo ɛberɛ a, sika a yɛde adi dwuma ahodovs no aboro dees yɛtwa too ho wo Sikasɛm nhyehysee mu a mmarahysbadwa gye too mu no so.	Expenditure Overrun: This occurs when Government spending exceeds the Budget amount approved by Parliament.
0.5769	0.9150	Ogya- Ahoɔden Ɛtoɔ ho Mmara -ESLA: (Energy Sector Levies Act).	ESLA : Energy Sector Levies Act.
0.4030	0.6440	Nnipasesa (Evacuation): Yei yɛ kwan a wɔfa de nnipadɔm firi beaes bi ko beaes foforɔ.	Evacuation: The process of deporting or removing people from a particular place.
0.4777	0.0679	Famekwa Ntoasoɔ Sukuukorɔ (FREE SHS): Famekwa Ntoasoɔ Sukuukorɔ yi yɛ Aban nhyehy:e2 foforɔ a Ɔmanpanin Nana Akuffo- Addo aban de puee edwa wɔ Ɛb bosome mu wɔ afe 2017 mu sɛ JHS osukuuni biara a bɛbɔ ne ho mmɔden wɔ sɔhwɛ mu no, ɔbɛnya kwan wo Ntoasoɔ Sukuu mu akɔsua ades a ɔrentua hwee.	FREE SHS: The Free SHS (Free Senior High School) policy is a Government of Ghana initiative introduced by the President Nana Akuffo- Addo administration in September 2017 that guarantees free access to SHS education for any accademically qualified JHS student.
0.4544	0.4089	Sikasɛm ho Gyinaessie Mmara (Fiscal Responsibility Act): Yei yɛ mmara ahodoɔ a hyɛ Aban ketee na ekyerekyere sɛdeɛ ɛsɛ sɛ yɛde sika a ɛfiri ctoo mu ba no di dwuma.	Fiscal Responsibility Act: These are laws that regulate and describes the ability at which Government can balance spending and taxes.
0.2994	0.0019	Sika a yɛde kys Aban (Grants): Yeinom yɛ sika ho mmoa ahodoɔ a Mpontuo mu Aboafos de boa Aban a ɛnyɛ ades a Aban betua.	Grants: These are types of financial assistance given to Government by development partners and for which Government does not have to be pay back.
0.4996	0.9897	Sika a wɔtua ma Aban Nnwuma ahodoɔ (Grants to other Government Units): Yei gyina ho ma sika a, mmara hyɛ sɛ ɛsɛ sɛ wɔtua kɔgu Mansini Mmarahyɛbadwa Fotoɔ “DACF” no mu, Lɔrekwan Fotoɔ “Road Fund” mu, Nwomasua Fotoɔ “GETFUND” mu ne Fango ho Dwumadie Fotos “Petroleum Related Fund” mu.	Grants to other Government Units: These constitute transfer payments that are required by law into earmarked funds such as District Assemblies’ Common Fund (DACF), Road Fund, Ghana Education Trust Fund (GETFUND), Petroleum Related Fund and National Health Fund.
0.4232	0.4829	Ɔman mu Adwade: Nyinaa Bo A Ɛsom (Gross Domestic Product (GDP): Yei kyerɛ nneɛma a yɛyɛ wo Ɔman yi mu wo ɛberɛ pɔtee bi mu no nyinaa bo a esom.	Gross Domestic Product (GDP): This refers to the total value of all final demand goods and services produced in the country over a specific time.
0.3926	0.3303	Amannɔne Sika dodoɔð A Ɔman Wɔ (Gross International Reserves):Yei yɛ susudua a yɛfa so hunu sedes ɔman bi Sikasɛm ahoɔden a ɔwɔ sɛ ɔbstumi atɔ nnesma afiri amannɔne no tes wɔ ɛberɛ pɔtee bi mu.	Gross International Reserves: This measures a country’s foreign currency ability to buy goods and services from foreign countries over a
0.1573	0.0008	Yei boa ma yɛde ɔman bi fotoɔ toto ɔman foforɔ bi des ho a yɛhunu sedes ɔman no Sikasɛm ahoɔden a ɔw29 no tee. Nnesma bɔɔs sorokɔ (Inflation): Yei gyina ho ma sɛdeɛ dwumadie ahodoɔ ne adwadeɛ bov si ko soro wo sebere pɔtee bi mu.	26 | Government of Ghana - 2021 Citizens’ Budget period; it also supports the strength of the local currency in relation to currencies of other nations.
0.3356	0.2235	Mpontunne=s A Yɛde Bɛtu Ohia Ase Dwumadie - IPEP (Infrastructure for Poverty Eradication Programme): Mpontunneɛ A Yɛde Bɛtu Ohia	Inflation: The rate of increase in general price level of goods and services over a period.
0.3150	0.0007	Ase Dwumadie yi yɛ dwumadie ahodoɔ a ɛdi akotene wo NPP Aban nhyehyɛeɛ ahodoɔ mu no baako a botaes a ɛtaa akyire ne se, yɛde mpontunnes bɛkɔ nkuraase, titire mpɔtam ahodoɔ a ohia wɔ ho no na ɛnam so aboa atu ohia ase na asetenam yiedie mu nsonsonoeɛ a ɛda nkuraasefoɔ ne kuromfoɔ ntam no asesa.	IPEP (Infrastructure for Poverty Eradication Programme): The Infrastructure for Poverty Eradication Programme (IPEP) is one of the flagship programmes of the NPP Government that aims at eradicating poverty and minimalising inequality, especially in the rural and deprived communities through the provision of basic infrastructure.
0.2865	0.9961	Bosea-Tua (Loan Repayment): Yei yɛ bosea a yebo firi aman ne sikakorabea ahodoɔ ho de yɛ mpontunnwuma a yɛsane tua.	Loan Repayment: These are monies paid to countries, banks and other financial institutions who have lent money to Government for development and other projects.
0.3156	0.8013	Yeinom bɛtumi ayɛ wɔn a wɔwɔ ɔman yi mu anaa amannone.	These lenders could be from within or outside the country.
0.3813	0.5278	Nnesma a sboa ma ɔman Sikasɛm gyina a ɛsi ani so (Macroeconomic targets): Yeinom yɛ susudua a wɔgyina so kyerɛ ɔman bi Sikasɛm ho mmɔdemm.	Macroeconomic targets: These are measurements used to access the performance of the economy.
0.3623	0.0010	Yei ho Nhwɛsoɔ ne Sikasɛm mpontuo, nneesmaboo soroko, adwumayɛ mu mpontuo mpempensos, Ɔman yi ne aman afoforɔ ntam edwadie mu mmɔdemm»o, sɛdeɛ aban no Sikasɛm ntotoeɛ kankorɔ anaa sintɔ tee ɛne sɛdeɛ gyinaeɛ ahodoɔ a Ghana Sikakorabea Baatan bɛsie no bɛka nneɛma boɔ sorokɔ wo Ɔman no mu.	Examples include economic growth, inflation, changes in the level of employment, trade performance with other countries, relative success or failure of Government economic policies and the decisions made by the Bank of Ghana which affects money demand and supply in the economy.
0.2732	0.4106	Nnwuma Nketewa Mu Mpontuo Dwumadie - MSME (Micro And Small Buisness Developmet Programme): Nnwuma Nketewa yɛ ankorankorɛ nnwuma a wɔtumi fa nnipa kakra bi a dwetire a adwuma no gyina soɔ no mmoro sika dodo pɔtee bi so.	MSME (Micro And Small Buisness Developmet Programme): A microenterprise (or microenterprise) is generally defined as a small business employing a minimum number of people, and having a balance sheet or turnover less than a certain amount Miscellaneous Provision: This is a portion of a contract consisting of diverse sections where all of the random issues are provided.
0.3608	0.0007	Ɔhaw-anosie ho Nhyehyses ahodovɔ (Mitigating Measures): Yei yɛ nhyehysee ahodoos a wode di dwuma wo ɛberɛ a haw bi asi na wọpe sɛ woma £ho nsunsuansos no ano brɛ ase.	Mitigating Measures: This is when measures are put inplace to reduce impact from severe issues and occurences.
0.4645	0.9492	Ɔman-kyekyere Atuhoakysfoɔ- NABCo (Nation Builders Corps): Yei yɛ adwene foforɔ koraa a Ghana Aban de puee edwa a ɔnam so bɛma mmerantes ne mmabaawa a wɔawie Asuapɔn no bɛnya adwuma ayɛ wo ankorankorɛ anaa Aban nnwuma mu na wɔaboa de wɔn nimdeɛ ape	NABCo (Nation Builders Corps): also known as NABCO is an initiative introduced by the Government of Ghana to provide jobs to unemployed university graduates to solve various social problems in both the private and
0.3606	0.4353	32 | Ghana Aban - 2021 Ɔman Mma Sikasɛm Nhyehyɛeɛ Asentire: “Yebewie dwumadie ama ases atim na ygatoa des aka so nam so akanyan ɔman sikasem”	27 | Government of Ghana - 2021 Citizens’ Budget public sectors and build their skills to promote economic growth in the country.
0.4619	0.0190	Ɔman Adwumakuo A ƐEhwe Mfidinmnwuma Nketwa So- (National Board for Small Scale Industries- NBSSI): Ɔman Adwumakuo a Ɛhwɛ Mfidinnwuma Nketewa so no yɛ Ɔman adwumakuo a ɛnyɛ mfaso enti na wɔwɔ ho na mmom, £ye adwumakuo a hyɛ Asosees a Ɛhwɛ Edwadie ne Mfidinnwuma so no ase, a mmara ma wɔn ho ɛkwan sɛ wɔnhwɛ sɛ Mfidinnwuma Nketewa ne Adantam (Micro and Small Enterprises (MSEs) bɛtu mpon.	NBSSI (National Board for Small Scale Industries): The National Board for Small Scale Industries (NBSSI) is a non-profit public sector organisation under the Ministry of Trade and Industry that is mandated to promote the growth and development of Micro and Small Enterprises (MSEs).
0.4045	0.0651	Ɔman yi mu adwade: bo a som a Fango Sika nka ho (Non-Oil Real GDP): Yei yɛ ɔman yi mu adwadeɛ nyinaa bo som a sika a ɛfiri fango ho dwumadie ahodoɔ mu nka ho bi, a wɔagyina nneesma bo sorokɔ so no asese.	Non-Oil Real GDP: Is the total output in the economy that excludes the activities in the oil sector, which takes into account the level of inflation.
0.4896	0.9946	Sika a ɛmfiri stoo mu (Non Tax Revenue): Yei yɛ Aban sika a ɔnya a ɛmfiri stoo mu.	Non Tax Revenue: Government revenue not generated from taxes.
0.3896	0.7974	Ebi ne sika a obi tua ansa na wanya tumi krataa bi adi dwuma ne sika a ystua wo nnesma afoforɔ ho sɛ ebia nsiho ne mfantum ho.	Examples are fees for granting permit or licenses, user fees and other charges, dividends, and interest.
0.6800	0.8721	Ɛka Ahodos A Aban De (Outstanding Obligations): Ɛka ahodoɔ a Aban de no yɛ sika a ɛsɛ sɛ Asosees a EƐhwe Sikasɛm so no tua ma Aban Nnwuma ahodoos no ɛnna afei, ɛka a ɛda ho firi afe 2016 mu a mmara hyɛ sɛ ɛsɛ sɛ Aban tua gu Mmara ho Fotoos ahodoɔ mu.	Outstanding Obligations: The outstanding obligations comprise MDA commitments with the Ministry of Finance as well as outstanding 2016 payments owed to Statutory Funds.
0.3089	0.1032	Sika Dodos A Aka A Y:b:hia De Adi Dwuma (Primary balance): Yei yɛ sika dodos a aka wo sbere a Aban agyegye dees n'ani da ɛkwan sɛ ɔbɛnya no nyinaa akyi de adi dwuma, a bosea ho nsiho nka ho bie, (kyere sɛ bosea a Aban bɛtua nka ho).	Primary balance : This is the difference between Government revenue and its non-interest expenditure (excluding debt service payments).
0.3453	0.7734	Na ɛkwan a ysfa so bu yei ho nkonta ne s£ yɛsese no wo Ɔman Adwadeɛ nyinaa bo a ɛsom no mu ɔha mu nkyekyemu.	This is typically measured as a percentage of the Gross Domestic Product (GDP).
0.3814	0.7437	Ɔman Sikasɛm Ntotoeɛ Mu Nsakraec Dwumadie - PFMRD (Public Financial Management Reforms Project): Saa Sikasɛm ntotoeɛ mu nsakraes yi mpontuo botaeɛ ne sɛ Sikasɛm Nhyehysee ho ntotoeɛ bɛkɔ yie, yɛbɛnya ahohyɛsoɔ wo Sikasɛm ho anammɔntuo mu na yɛahwɛ abɔ Ghana Aban sika a ɔde di dwuma ho amanes wɔ ɛkwan pa so wo sbere a ɛsɛ mu.	PFMRD (Public Financial Management Reforms Project): The development objective of the PFMRP is to improve budget management, financial control, and reporting of the Government of Ghana.
0.3765	0.0185	Saa Sikasɛm ntotoes yi nam nhyehysee a ɛdi mu ne Sikasɛm adwumayɛfoɔ pɔtee bi nteteeɛ so boa ma Sikasɛm ho akwankyerɛ so-die tu mpon, boa ma yɛde sika di dwuma a shia mapa na afei, ɛboa ma yɛdi yɛn dwuma yie ma manfo nya ho mfasov.	The project will also contribute to enhancing fiscal discipline, strategic allocation of resources, and service delivery efficiency, through strengthened systems and procedures and targeted capacity building.
0.3586	0.0289	Sikasɛm Mpontuo a ɛsi ani soɔ (Projected Growth Rate): Yei yɛ sedes ani da ɛkwan sɛ Ghana Sikasɛm bɛtu mpɔn wo afe pɔtee bi mu.	Projected Growth Rate: How the Ghanaian economy will grow in a year.
0.9708	0.1752	(PFI): Private Finance Initiative.-	PFI: Private Finance Initiative.
0.3262	0.9878	Sika A Aban Nya (Revenue): Yei yɛ sika dodos a Aban nya firi ne dwumadie ahodos a ɔdi wo ɔman yi mu ne amannone.	Revenue: This is the total amount of money that Government receives for its activities from both domestic and external sources.
0.2965	0.9224	Mmoayɛn A Ɛde Nnwuma Ba - RFJ (Rearing For Jobs): Yei yɛ Ghana Aban mpontuo ho dwumadie foforɔ a ɔde aba a snam so bɛma ntɔtemmoayɛn adwuma no adi mu na sika aba mu seedee gbeye a, ntɔtemmoa nam bɛdɔɔso ama ɔmanfovs anya bi awe na yɛate ntɔtemmoa nam a yɛkra ba ɔman yi mu no so koraa, na ɛnam so ama nnwuma abu so a ɔmanfoɔ bɛnya bi ayɛ ama wɔn a wɔdi ntɔtemmoa ho dwuma nyinaa no asetenam nso atu mpon.	RFJ (Rearing For Jobs): a Ghana Government initiative to develop a competitive and more efficient livestock industry that will increase domestic production and reduce importation of livestock products, contribute to
0.4091	0.9902	Asetena mu Mmoa Sika (Social Benefits): Yei yɛ sika a Aban gyina manfo anan mu tua ma nsuo, pɛtro ne nkanea nnwumakuo no de sɔ Ghanafos asene.	Social Benefits: Government subsidies paid to utility companies and on petroleum products on behalf of the consuming Ghanaianpublic.
0.4008	0.9961	Asenesɔ Sika (Subsidy): Yei yɛ sika mu mmoa bi a Aban de ma ɔman mma ma ɛyi adesoa kakra firi wɔn so ma wɔn kɔn mu dwo won.	Subsidy: This is a financial relief given by Government to citizens to reduce the burden on them.
0.3963	0.9414	Dwumadie akyiridie (Surveillance): Yei yɛ kwan a ysfa so de ani di biribi akyi na yɛhwɛ sɛdeɛ ɛsi tee.	Surveillance: The process of critically or intellectually observing an issue.
0.3697	0.9697	Fannyɛ (Transparency): Yei ne sɛ Aban bɛma Ɔman mma ahunu deɛ greko so na wɔate amanesboɔ nyinaa wo ɛberɛ ano ɛberɛ ano.	Transparency: This is when Government provides adequate and timely information about what it is doing to its citizens.
0.4128	0.2201	Adekyere ne Adesua ho Akade: -TLM (Teaching And Learning Materials): Yeinom yɛ nneɛma a Nkwa wɔ mu ne dees Nkwa nni mu anaa sɛ nnipa anaa abodes afoforɔ bi a ɔkyerekyereni de di dwuma wɔ adekyere ne adesua mu sedes ebsye a sbeboa ama adekyere ne adesua mu botaees no awie peye.	TLM (Teaching And Learning Materials): are any collection of materials, including animate and inanimate objects and human and non-human resources, that a teacher may use in teaching and learning situations to help achieve desired learning objectives and outcomes.
0.4323	0.9976	Adwade: ne Dwumadie ho sika (Use of Goods and Services): Yei yɛ sika dodos a Aban tua wo dwuma a ɔdi ne dwumadie a ɔdi ma ɔmanfoɔ no ho.	Use of Goods and Services: Amount of money that Government pays for running its operations and for delivering services to the public.
0.4941	0.2908	Adwade= ho stos (Value Added Tax (VAT): Yei yɛ too bi a yɛde to adwades ahodoɔ so wo adwadesye mpɛmpɛnsoɔ biara mu.	Value Added Tax (VAT): The tax levied as value is added to goods and services at each stage of production.
0.9695	0.9780	© 2021. All rights reserved.	© 2021. All rights reserved.
0.7780	0.0009	No part of this publication may be stored in a retrieval system or , transmitted in any or by any means, elẹctronic, mechanic l, photocopying. recording or otherwise without the prior written permission ot thè Ministry nance	No part of this publication may be stored in a retrieval system or transmitted in any or by any means, electronic, mechanical, photocopying, recording or otherwise without the prior written permission of the Ministry of Finance
