year	qe_score	anchor_sim	twi	english
2022	0.9966	0.2022	Bio, yɛdii ntoasoɔ sukuu mu dwuma afoforɔ dodoɔ ɔha ne dunwɔtwe, wiee ne nyinaa a na adesuadan, baabi a adesuafoɔ no da (dormitories), baabi a wɔyɛ sukuu mu ntotoeɛ (administration blocks), nwoma akenkanbea ne baabi a wɔdidi ka ho bie.	Further to this, 118 infrastructure projects made up of classrooms, dormitories, administration blocks, libraries and canteens at the secondary education level were completed.
2022	0.9966	0.5143	Tema Ayaresabea kɛseɛ no (Tema General Hospital) ne Apɔmuden ho Akadeɛ Akoraeɛ kɛseɛ no (Central Medical Stores) ho dwumadie nso bɛhyɛ aseɛ na ɛberɛ korɔ no ara mu nso, La, Nkoranza ne Shama ayaresabea a yɛresi no nso ho dwumadie bɛkɔ so pɛpɛɛpɛ.	Reconstruction of the Tema General Hospital and the Central Medical Stores will commence, while the construction of the la, Nkoranza, and Shama Hospitals will continue.
2022	0.9961	0.7192	Ɔhaw a COVID-19 yareɛ no de baeɛ no nyinaa akyi, yɛgu so ara renya kankorɔ wɔ Mansini Baako Afididwuma Baako (IDIF) ho dwumadie mu.	Despite the effects of the COVID-19 pandemic, remarkable success continues to be achieved under the IDIF Programme.
2022	0.9961	0.3309	Yei si wɔ ɛberɛ a sika a Aban de bɛdi dwuma no kɔ anim sene deɛ Aban nsa aka no ankasa.	This occurs when Government expenditure is more than revenue.
2022	0.9956	0.3112	Ahohiahia a ɛkɔwiee owuo, asetenam ahokyere ne adwumasɛeɛ a Ghanafoɔ hunuiɛ no nyɛ adeɛ a Aban werɛ afiri koraa.	The hardship experienced by Ghanaians through the loss of lives, livelihoods and businesses is not lost on the Government.
2022	0.9956	0.3601	Aban nam ayaresabea ahodoɔ ɔha ne dubaako (Agenda 111 programme) a ɔrebɛsi wɔ mansini ahodoɔ mu no so ne Ɔman Apɔmuden Nsiakyibaa Nhyehyɛeɛ (National Health Insurance Scheme) bɛdi nsawɔsoɔ ama apɔmuden ho akadeɛ akɔ nkan na wama Apɔmuden mmeaeɛ no nsa aka sika a wɔhia de adi wɔn dwuma sɛdeɛ ɛbɛyɛ a apɔmuden a yɛrepɛ ama obiara wɔ afe 2030 mu no bɛba mu pɛpɛɛpɛ.	In conjunction with the National Health Insurance Scheme, Government will under the Agenda 111 programme boost health care infrastructure and financial access to health care to achieve quality universal health coverage by the year 2030.
2022	0.9956	0.3271	Yei yɛ sika a yɛde yɛ mpontunnwuma sɛ ebia akwanyie, sukuudansie, ayaresabea dansie, atwenesie, akwantusɛm, nsuo, mfidie akɛseɛ ne deɛ ɛkeka ho. Yei yɛ adwumayɛfoɔ bosome akatua, Sika ahodoɔ, asetenam ahotosoɔ sika, akwankɔgya sika ne deɛ ɛkeka ho a wɔtua ma Aban adwumayɛfoɔ.	This is money spent on major infrastructure projects such as roads, schools, hospitals, bridges, transport, water systems, plant and machinery etc. This is made up of salaries and salary-related allowances such as social security, gratuities and pensions paid to public sector workers.
2022	0.9956	0.2771	Yei gyina hɔ ma Aman anaa nnwumakuo a wɔboa Aman a afei na wɔretu mpɔn ma wɔduru wɔn mpontuo botaeɛ ho.	This refers to countries and/or organizations that collaborate with developing countries to achieve their developmental goals.
2022	0.9951	0.3701	Aban sane yɛɛ nhyehyɛeɛ ahodoɔ nam so boaa ankorankorɛ nnwuma sɛdeɛ ɛbɛyɛ a ɔmanfoɔ bɛsane asi wɔn dada mu.	Government also initiated policies to help revive businesses and bring our lives back to normalcy.
2022	0.9951	0.3087	Ghanaman reyɛ nhyehyɛeɛ nam so redi nnuadua ho dwuma a yɛnam so bɛhyɛ kwaeɛ a wɔatwa emu nnua nyinaa no anan mu.	Ghana is pursuing and implementing an aggressive afforestation programme and projects aimed at restoring lost forest cover.
2022	0.9951	0.4826	Wɔde Mmoayɛn Nhwehwɛmu Beaeɛ a ɛfa nkokɔ a yɛbɛwe (ARIBRO) (Animal Research Institute Broiler) ho dwumadie baeɛ no, ɛberɛ a ɛdi kan nie a CSIR de brɔla nkokɔ abedeɛ ne anini apue edwa.	For the first time, since the inception of the release of the ARIBRO (Animal Research Institute Broiler), the CSIR developed and released male and female lines of broilers.
2022	0.9951	0.4079	Yɛbɛgyina dwumadie a wɔato edin ARIBRO no so de nkokɔmma a wɔadi da koro no bi akyekyɛ ama mmoayɛn akuafoɔ.	Day-old chicks will also be produced and supplied to farmers under the ARIBRO Project.
2022	0.9951	0.4472	Ɔman Adwumakuo a Ɛhwɛ Mfidinnwuma Nketewa so no yɛ ɔman adwumakuo a ɛnyɛ mfasoɔ enti na wɔwɔ hɔ na mmom, ɛyɛ adwumakuo a ɛhyɛ Asoɛeɛ a Ɛhwɛ Edwadie ne Mfidinnwuma so no ase, a mmara ma wɔn ho ɛkwan sɛ wɔnhwɛ sɛ Mfidinnwuma Nketewa ne Adantam (Micro and Small Enterprises (MSEs) bɛtu mpɔn.	The National Board for Small Scale Industries (NBSSI) is a non-profit public sector organisation under the Ministry of Trade and Industry, and is mandated to promote the growth and development of Micro and Small Enterprises (MSEs).
2022	0.9946	0.6806	Mmabunu Adwumanya Adwumakuo (Youth Employment Agency (YEA) no gyinaa wɔn nkorabata ahodoɔ so faa nnipa dodoɔ mpem aduɔwɔtwe mmienu, ahanwɔtwe ne aduosia nkron (82,869 beneficiaries).	The Youth Employment Agency (YEA) engaged 82,869 beneficiaries under the various YEA modules.
2022	0.9946	0.2526	Yei yɛ sika dodoɔ a Aban tua wɔ dwuma a ɔdi ne dwumadie a ɔdi ma ɔmanfoɔ ho ho.	Amount of money that Government pays for running its operations and for delivering services to the public.
2022	0.9941	0.4148	Ewiem nsakraeɛ ho anammɔntuo ne ɛkwan pa a yɛrefa so abrɛ ewiem nneɛma bɔne ano ase. 30. COVID-19 akyiri sikasɛm nsiesie nhyehyɛeɛ no ama akwannya a yɛnam so bɛtumi afa ɛkwan pa ne nkoden so aduadua nnua nam so agyina yie bio.	The post COVID-19 economic recovery agenda provides an opportunity to build back better through innovation and more aggressive pursuit of green growth.
2022	0.9941	0.3007	Ɛhia pa ara sɛ yɛhwɛ toto yɛn ahiadeɛ, yɛn apɛdeɛ ne deɛ ɛsi yɛn ani so no ho nsɛm yie sɛ ɔman ne nnipa baako.	It requires a careful realignment and rebalancing of our needs, wants, and aspirations as a cohesive nation and as a people.
2022	0.9937	0.5335	Ghana Abɛɛfo edwadibea no akoradan a ɛwɔ Wenchi	Ghana Commodity Exchange warehouse in wenchi
2022	0.9932	0.5844	Yɛpagyaa sika a Aban de tɔ kookoo mu kɔduruu ɔha nkyɛmu aduonu nwɔtwe ma ɛkɔduruu sidi mpem edu ahanum aduasa (GH¢10,560) tɔnn baako biara wɔ afe 2019/20 kuayɛ ɛberɛ no mu na ɛboɔ no kɔɔ so gyinaa saa ara wɔ afe 2021/22 kuayɛ ɛberɛ no mu mpo wɔ ɛberɛ a na kookoo ɛboɔ aba fam wɔ ewiase nyinaa edwaman so.	Producer price was increased by 28 percent to GH¢10,560 per tonne during the 2019/20 season and maintained at that level for the 2021/22 season in the face of cocoa prices being held down at the international market.
2022	0.9932	0.1544	Wɔyɛn Nkokɔbedeɛ dodoɔ a na wɔadi nnawɔtwe enum apem baako ne ahasa ne nkokɔnini a wɔbɛforo abedeɛ no ahasa a na wɔadi nnawɔtwe nson.	Over 1,300 breeder hens and 300 breeder cocks between 5 and 7 weeks old were developed.
2022	0.9927	0.3957	Nneɛma a Aban Nnwuma agye atom wɔ wɔn Nneɛmatɔ Nhyehyɛeɛ (Procurement Plans) mu a apue edwa wɔ Aban Nneɛmatɔ Mpenesoɔ Adwumakuo (PPA) no abɛɛfo amaneɛbɔbea (website) no nko ara na yɛbɛdi ho dwuma de ama nneɛmatɔ ho kɔntraagye, Ɛsɛ sɛ Nneɛmatɔ ho abisadeɛ a Aban adwumakuo biara bɛyɛ wɔ afe biara mu no yɛ deɛ wɔatwa ɛho sika ato hɔ wɔ saa afe korɔ no mu Sikasɛm Nhyehyɛeɛ mu.	Only items specified in approved MDAs' Procurement Plans posted on the PPA website can be considered for procurement contracts; All procurement requests by procurement entities relating to a particular fiscal year must be backed by budgetary allocations approved for that year.
2022	0.9927	0.3649	Yei yɛ ɛkwan a wɔfa so kyekyɛ ɔman sika mu ma Aban asoɛeɛ ahodoɔ no ne nnwumakuo ahodoɔ no ma wɔde di dwuma ma ɔmanfoɔ.	The process of sharing or distributing resources amoung government agencies and departments.
2022	0.9922	0.2708	Yei enti, Aban retu anammɔn afa so asiesie nsase a asɛe no, ama yɛn kwaeɛ ne emu mmoadoma ho banbɔ, ntotoeɛ ne dwumadie ahodoɔ a ɛde mfasoɔ bɛba no adi mu.	In this regard, Government is embarking on programmes to reclaim our degraded lands to ensure the sustainable protection, management, production and development of forest and wildlife resources.
2022	0.9922	0.3031	Yɛbɛwie dodoɔ nson aka no wɔ afe 2021 awieeɛ. Saa dwumadie yi bɛma yɛanya akoradan a ne kɛseɛ bɛyɛ mpem aduasa (30,000mt) a ɛbɛboa akora nnɔbaeɛ dodoɔ a ani da ɛkwan sɛ ɛbɛba ɛsiane PFJ nhyehyɛeɛ no enti.	The remaining 7 are scheduled for completion by the end of 2021. This initiative will make available 30,000mt of storage capacity to accommodate anticipated increased production under the PFJ initiative.
2022	0.9897	0.1800	"Ɛbɔ 2021 baa awieeɛ no, na yɛagyina nhyehyɛeɛ a ɛne ""Mansini Baako Akoradan Baako- ho dwumadie so awie akoradan (warehouses) dodoɔ aduasa a yɛde sii ani so sɛ yɛbɛsi no mu dodoɔ aduonu mmiɛnsa."	As at end of September 2021, 23 out of the 30 warehouses initiated have been completed under the “One District One warehouse” intervention.
2022	0.9897	0.3183	Yei yɛ sika dodoɔ a aka wɔ ɛberɛ a Aban agyegye deɛ nqani da ɛkwan sɛ ɔbɛnya no nyinaa akyi de adi dwuma, a bosea ho nsiho nka ho bie, (kyerɛ sɛ bosea a Aban bɛtua nka ho).	This is the difference between Government revenue and its non interest expenditure (excluding debt Service Payment).
2022	0.9888	0.6692	Bio, yɛtwerɛɛ amannɔnefoɔ dodoɔ mpem ɔha aduosia mmiɛnsa ne ahansia aduɔkron enum (163,695 foreigners) edin memaa wɔn ahɔhoyɛ ho adansedie kaade (Non-Citizen Identity Cards).	A total of 163,695 foreigners were also enrolled and issued with Non-Citizen Identity Cards.
2022	0.9888	0.3652	Yei yɛ adwene foforɔ koraa a Ghana Aban de puee edwa a ɔnam so bɛma mmeranteɛ ne mmabaawa a wɔawie asuapɔn no bɛnya adwuma ayɛ wɔ ankorankorɛ anaa Aban nnwuma mu na wɔaboa de wɔn nimdeɛ apɛ asetenam ɔhaw ahodoɔ nnannuaguberɛ, na yei aboa wɔn ma wɔanya osuahunu a ɛbɛboa Ɔman sikasɛm mpontuo.	Certain amount also known as NABCO is an initiative introduced by the Government of Ghana to provide jobs to unemployed university graduates to solve various social problems in both the private and public sectors and build their skills to promote economic growth in the country.
2022	0.9883	0.1918	Kutawonsa da a ɛtɔ so Nkron wɔ afe 2021 mu no, yɛpaa Pokuase lɔre ɛkwan abɔnta nsamsoɔ ho dwumadie a abɔntanan nsamsoɔ, lɔre akwan bi a wɔahyɛda ayiyi ato hɔ kwansini dummienu, beaeɛ a ɔmanfoɔ fa so wɔ lɔrekwan ho, ɛtwene a nnipa fa so, ɛtwene a nnipa fa aseɛ ne suka ahodoɔ ka ho no ho ntoma.	The Pokuase Interchange Project comprising the construction of a 4-tier interchange, 12km of selected roads, segregated walkways, footbridges, th underpasses and drainage structures was completed and commissioned on 9 July, 2021.
2022	0.9878	0.4517	Tono afuo-so-nsuguguo dwumadie wɔ Navorongo	Rehabilitation of Tono Irrigation Project, Navorongo
2022	0.9873	0.3537	Yei enti, Aban nhyehyɛeɛ a ɔbɛtu ho anammɔn no bɛyɛ deɛ ɛbɛboa mmabunu, nam so ahunu adom akyɛdeɛ a wɔwɔ na yɛaboa ama obiara anya akwannya de adi dwuma sɛdeɛ ɛbɛboa ama ahonya aba ama obiara.	Government policies will, therefore, be geared towards supporting the youth to exploit their talents and unleash their potential to ensure prosperity through equal opportunity for all.
2022	0.9873	0.1983	Ankorankorɛ nnwuma nso faa nnipa dodoɔ mpem dunwɔtwe (18,000.)	The private sector also engaged about 18,000 persons.
2022	0.9868	0.6933	COVID-19 yadeɛ kontonkurowi ho nsunsuansoɔ bɔne no aka ewiase ɔman biara sikasɛm a Ghanaman ka ho bi.	The devastating impact of the COVID-19 pandemic has been felt by all economies, including Ghana.
2022	0.9868	0.2075	Ne saa enti, Aban de ewiem nsakraeɛ ho nhyehyɛeɛ ahodoɔ agu akwan mu a ɛbɛboa kankorɔ, sikasɛm mu mpontuo, adwumanya ne nnipa mu nyiyimu ano abrɛ ase.	In this regard, Government has put in place climate change interventions to leverage the drive towards a green transition in a manner that promotes sustainable growth, financial and fiscal stability, increased employment, and reduced inequality.
2022	0.9854	0.7681	1D1F Tomato ho afididwuma a ɛwɔ Domfete wɔ Berekum Atɔeɛ	Tomato Processing Factory at Domfete, Berekum west under 1D1F
2022	0.9854	0.2162	Yeinom yɛ sika ho mmoa ahodoɔ a Mpontuo mu Aboafoɔ de boa Aban a ɛnyɛ adeɛ a Aban bɛtua.	These are types of financial assistance given to Government by development partners and for which Government does not have to be pay back.
2022	0.9849	0.2815	Dwuma A Yɛde Sika Diiɛ 6. Ɛbɔ bosome kɔɔ awieeɛ wɔ afe 2021 mu no, na Sika dodoɔ a Aban de adi dwuma (a ɛka a yɛatua ka ho bi) no aduru Ghana sika sidi ɔpepepem aduɔwɔtwe ne ɔpepem aduoson baako (GH¢80.71 billion) a ɛyɛ ɔman yi mu adwadeɛ mu ɔha mu nkyɛmu dunwɔtwe ne akyire pɔ ɛnan (18.4% of GDP) a wode toto dwumadie mu nsakraeɛ a yɛyɛɛ no ho a, na ɛsɛ sɛ anka yɛde Ghana sika sidi ɔpepepem aduɔwɔtwe mmiɛnsa ne ɔpepem aduɔwɔtwe nkron (GH¢83.89 billion) a ɛyɛ ɔman yi mu adwadeɛ mu ɔha mu nkyɛmu dunkron ne akyire pɔ baako (19.1% of GDP) na ɛdi dwuma.	Total Government Expenditures (including arrears clearance) as at end September 2021 amounted to GH¢80.71 billion (18.40 of GDP) against the revised target of GH¢83.89 billion (19.10 of GDP).
2022	0.9849	0.7080	"Ɛsiane dwumadie a wɔnam so de rema ɔmanfoɔ a wɔwɔ ahoɔden anya adwuma ayɛ (Ghana Productive Safety Net - GPSNP) no enti, Aban gyinaa ""Kuayɛ mu Nnɔbaeɛ a yɛde kɔ Amannɔne kɔtɔn ne Nkuraaseɛ Mpontuo Dwumadie (Planting for Export and Rural Development (PERD) Programme) no so kyekyɛɛ nnɔbaeɛ a yɛtɔn nya mu sika ho nnua nketewa dodoɔ ɔpepem nson ne mpem ahankron (7.9 million cash crop seedlings) maa akuafoɔ."	Under the Ghana Productive Safety Net Project (GPSNP), Government distributed a total of 7.9 million cash crop seedlings to farmers under the “Planting for Export and Rural Development” (PERD) Programme.
2022	0.9844	0.7212	"Dwumadie a wɔfrɛ no ""Enable Youth 1D1F mu no, nnwuma ahanu aduɔson nwɔtwe (278 projects) mu aduonum nwɔtwe (58 projects) yɛ mmabunu akuo a Aban aboaboa wɔn ano no dea na yɛataa wɔn akyi aboa wɔn sika fam sɛ wɔmfa mmue wɔn ankasa mfidinnwuma a ɛdi mu pa ara."	Under the Enable Youth 1D1F Initiative, 58 of the 278 projects are fully-owned by youth groups mobilised by Government and supported with seed funding to establish their own state-of-the-art agro-processing factories.
2022	0.9839	0.4452	Ɔman Kwaeɛ mu Nnua Nhyɛananmu Dwumadie (National Afforestation Programme -NAP) no maa akwannya ma wɔfaa nnipa dodoɔ mpem aduɔson mmienu (72,000 persons) adwumam.	The National Afforestation Programme (NAP) provided an opportunity to engage a total of 72,000 persons exceeding the target of 60,000 to assist in various areas of planting activities.
2022	0.9834	0.6819	Yɛgyina Mmabunu Kwaeɛm Nnua Nhyɛananmu Dwumadie (Youth in Afforestation Programme) no so faa nnipa no mu dodoɔ mpem aduasa enum (35,000) ɛnna yɛgyinaa deɛ wɔato edin sɛ Modified Taungya System (MTS) no so faa nnipa no mu dodoɔ mpem Dunson (17,000) ɛnna afei yɛgyinaa dwumadie a wɔfa nnipa ma wɔgu aba so faa nnipa mpem mmienu (2,000).	These included 35,000 persons under the Youth in Afforestation Programme, 17,000 persons under the Modified Taungya System (MTS) and 2,000 persons in seedling production.
2022	0.9829	0.2417	Afe 2022 mu no, Mmabunu Adwumanya Adwumakuo no (YEA) no ne wɔn a wɔanya adwuma dodoɔ mpem ɔha ne nsia (106,000 beneficiaries) wɔ 1D1F mu no bɛnya nsawɔsodie.	In 2022, the YEA will engage 106,000 beneficiaries.
2022	0.9829	0.2939	Nhwɛsoɔ ne sɛ, abusua bi bɛtumi ayɛ sikasɛm nhyehyɛeɛ nam so akyerɛ sika dodoɔ a wɔwɔ ne nneɛma ahodoɔ a ɛhia sɛ wɔde sika no yɛ no nnidisoɔ nnidisoɔ.	For instance, a family can draw up a budget that will show how much money is available and how it should be prioritised for spending (for example, rent, utilities and food).
2022	0.9824	0.9390	No part of this publication may be stored in a retrieval system or transmitted in any or by any means, electronic, mechanical, photocopying, recording or otherwise without the prior written permission of the Ministry of Finance	No part of this publication may be stored in a retrieval system or transmitted in any or by any means, electronic, mechanical, photocopying, recording or otherwise without the prior written permission of the Ministry of Finance
2022	0.9795	0.3374	Sika dodoɔ a Aban nyaa no wɔ ɔman yi mu no kɔduruu ɔpepepem aduonu ne ɔpepem aduasa nkron (GH¢20.39 billion) a ɛyɛ ɔman yi mu adwadeɛ ɔha mu nkyɛmu aduosia ne akyire pɔ mmienu (60.2% of GDP) na sika a Aban nya firii amannɔne nso kɔduruu ɔpepepem dumiɛnsa ne ɔpepem aduanan nson (GH¢13.47 billion) a ɛyɛ ɔman yi mu adwadeɛ ɔha mu	Total Domestic Financing amounted to GH¢20.39 billion, while Foreign financing amounted to GH¢13.47 billion, constituting 60.2 percent and 39.8 percent of the total, respectively.
2022	0.9795	0.4020	Yɛgyinaa Nnwumakuo a wɔdi dwuma wɔ beaeɛ pɔtee bi a wɔmma wɔnntua ɛtoɔ nhyehyɛeɛ so (Free Zones enterprises) maa nnipa ahodoɔ mpem aduasa, ɔha ne duɔwɔtwe nkron (30,189 persons) nyaa adwuma yɛɛ wɔ adwadeɛyɔ nkorabata (manufacturing sector) no mu.	” 43. Under Free zones enterprises, a total of 30,189 jobs were created, mainly in the manufacturing sector.
2022	0.9795	0.6662	Ɛka ahodoɔ a Aban de no yɛ sika a ɛsɛ sɛ Asoɛeɛ a Ɛhwɛ Sikasɛm so no tua ma Aban Nnwuma ahodoɔ no ɛnna afei, ɛka ɛda hɔ firi afe 2016 mu a mmara hyɛ sɛ ɛsɛ sɛ Aban tua gu Mmara ho Fotoɔ ahodoɔ mu.	The outstanding obligations comprise MDA commitments with the Ministry of Finance as well as outstanding 2016 payments to Statutory Funds.
2022	0.9790	0.3142	Yei yɛ ɛtoɔ bi a yɛde to adwadeɛ ahodoɔ so wɔ adwadeɛyɛ mpɛmpɛnsoɔ biara mu.	The tax levied as value is added to goods and services At each stage of production.
2022	0.9785	0.3771	Yei yɛ sika mu mmoa bi a Aban de ma ɔman mma ma ɛyi adesoa kakra firi wɔn so ma wɔn kɔn mu dwo wɔn.	This is a financial relief given by government to citizens to reduce the burden on them .
2022	0.9780	0.3850	Afe 2022 Sikasɛm Nhyehyɛeɛ yi ho hia pa ara wɔ anammɔn a yɛretu asane akɔ yɛn dada mu a yɛrente nsane yɛn akyi bio no mu, na yɛanya nsakraeɛ pa a ɛbɛma yɛaduru yɛn anisoadehunu sɛ Ghana bɛduru mpɛmpɛnsoɔ a yɛrenhia mmoa (Ghana Beyond Aid) no ho.	85. 2022 Budget is crucial for our sustained recovery and transformation to a The prosperous Ghana Beyond Aid.
2022	0.9780	0.9695	© 2021. All rights reserved.	© 2021. All rights reserved.
2022	0.9775	0.1617	Saa nnwumakuo yi mu biara wɔ nnipa dodoɔ bɛyɛ aduanan kɔsi aduanan nwɔtwe a wɔde wɔn sika ahyɛ nnwuma no mu.	Each of these companies has between 40 and 48 individuals as shareholders.
2022	0.9766	0.6665	"Beaeɛ a wɔfrɛ no ""The Job Centre-, a ɛyɛ ntamgyinafoɔ ma wɔn a wɔrepɛ adwuma ne nnwumakuo no boa maa nnipa dodoɔ apem baako, ɔha ne aduɔwɔtwe enum (1,185 persons) nyaa adwuma."	“The Job Centre”, which links job seekers to potential employers, enabled 1,185 persons to gain employment.
2022	0.9766	0.6289	"Aban nwomasua nhyehyɛeɛ a ɛne ""Fa-me-kwa Ntoasoɔ Sukuukorɔ- no mu no, yɛfaa adesuafoɔ afoforɔ dodoɔ mpem ahanan aduonu enum ne aduosia baako (425,061 first-year students) nam so maa wɔn nyinaa dodoɔ kɔsii ɔpepem baako mpem ahanu aduosia baako, ahanan ne aduɔkron enum (1,261,495 students)."	Under Government's Flagship Free SHS programme, 425,061 first-year students were enrolled bringing the total intake to 1,261,495 students.
2022	0.9761	0.3699	Nkutahodie dodoɔ a akɔ so wɔ Aban ne akuhodoɔ a mmabunu ne nwomasua akuhodoɔ ka ho bie ntam enti no, afe 2022 yi mu no, Aban bɛgyina Ghana COVID-19 Asetɔre ne Ankorankorɛ Nnwuma mu Nkanyan ho mmoa (GhanaCARES) dwumadie no so afiri aseɛ atu nhyehyɛeɛ a ne edin de YouStart no ase, afa so de sikabotene a ano boɔ som ɔpepepem baako (Ghc 1.0 billion) nam so de abuebue nnwuma dodoɔ ɔpepem baako wɔ mfeɛ mmiɛnsa ntam.	Following extensive consultation with stakeholders, including youth associations and educational institutions, Government in 2022 will implement the YouStart Initiative as a vehicle to use GH¢1.0 billion to create 1 million jobs in 3 years under the GhanaCARES programme.
2022	0.9756	0.3947	"Ɛsiane Aban dwumadie a wato edin sɛ ""Water for All- a yɛnam so bɛma obiara anya nsuo no enti, yɛahyɛ nsuo ho dwumadie ahodoɔ ase a emu biara aduru mpɛmpɛnsoɔ pɔtee bi."	As part of Government's “water for All” programme, several water systems have been initiated and are at various stages of completion.
2022	0.9736	0.2000	Mmabunu adwumanya ne nsaanodwuma ho ɔhaw anosie 28. Sɛdeɛ ɛbɛyɛ na yɛbɛtumi asi mmabunu adwumayɛ ne nsaanodwuma ho ɔhaw ano enti, Aban nam dwumadie ahodoɔ sɛ ebia NEIP, NABCO, Ɔman nnuadua dwumadie ne NBSSI (a seesei wɔfrɛ no GEA) no so abuebue nnwuma ho akwannya ato hɔ ama mmabunu ne nnwuma nketewa ne adantam (SMEs).	To help address the youth unemployment and skills challenge, Government through special programmes such as NEIP, NABCO, National Afforestation and NBSSI (now GEA), has created significant job opportunities for the youth and SMEs.
2022	0.9736	0.3576	"Saa nhyehyɛeɛ yi botaeɛ foforɔ ne sɛ ɛbɛma yɛatumi aduru Amanaman Nkabom Ekuo nhyehyɛeɛ a wɔato edin ""Agenda 2030- (SDGs) ne Abibirem Nkabom Botaeɛ a wɔato edin ""Africa Union Agenda 2063- no ho."	This Framework also seeks to achieve the objectives of the UN Agenda 2030 (SDGs) and Africa Union Agenda 2063.
2022	0.9722	0.3885	YouStart dwumadie yi bɛboa wɔn a afei na wɔahyɛ wɔn ankasa nnwuma ase no ama wɔanya sika, anya mimdeɛ, anya nsaanodwuma ho nteteeɛ ne nkanyan de afiri wɔn ankasa nnwuma ase ama akɔ nkan.	The YouStart will support young entrepreneurs to gain access to capital, training, technical skills, and mentoring to enable them launch and operate their own businesses.
2022	0.9717	0.6459	Afei yɛbɛwie akwan a ɛka nkuro akɛseɛ bɔ mu kwansini aduɔson enum (75km), deɛ ɛkɔ baabi a mfudeɛ firi ba kwansini ɔha aduonum (150 km) ne kurom akwan kwansini aduasa (30 km) ho dwumadie.	Rehabilitation works on 75km of trunk roads, 150km of feeder roads and 30km of urban roads will also be undertaken.
2022	0.9702	0.2551	Sikasɛm ne agyapadeɛ ahodoɔ a Aban hwɛ so ma ɔmanfoɔ no nyinaa ka yei ho.	This may include the responsibility for money or other properties that Government holds in trust.
2022	0.9692	0.3312	Yei nyinaa botaeɛ ne sɛ ɛbɛboa ahyɛ atenaeɛ a agyigya wɔ asuo ho no na ate ɔhaw a nnipa dwumadie de aba asuo ahodoɔ no ho no so.	This is to restore degraded buffers around the river bodies and reduce the negative impact of human activities on the water bodies.
2022	0.9683	0.1177	Saa ɔfa yi da dwuma a Aban adi wɔ ɔman yi asoɛeɛ ahodoɔ no mu wɔ afe 2021 mu ne dwuma a ɔbɛdi wɔ afe 2022 mu no adi.	This section highlights the performance of Government in key areas and sectors of the economy in 2021, as well as programmes and activities for implementation in 2022.
2022	0.9678	0.2440	Sikasɛm Nhyehyɛeɛ ho Anammɔntuo ne Dwumadie ho Sikapɛ 7. Sika dodoɔ a Aban de dii dwuma boroo so ma ɛka a ɛbaa so yɛ ɔpepepem aduasa mmiɛnsa ne ɔpepem aduɔwɔtwe nsia (GH¢33.86 billion) a ɛyɛ ɔman yi mu adwadeɛ mu ɔha mu nkyɛmu nson ne akyire pɔ nson (7.7% of GDP) a na anka ɛsɛ sɛ ɛyɛ ɔpepepem aduasa mmienu ne ɔpepem aduonum nwɔtwe (GH¢32.58 billion) a ɛyɛ ɔman yi mu adwadeɛ mu ɔha mu nkyɛmu nson ne akyire pɔ ɛnan (7.4% of GDP).	Government's fiscal operations resulted in a cash deficit of GH¢33.86 billion (7.70 of GDP), compared to the revised target of GH¢32.58 billion (7.40 of GDP).
2022	0.9658	0.1972	Mfuo-so-nsuguguo ho dwumadie afoforɔ bi nso ne deɛ ɛwɔ Tamne a ɛwɔ Atifi Apueeɛ Mantam ne Mprumem a ɛwɔ mfinimfini Mantam mu no a sɛ yɛwie a ɛbɛma mfuo-sonsuguguo de nsuo akɔ asase hɛkta ahasa aduɔson enum so de agugu ɛmo ne atosodeɛ mfuo so.	Other Irrigation projects at Tamne in the Upper East Region and Mprumem in the Central Region, which will provide a total of 375ha for rice and vegetable production, were also completed.
2022	0.9658	0.1830	"Aban ne wɔn a wɔdi akotene wɔ nwomasua mu no dii nsawɔsoɔ nam so pɛɛ ɛkwan pa a yɛbɛfa so abue sukuu wɔ afe 2021 mu. Yɛmaa sukuu ahodoɔ nyinaa ""tɛmomita-(deɛ wɔde hwɛ hunu obi ho hyeɛ no) sɛdeɛ wɔde bɛhunu asukuufoɔ no ne adekyerɛfoɔ no ho hyeɛ."	Government collaborated with stakeholders to implement measures for the safe reopening of schools in January 2021. All schools were provided with infra-red thermometers to monitor the temperature of pupils, students and staff.
2022	0.9648	0.1591	Aban ani da ɛkwan sɛ sika dodoɔ a yɛbɛgyegye no bɛgyina ɛtoɔtua ho nokorɛdie, sikagyegyeɛ ho nhyehyɛeɛ mu nsakraeɛ ne ɛtoɔtua nhyehyɛeɛ ho ntotoeɛ pa so.	The resource mobilisation for 2022 is expected to be impacted by improvements in tax compliance, reforms in revenue administration, as well as tax policy measures.
2022	0.9644	0.4152	Aban bɛma Botaeɛ 111 (Agenda 111 Project) no ho anammɔntuo akɔ ntɛmntɛm a emu no, yɛbɛsisi mansini ayaresabea dodoɔ ɔha ne baako (101 district hospitals), mantam ayaresabea nson (7 regional hospitals) ɛnna adwenemhaw ayaresabea mmiɛnsa (3 psychiatric hospitals).	” 81. Government will accelerate the implementation of the Agenda 111 Project comprising 101 district hospitals, seven regional hospitals and three psychiatric hospitals.
2022	0.9624	0.0743	Saa ɛtoɔ yi bɛka “fonq so sikamaneɛ, sikakorabea sikamaneɛ, “fonq so sikamaneɛ ho dwumadie ne sikamaneɛ a ɛfiri amannɔne, na ɛtoɔ a ɛda so yɛ ɔha mu nkyɛmu baako ne akyire pɔ nson ne fa (1.75%) a onipa a ɔde sika remane no na ɔbɛtua, gye sɛ sikamaneɛ a ɛfiri amannɔne reba no na deɛ ne nsa bɛka sika no bɛtua saa ɛtoɔ yi.	The levy will cover mobile money payments, bank transfers, merchant payments, and inward remittances.
2022	0.9619	0.1877	Aban wiee ntɔtemmoa ebuo edu baako a yɛde ani buu sɛ yɛbɛsi no mu edu ne nsubura dodoɔ dubaako maa ntɔtemmoayɛn mmeaeɛ ahodoɔ dubaako.	Government completed 10 out of 11 livestock housing units and 11 mechanised boreholes for 11 livestock breeding stations.
2022	0.9600	0.3390	So na wɔate amanneɛbɔ nyinaa wɔ ɛberɛ ano ɛberɛ ano.	Information for its citizens about what it is doing.
2022	0.9565	0.3063	Yei si wɔ ɛberɛ a, sika a yɛde adi dwuma ahodoɔ no aboro deɛ yɛtwa too hɔ wɔ sikasɛm nhyehyɛeɛ mu a mmarahyɛbadwa gye too mu no so.	This occurs when Government spending exceeds the Budget amount approved by Parliament.
2022	0.9478	0.3444	Yei botaeɛ ne sɛ yɛnam ankorankorɛ nnwuma ho no nhyehyɛeɛ mu mpontuo ne mmoa a yɛde bɛma wɔn no so ama ɔman yi sikasɛm agyina yie, nkanyan aba mu na ɛnam so ama nsakraeɛ pa aba ɔmanfoɔ asetena mu.	This is to stabilise, revitalise and transform our nation, through the improvement of the business environment, and support the private sector.
2022	0.9473	0.5018	"Ghana Covid-19 Asetɔre Ne Ankorankorɛ Nnwuma Mu Nkanyan Ho Mmoa (Ghanacares) “Obaatan Pa” Dwumadie No 17. Sɛdeɛ ɛbɛyɛ na yɛbɛduru yɛn botaeɛ a yɛpɛ sɛ Ghana duru mpɛmpɛnsoɔ a yɛrenhia mmoa ho, na afei yɛasane agyina yɛn nan so wɔ COVID-19 Yadeɛ Kontonkurowi akyi enti, Ghana Aban hyɛɛ aseɛ tuu Ghana Covid-19 Asetɔre (GhanaCARES) ""Obaatan Ne Ankorankorɛ Nnwuma Mu Nkanyan Ho Mmoa Pa- (GH¢100 Dwumadie a emu sikabotene yɛ sidi ɔpepepem ɔha baako billion) ho anammɔn."	To realise the vision of transforming Ghana Beyond Aid, and beyond COVID- 19 Pandemic, Government commenced the implementation of the GH¢100 billion Ghana COVID-19 Alleviation and Revitalisation of Enterprises Support programme, (the GhanaCARES “Obaatan pa” programme).
2022	0.9463	0.3383	Sikasɛm nhyehyɛeɛ gyina hɔ ma nhyehyɛeɛ a Aban ayɛ afa ɛkwan a ɔbɛfa so anya sika ne deɛ ɔde saa sika no bɛyɛ ho.	A budget is a plan that outlines where to get money from and what to spend it on.
2022	0.9453	0.6884	Aban nhyehyɛeɛ a ɛwɔ hɔ sɛ ɔbɛma mmeranteɛ ne mmabaawa adi dwuma ahodoɔ, nam so de ate kuro kɛseɛm atukɔtena (rural-urban) so, na ama wɔn asetena mu atu mpɔn enti no, ɔnam nnuadua, kookoo mfuo so adupeteɛ, ɔyɛasaseyie-peteɛ, nnuabaguo, kookoo nnua mman a yadeɛ aka no ho twitwa ne kookoo mfuo-so-nsusuguo so maa nnipa dodoɔ mpem ɔha ne aduasa nyaa nnwuma yɛeɛ (130,000 jobs were created).	In line with Government's objective to direct young men and women into productive ventures, reduce the rate of rural-urban migration and improve livelihoods of the youth, 130,000 jobs were created through the rehabilitation and replanting, mass spraying, fertiliser application, hand pollination, mass pruning and cocoa farm irrigation in the cocoa sector. Mass Spraying of Cocoa Farms
2022	0.9448	0.5979	Ɛkwan a yɛbɛfa so apɛ sika wɔ 10. Aban ani da ɛkwan sɛ sika dodoɔ a ɔbɛtumi agyegye ne deɛ wɔde bɛkyɛ yɛn wɔ afe 2022 mu no nyinaa bɛduru Ghana sika sidi ɔpepepem ɔha ne ɔpepem mmienu (GH¢100.52 billion) a ɛyɛ ɔman yi mu adwadeɛ mu ɔha mu aduonum nkyɛmu aduonu ne akyire pɔ (20.0 % of GDP).	Total 10. Revenue and Grants for 2022 is estimated at GH¢100.52 billion (20.0 percent of GDP).
2022	0.9385	0.3668	Mede ahohoahoa ka sɛ anammɔn a ɔman yi tuu wɔ yadeɛ kontonkurowi yi ho no yɛ akokoɔduru anammɔn na ɛyɛ gyinaeɛsie a ɛdi mu pa ara a ewiase aman nyinaa agye atom sɛ yɛayɛ adeɛ.	I am proud to say that our response to address the impact of the pandemic was bold and decisive and has been admired all over the world.
2022	0.9385	0.6576	Saa anammɔntuo yi boa sii COVID-19 yadeɛ no ano, nam so bɔɔ adesuafoɔ no, akyerɛkyerɛfoɔ ne ɔmanfoɔ nyinaa ho ban na yei boa maa asukuufoɔ a wɔwɔ mpɛmpɛnsoɔ ahodoɔ nyinaa no sane kɔɔ sukuu afe 2020/2021 no mu.	These measures helped to curb the spread of the COVID-19 pandemic, ensured the safety of pupils, students, teachers and the general public, and contributed to the smooth running of schools at all levels for the 2020/2021 academic year.
2022	0.9277	0.2030	Yɛgyinaa Kuayɛ ho dwumadie nhyehyɛeɛ no ɔfa a yɛfrɛ no IPEP no so wiee nkuraase edwa aduonum ne Mankassim edwa no ɔfa a ɛdi kan a suka a ne tenten yɛ mita ahanson aduɔwɔtwe ka ho bie no nyinaa.	St 62. 50 rural markets under the agriculture component of IPEP and the 1 Phase of the Mankessim market, which includes a 780-metre storm drain have all been completed.
2022	0.9277	0.6431	Afe 2020/21 kuayɛ ɛberɛ a akɔ awieeɛ yi mu no, kookoo dodoɔ a yɛteeɛ kɔɔ soro boroo deɛ yɛate pɛn nyinaa so kɔduruu tɔnn ɔpepem baako, ne mpem aduanan enum ne ahanum (1,045,500 tonnes) .	In the just-ended 2020/21 season, total production of cocoa reached an alltime high of 1,045,500 tonnes.
2022	0.9253	0.4169	Ɛsiane anammɔn a yɛretu de atrɛ ewiemhyɛn nketewa dwumadie (drone services) mu wɔ apɔmuden ho akadeɛ a ɛhia sɛ yɛde kɔ ɔman yi afan nyinaa no enti, Aban ne adwumakuo a yɛfrɛ no Zipline aka abom asisi mmeaeɛ a ewiemhyɛn nketewa yi ho dwumadie bɛkɔ so afoforɔ mmienu wɔ Anum wɔ Apueeɛ Mantam mu ɛnna Abujuro wɔ Oti Mantam mu.	As part of efforts to expand drone services in the delivery of critical medical supplies, Government collaborated with zipline to construct two new distribution centres at Anum and Abujuro in the Eastern and Oti Regions, respectively.
2022	0.9209	0.3926	Yei da nkyɛn a, ɛsɛ sɛ yɛhunu baabi a saa nneɛmatɔ yi ho sika firi reba ɛnna sika dodoɔ a ɛwɔ hɔ ma saa nneɛmatɔ yi, Aban adwumam panin biara nni ho ɛkwan sɛ ɔde ne nsa hyɛ Nteaseɛ Apam (MoU) biara ase de kyekyere Ghana Aban wɔ sikasɛm mu wɔ ɛberɛ a ɔnnyee mpenesoɔ mfirii Ɔsoafoɔ a Ɔhwɛ Sikasɛm so no nkyɛn.	This notwithstanding, all such requests must also be based on actual confirmed sources and availability of funding; No public official must sign any MOU or agreement that commits the Government of Ghana financially without prior approval or clearance from the Minister for Finance.
2022	0.9209	0.7735	Ahyɛn Akwaa-hyehyɛ ne Ahyɛn ho Afididwuma (Vehicle Assembly and Automotive Industry) a ɛyɛ Ghana Ahyɛn ho Afididwuma Mpontuo dwumadie no fa bi boa maa Toyota Tsusho Aafididwuma no, buee Ahyɛn Akwaa-hyehyɛ Adwumakuo wɔ Ayɛwohomumɔ bosome mu wɔ afe 2021 mu nam so firii aseɛ hyehyɛɛ Toyota ne Suzuki ahyɛn – Hilux Pickup ne Suzuki Swift – wɔ Ghana.	Under the Vehicle Assembly and Automotive Industry component of the Ghana Automotive Development Programme, Toyota Tsusho Manufacturing Company commissioned an assembly plant in June 2021 to assemble Toyota and Suzuki brands of vehicles a Hilux Pickup and Suzuki Swift a in Ghana.
2022	0.9165	0.6736	Afe 2022 Sikasɛm Nhyehyɛeɛ yi mu no, yɛayɛ nhyehyɛeɛ ahodoɔ a yɛde bɛtoa so atu anammɔn wɔ ɔman yi mu ɔhaw ahodoɔ a yɛwɔ mu seesei no ho nam so ama yɛatumi agyina yɛn nan so bio wɔ yadeɛ kontonkurowi yi akyi.	In the 2022 Budget, we have outlined plans to continue to tackle the immediate challenges of the economy and to emerge stronger in the post-pandemic era.
2022	0.9126	0.1482	CSIR adwumakuo no bɛkɔ so aboa ama Kuayɛ mu Nnɔbaeɛ a yɛde kɔ Amannɔne kɔtɔn ne Nkuraaseɛ Mpontuo (PERD) ɛnna afei Kuayɛ a Ɛde Nnuane ne Nnwuma Ba (PFJ) ho dwumadie no nyinaa adi mu na yei mu no, yɛde mfudeɛ nkumaa a yɛtu tintim bɛma akuafoɔ.	In 2022, Government will continue to support livestock farmers by providing 14,000 breeding stock of small ruminants, 8,000 grower pigs, 5 million broiler day-old chicks and 20,000 broiler birds. ” 71. The CSIR will continue to support the PERD and PFJ initiatives with the production of germinated seedlings for farmers.
2022	0.9097	0.5505	Sɛdeɛ ɛbɛyɛ na saa anammɔntuo yi bɛwie pɛyɛ enti, Aban ama Ghanafoɔ bɛboro ɔpepem dunum (over 15 million Ghanaians) anya wɔn ankasa ahyɛnsoɔ kaade na ɔde fidua ɔpepem nson ne mpem ahanum (7.5 million houses) nso ato ɔman abɛɛfo akyirikwan nhyehyɛeɛ no so a ɛboa ma yɛhunu beaeɛ a fidua ahodoɔ yi mu biara wɔ pɔtee. Ghana Sikakorabea Baatan (Bank of Ghana) nam abɛɛfo sika foforɔ (e-cedi currency) a wɔde apue edwa no so ahyɛ yɛn abɛɛfo nimdeɛ ho anammɔntuo no mu kena.	To this end, Government issued unique identification cards to over 15 million Ghanaians and placed 7.5 million houses on the national digital address system. 26. The drive to digitise the economy has received additional recognition from the adoption of the e-cedi currency by the Bank of Ghana. we have rolled out the oGhana.gov' platform as well as other initiatives to enhance and expand efficiency in service delivery. ”
2022	0.9087	0.3919	Aban ne nnipakuo ahodoɔ a wɔdi nkokɔyɛn, ɛmo, soya ne ntoosi ho dwuma no nyinaa hyiaeɛ, na ɛnam nhyiamu yi so maa Aban hunuu ɔhaw ahodoɔ a ɛwɔ wɔn dwumadie mu na yei maa Aban yɛɛ nhyehyɛeɛ a ɔnam so bɛma kuadwuma mu nnwumakuo ahodoɔ no bosea a ɛho nsiho wɔ fam sɛdeɛ wɔde bɛsɔ wɔn dwumadie mu ɔhaw ano.	Government engaged various actors in the poultry, rice, soya and tomato value-chain to understand the challenges of the sub-sector, which led to the development of a framework to provide Interest Rate Subsidy (IRS) to agribusinesses to address the financing constraints.
2022	0.9058	0.2914	Mehyɛ yɛn nyinaa nkuran sɛ yɛmmoa na yɛnkyekyere Ghanaman a yɛn nyinaa hwehwɛ no.	I charge us all to help build the Ghana we desire.
2022	0.8940	0.6402	Ɛberɛ a amansan anammɔntuo wɔ COVID-19 yadeɛ kontonkurowi yi ano aduro ho wiee pɛyɔ no, paneɛwɔ nso bɛkaa akwanhodoɔ a na ɛwɔ hɔ dada a yɛde si yadeɛ no ano no ho. Akwanhodoɔ yi a na adunom nka ho no ne nkatahwenehyɛ, nnipa asetenam nkutahodie mu ntetemu ɛnna nsa ho hohoro.	As global efforts towards the search for COVID-19 vaccine yielded positive results, COVID-19 vaccination has become an additional preventive measure to the already existing protocols aside the initial preventive strategy which focused on non-pharmaceutical interventions, including wearing of face masks, physical distancing, and hand hygiene.
2022	0.8931	0.1390	Yei de dwuma a yɛadi wɔ ntoasoɔ sukuu mu adansie ho Nhyehyɛeɛ mu no dodoɔ nyinaa asi ahansia aduonum nson.	This brings the total number of completed projects to-date under the Free Senior High School Infrastructure Intervention to 657.
2022	0.8892	0.6019	Sika dodoɔ a yɛde ani hwee abu sɛ yɛn nsa bɛka wɔ ɔman yi ara mu no yɛ ɔpepepem aduɔkron nkron ne ɔpepem aduonum enum (GH¢99.55 billion).	Domestic Revenue is estimated at GH¢99.55 billion.
2022	0.8887	0.3593	Yɛbɛwie Ɔman Nhyehyɛeɛ a Ɛfa Nnuro a yɛde wɔ paneɛ de ko tia nsaneyadeɛ ho dwumadie no animanim yi ara na Ɔman Nsaneyadeɛ ho Paneɛwɔ Nnuro Adwuma (National Vaccine Institute) a ɛsɛ sɛ yɛsi na ɛhwɛ toto nnuro a yɛde wɔ paneɛ ho nsɛm no nso ahyɛ aseɛ.	A draft National Vaccine Policy will be finalised and the establishment of a National Vaccine Institute to coordinate production of vaccines is underway.
2022	0.8701	0.2330	Hyehyɛpono Ahodoɔ: 3 Nkontabuo ho hyehyɛpono ahodoɔ 3 ƆSOAFOƆ NO ANODISƐM 5 NNIANIMU 7 SƐDEƐ ƆMAN SIKASƐM YƐƐ WƆ AFE 2021 MU SIKA A ƐBAA ƆMAN FOTOƆ MU NE DWUMA A YƐDE DII WƆ AFE 2021 MU 10 AFE 2022 SIKASƐM NHYEHYƐEƐ NE ƆMAN NO SIKASƐM GYINAPƐN 14 SIKASƐM NTOTOEƐ PA HO ANAMMƆNTUO AHODOƆ A ƐWƆ AFE 2022 SIKASƐM NHYEHYƐEƐ YI MU. 17 COVID-19 YADEƐ KONTONKUROWI AKYI SIKASƐM MU MPONTUO 19 MPONTUO A AKƆ SO WƆ ASOƐEƐ AHODOƆ NO MU NE SƐDEƐ NNEƐMA TEƐ SEESEI AWIEEƐ 39 Nsɛmfua Asekyerɛ (Sikasɛm Nhyehyɛeɛ mu Nsɛmfua) 40	List of Tables. 2022 BUDGET AND THE ECONOMY Figure 2. Summary of Expenditure Performance for Jan-September 2021 Figure 4. Summary of Revenue Projections for 2022 (in Billions of Cedis) Figure 5. Expenditure Items and their allocations for 2022 ( in Billions of Cedis) ... 14
2022	0.8628	0.6955	Sɛdeɛ ɛbɛyɛ na yɛbɛma mmabunu anya nkuranhyɛ na wɔanya nnnwumabue sunsum de abuebue wɔn ankasa nnwuma enti, afe 2022 mu no, Aban bɛhyɛ dwumadie bi a YouStart yɛato edin Nhyehyɛeɛ ase a ɛnam so bɛma mmabunu anya bosea de ahyɛ aseɛ abuebue wɔn nnwuma na atumi agyina anaa wɔde atrɛ wɔn nnwuma mu.	To boost the confidence of the youth and build their entrepreneurial spirit, Government will activate the YouStart programme in 2022 to provide access to credit for young businesses persons to either establish or expand their business.
2022	0.8594	0.4129	Mpontunneɛ A Yɛde Bɛtu Ohia Ase Dwumadie yi yɛ dwumadie ahodoɔ a ɛdi akotene wɔ NPP Aban nhyehyɛeɛ ahodoɔ mu no baako a botaeɛ a ɛtaa akyire ne sɛ, yɛde mpontunneɛ bɛkɔ nkuraase, titire mpɔtam ahodoɔ a ohia wɔ hɔ no na ɛnam so aboa atu ohia ase na asetenam yiedie mu nsonsonoeɛ a ɛda nkuraasefoɔ ne kuromfoɔ ntam no asesa.	The Infrastructure for Poverty Eradication Programme (IPEP) is one of the flagship programmes of the NPP Government that aims at eradicating poverty and minimalizing inequality, especially in the rural and deprived communities through the provision of basic infrastructure.
2022	0.8574	0.2993	Yei gyina hɔ ma nkonta a Aban bu kyerɛ Ɔman mma fa ne dwumadie ho ne amaneɛbɔ a ɛwɔ anammɔn ahodoɔ nso a watu ho.	This is when Government is answerable to its citizens by making known its activities and disclosing the results of such actions.
2022	0.8535	0.3593	Yɛbɛdi sikasɛm ho anammɔntuo ahodoɔ a ɛdidi soɔ yi so sɛdeɛ ɛbɛyɛ a yɛremfom wɔ mmerɛ kakra a ɛdi yɛn anim yi mu wɔ sikasɛm ahohyɛsoɔ ɛkwan a yɛatwa ato hɔ no:	The following expenditure commitments control measures will also be enforced to avoid veering off the chartered medium-term fiscal consolidation path.
2022	0.8521	0.5250	Afe 2022 mu no, yɛbɛhyɛ aseɛ asisi 11 No. ayaresabea dodoɔ a mpa aduanan bɛkɔ mu (40-bed hospitals) ɛnna 1 No. ayaresabea dodoɔ a mpa aduasa bɛkɔ mu (30-bed hospitals) wɔ Asante, Bono, Nkran ne Apueeɛ Amantam mu.	In 2022, construction of 11 No. 40-bed and 1 No. 30-bed hospitals in the Ashanti, Bono, Greater Accra, and Eastern Regions will commence.
2022	0.8481	0.6682	Ɛfiri afe 2017 bɛsi ɛnnɛ, Mansini Baako Afididwuma Baako(1D1F) dodoɔ ahanu aduoson nwɔtwe (278 1D1F) na yɛadi ɛho dwuma ama aduru mpɛmpɛnsoɔ ahodoɔ. Emu ɔha ne nsia gu so redi dwuma seesei (106 in operation), yɛgu so a yɛresi emu ɔha ne aduanan nwɔtwe (148 construction), ɛnna emu aduonu ɛnan deɛ, afei koraa na wɔrebɛfiri aseɛ (24 pipeline projects).	From 2017 to date, a total of 278 1D1F projects are at various stages of implementation, out of which 106 companies are currently in operation, 148 are under construction while 24 constitute pipeline projects.
2022	0.8433	0.2215	Afe 2022 mu no, yɛbɛyɛ Nnwumakuo Ahodoɔ ho Nhwehwɛmu (Integrated Business Establishment Survey- IBES) a ɛbɛboa ama yɛanya nnwumakuo ho nkontabuo amaneɛbɔ a ahotosoɔ wɔ mu wɔ ɛberɛ a ɛsɛ mu na ɛhia yie a, ɛbɛma yɛatumi ayɛ nhyehyɛeɛ na yɛapɛ akwanhodoɔ a yɛbɛtumi afa so ama ɔman yi afanan nyinaa atu mpɔn.	In 2022, an Integrated Business Establishment Survey (IBES) will be conducted to provide reliable, timely and relevant statistics to support the formulation and implementation of policies and strategies to promote growth in all sectors of the economy.
2022	0.8389	0.3505	Yei yɛ Aban sika a ɔnya a ɛmfiri ɛtoɔ mu. Ebi ne sika a obi tua ansa na wanya tumi krataa bi adi dwuma ne sika a yɛtua wɔ nneɛma afoforɔ ho sɛ ebia nsiho ne mfantum ho.	Government revenue not generated from taxes, examples are fees for granting permit or licenses, user fees and other charges.
2022	0.8320	0.3474	Deɛ ɛdidi soɔ yi ne dwumadie no mu nkonimdie ahodoɔ a epuee wɔ afe 2021 mu ɛnna afei anammɔn ahodoɔ a yɛasi gyinaeɛ sɛ yɛbɛtu wɔ afe 2022 mu.	The following are highlights of the key successes of the programme in 2021 and initiatives planned for 2022.
2022	0.8184	0.2031	Saa nhyehyɛeɛ yi mu no, wɔde bosea a wɔate ɛho nsiho no so ɔha mu nkyɛmu aduonum (50% subsidy on interest) bɛma kuadwuma mu nnwumakuo a wɔfata ama wɔde atotɔ dwumadie mu akadeɛ a wɔhia na wɔde atrɛ wɔn dwetire mu nso.	The IRS intervention will grant about 50 percent subsidy on interest charges for loans advanced to qualified agribusinesses to secure equipment and expand working capital.
2022	0.8047	0.5707	"Bio, yɛbɛyɛ ɛberɛ ano ɛberɛ ano nsiesie dwumadie wɔ mmeaeɛ bi a asɛe (spot improvement), ɛkwan so aboseaguo (re-gravelling), ɛkwan so anweaguo (resealing), asefaateguo (asphaltic overlay), nsiesie kakra (partial reconstruction), atwene (bridges) ne dadeɛ anaa ""sɛmɛnte- dorobɛn akɛseɛ a nsuo fa mu (culverts) wɔ akwan a ɛka nkuro akɛseɛ bɔ mu kwansini aduonu mmiɛnsa (23km), akwan a ɛkɔ baabi a mfudeɛ firi ba kwansini ahanwɔtwe (800km) ne kurom akwan kwansini ahasa (300)."	” 59. Additionally, periodic maintenance activities (spot improvement, re-gravelling, resealing, asphaltic overlay, partial reconstruction and maintenance of bridges and culverts) will be undertaken on 23km, 800km, and 300km of trunk, feeder and urban roads, respectively.
2022	0.7974	0.4245	Nneɛma a ɛma Ɔman sikasɛm gyina a yɛde ani abu sɛ yɛbɛnya wɔ 2022 mu 9. Ɔman sikasɛm nnyinasoɔ a ɛddi soɔ yi na yɛde yɛn ani abu sɛ yɛn nsa bɛka wɔ afe 2022 mu: Ɔman yi mu adwadeɛ nyinaa kankorɔ ɔha mu nkyɛmu enum ne akyire pɔ nwɔtwe (Real GDP growth of 5.8 %), Ɔman yi mu adwadeɛ a Fango nka ho bie kankorɔ ɔha mu nkyɛmu enum akyire pɔ nkron (Non-Oil Real GDP growth of 5.9 %), Ɔpɛnimma bosome awieeɛ nneɛma boɔ-sorokɔ ɔha mu nkyɛmu nwɔtwe (End-December inflation of 8 %), Sika a yɛbɛdi aboro deɛ yɛwɔ so- ɔha mu nkyɛmu nson ne akyire pɔ ɛnan (Fiscal deficit of 7.4 % of GDP), Sika dodoɔ a ɛbɛboro deɛ yɛbɛgyegyeɛ so- ɔha mu nkyɛmu hwee ne akyire pɔ baako (Primary surplus of 0.1 % of GDP), ɛnna Amannɔne Sika Dodoɔ a ɛsɛ sɛ yɛnya de kra nneɛma bɛyɛ abosome ɛnan.	The following macroeconomic targets have been set for 2022. Overall Real GDP growth of 5.8 percent; Non-Oil Real GDP growth of 5.9 percent; End-December inflation of 8 percent; Fiscal deficit of 7.4 percent of GDP; Primary surplus of 0.1 percent of GDP; and Gross International Reserves to cover not less than 4 months of imports.
2022	0.7832	0.6895	Afe 2022 Ɔman Mma Sikasɛm Nhyehyɛeɛ yi yɛ dwuma a Aban dii wɔ 2021 mu no ho tɔfabɔ ne sika dodoɔ a Aban hwɛ anim sɛ ɔbɛnya de atu ne nhyehyɛeɛ ne ne dwumadie ahodoɔ ho anammɔn wɔ afe 2022 mu ne mmerɛ kakra a ɛdi yɛn anim yi mu.	The 2022 Citizen's Budget is a summary of what Government achieved in 2021 and how much the Government intends to collect in revenues to implement its policies and programmes in 2022 and the medium-term.
2022	0.7827	0.4712	Afe 2022 mu no, yɛbɛyɛ nsiesie a emu bi ne lɔre akwan-so-dwie, lɔre akwan so ntokurotua,lɔre nkwankyɛn nsiesiene, lɔre ɛkwan ho nnuadua wɔ ɛkwan a ɛka nkuro akɛseɛ bɔ mu kwansini mpem aduonu enum (25,000km) deɛ ɛkɔ mmeaeɛ a mfudeɛ firi ba kwansini mpem dunsia(16,000km), ne kurom akwan kwansini mpem mmiɛnsa ahanum (3,500km)	In 2022, 25,000km, 16,000km and 3,500km of routine maintenance activities including grading, pothole patching, shoulder maintenance, and vegetation control will be undertaken on the trunk, feeder, and urban road networks, respectively.
2022	0.7651	0.1970	Afei Aban kyekyɛɛ nnuro a yɛde wɔ ntɔtemmoa de brɛ ntɔtemmoa yadeɛ ahodoɔ ano ase no dodoɔ ɔpepem nson, mpem ahanson ne ahanum.	Additionally, Government distributed 7,700,500 vaccines for the control of poultry and livestock diseases.
2022	0.7583	0.3441	Ɛka A Ɔman Bɔɔ Wɔ afe 2021 Mu 8. Amaneɛbɔ a ɛwɔ hɔ seesei ne sɛ, Ɛbɔ bosome baa awieeɛ wɔ afe 2021 mu no, na ɛka a yɛabɔ yɛ Ghana sika ɔpepepem ahasa aduanan baako ne ɔpepem aduɔson nsia (GH¢341.76 billion) a wode kɔ Amɛrika sika mu a, ɛyɛ dɔla ɔpepepem aduonum nwɔtwe ne ɔpepem ahasa ne aduanan nwɔtwe (US$58.348 billion). Yei gyina hɔ ma ɔman yi mu adwadeɛ mu ɔha mu nkyɛmu aduɔson nson ne akyire pɔ nwɔtwe (77.8 % of GDP).	Provisional nominal debt stock stood at GH¢341.76 billion (US$58.348 billion) as at end-September 2021. This represents 77.8 percent of GDP.
2022	0.7510	0.4310	Ɛduruu Ɛbɔ bosome awieeɛ wɔ afe 2021 mu no, na yɛayɛ ɛberɛ ano ɛberɛ ano nsiesie wɔ lɔre akwan a ɛka nkuro akɛseɛ bom kwansini mpem aduonu baako, ahansia ne enum (21,165 km), deɛ ɛkɔ beaeɛ a mfudeɛ firi ba kwansini mpem nsia, ahanu aduosia enum (6,265 km) ne kurom akwan kwansini mpem mmienu, ahankron ne aduasa nson (2,937 km).	As at the end of September 2021, routine maintenance was carried out on 21,165km of the trunk road network, 6,265km of the feeder road network, and 2,937km of the urban road network.
2022	0.7397	0.7939	Bio yɛduaa nnua dodoɔ ɔpepem mmiɛnsa ne mpem nson (3.7million) a Ofram, Emire, Wawa, Kokrodua, Teak, Cedrela, Gmelina, Cassia, Eucalyptus ne Mahogany fra mu bie.	In addition, 3.7 million seedlings, including ” Ofram, Emire, wawa, kokrodua, Teak, Cedrela, Gmelina, Cassia, Eucalyptus and Mahogany species were planted.
2022	0.7393	0.5092	Akuapem Atifi Mansini mpaboa afididwuma Sefwi Akontombra ɛmo afididwuma	Akuapem North Shoe Factory Sefwi Akontombra Rice Processing factory
2022	0.7363	0.5620	Yɛhyɛɛ beaeɛ a wɔgya to hɔ de bɔ atenaeɛ ho ban ase wɔ mpɔtam ahodoɔ bi mu wɔ Firaw tadeɛ (Black and White Volta), Tano, Offin ne Densu, dii dwuma ahodoɔ pii a wɔnam so tetee ntutim ho nnipa dodoɔ ahanu aduonum mmienua (252 nursery attendants) wɔ mpɔtam nson mu, na afei yɛduaduaa nnua nketewa mpem dunsia, ahankron ne aduasa nson (16,937 seedlings).	Buffer zone restoration schemes were initiated in selected communities within the Black and white Volta, Tano, Offin and Densu basins with a variety of activities, including training of 252 nursery attendants in 7 communities, and planting of 16,937 tree seedlings.
2022	0.7324	0.3519	Yei yɛ ɔman yi mu adwadeɛ nyinaa bo ɛsom a sika a ɛfiri fango ho dwumadie ahodoɔ mu nka ho bi, a wɔagyina nneɛma boɔ sorokɔ so no asese.	Is the total output in the economy that excludes the activities in the oil sector, which takes into account the level of inflation.
2022	0.7305	0.3874	Yei yɛ susudua a yɛfa so hunu sɛdeɛ ɔman bi sikasɛm ahoɔden a ɔwɔ sɛ ɔbɛtumi atɔ nneɛma afiri amannɔne no teɛ wɔ ɛberɛ pɔtee bi mu. Yei boa ma yɛde ɔman bi fotoɔ toto ɔman foforɔ bi deɛ ho a yɛhunu sɛdeɛ ɔman no sikasɛm ahoɔden a ɔwɔ no teɛ.	This measures a country's foreign currency ability to buy goods and services from foreign countries over a period; it also supports the strength of the local currency in relation to currencies of other nations.
2022	0.7290	0.2820	Sika A Ɛbaa Ɔman Fotoɔ Mu 4. Sika a Aban gyegyee ne deɛ wɔde kyɛɛ ɔman no firi Ɔpɛpɔn kɔsi Ɛbɔ bosome mu wɔ afe 2021 mu no nyinaa kɔsii ɔpepepem aduanan nsia ne ɔpepem aduɔwɔtwe enum (GH¢46.85 billion) a ɛyɛ ɔman mu adwadeɛ nyinaa mu ɔha mu nkyɛmu edu ne akyire pɔ nson (10.7% of GDP), na yɛyɛɛ dwumadie mu nsakraeɛ no, na sika dodoɔ a yɛde yɛn ani asi so sɛ ɛsɛ sɛ yɛnya no yɛ ɔpepepem aduonum baako ne ɔpepem aduasa baako (GH¢51.31 billion) a ɛyɛ ɔman mu adwadeɛ nyinaa mu ɔha mu nkyɛmu dubaako ne akyire pɔ nson (11.7% of GDP).	Total Revenue and Grants for the period January to September 2021 amounted to GH¢46.85 billion (10.70 of GDP), against the revised programme target of GH¢51.31 billion (11.70 of GDP).
2022	0.7212	0.2583	Nnwuma Nketewa yɛ ankorankorɛ nnwuma a wɔtumi fa nnipa kakra bi a dwetire a adwuma no gyina soɔ no mmoro sika dodoɔ pɔtee bi so.	A microenterprise (or microenterprise) is generally defined as a small business employing a minimum number of people, and having a balance sheet or turnover less than a
2022	0.7197	0.3452	Saa ewiemhyɛn nketewa mmeaeɛ mmienu yi bɛdi dwuma wɔ ayaresabea ahasa aduosia nsia na seesei dwumadie no rekɔ so a ayaresabea yi mu ɔha mu nkyɛmu aduonum ɛnan (54 %) na ayɛ den kakra sɛ ewiemhyɛn nketewa yi bɛtumi de apɔmuden ho akadeɛ akɔ hɔ.	The centres will serve 366 health facilities, out of which 54 percent are currently hard to reach.
2022	0.6650	0.5526	COVID-19 ho aduro a yɛde wɔ paneɛ a yɛfrɛ no AstraZeneca dodoɔ mpem ahansia (600,000 doses) a yɛde hyɛɛ aseɛ wɔ Ɔbɛnem bosome mu wɔ afe 2021 mu no, ɛduruu Obubuo bosome da a ɛtɔ so nwɔtwe no, na nnipa ɔpepem mmienu ne mpem ahanum (2.5 million persons) na awɔ wɔn paneɛ a ɛdi kan. Seesei, nnipa a wɔadi boro mfeɛ dunwɔtwe a apemfoɔ nka ho bi no paneɛwɔ gu so rekɔ so wɔ mantam dunsia no nyinaa mu (all 16 regions) wɔ mansini ahanu ne aduosia baako (261 districts) mu wɔ ɔman yi afanan nyinaa.	The rollout of the COVID-19 vaccine, which commenced in March 2021 with an initial 600,000 doses of the Astrazeneca vaccine, stands at over 2.5 million th persons, with each person getting at least one dose, as at 8 November, 2021. Vaccination targeting persons 18 years and above excluding pregnant women is currently ongoing in all 16 regions and 261 districts across the country.
2022	0.6460	0.7607	Mpontuo ho nhyehyɛeɛ ahodoɔ a ɛdidi soɔ yi ne Nhyehyɛeɛ foforɔ yi nnyinasoɔ: Ghanaman yi Daakye mu Mpontuo Botaeɛ (Long-Term National Development Framework - Ghanal100), Sikasɛm ne Asetenam Mpontuo Nhyehyɛeɛ Ahodoɔ (Coordinated Programme of Economic and Social Development Policies (2017-2024), Mpɛmpɛnsoɔ a Ghana nhia GhanaCOVID-19 asetɔre ne ankorankorɛ mmoa, (Ghana Beyond Aid) ɛnna nnwuma nkanyan ho mmoa (GhanaCARES).	The new Framework is anchored on the long-Term National Development Framework (Ghana@100), Coordinated Programme of Economic and Social Development Policies (2017-2024), Ghana Beyond Aid Agenda and Strategy, and Ghana COVID-19 Alleviation and Revitalisation of Enterprises Support Programme (GhanaCARES).
2022	0.6440	0.6933	Fa-me-kwa Ntoasoɔ Sukuukorɔ yi yɛ Aban nhyehyɛeɛ foforɔ a Ɔmanpanin Nana Akuffo-Addo aban de puee edwa wɔ Ɛbɔ bosome mu wɔ afe 2017 mu sɛ JHS osukuuni biara a ɔbɛbɔ ne ho mmɔden wɔ sɔhwɛ mu no, ɔbɛnya ɛkwan wɔ Ntoasoɔ Sukuu mu akɔsua adeɛ a ɔrentua hwee.	The Free SHS (Free Senior High School) policy is a Government of Ghana initiative introduced by the President Nana Akuffo-Addo administration in September 2017 that guarantees free access to SHS education for any accademically qualified JHS student.
2022	0.6343	0.7022	Mansini Baako Afididwuma Baako (1D1F) ahodoɔ ahanu aduɔson nwɔtwe (278 1D1F) a ɛwɔ mantam ahodoɔ no mu na ɛdidi soɔ yi: 1D1F dodoɔ a ɛwɔ Mantam ahodoɔ no mu Ahafo Mantam 5 Asante Mantam 54 Bono Apueeɛ Mantam 10 Bono Mantam 19 Mfinimfini Mantam 19 Apueeɛ Mantam 37 Nkran Mantam 76 Atifi Apueeɛ Mantam 3 Atifi Mantam 6 Oti Mantam 3 Savanna Mantam (Ɛserɛm) 4 Atifi Apueɛ Mantam 7 Atifi Atɔeɛ Mantam 6 Firaw Mantam 13 Atɔeɛ Mantam 11 Atɔeɛ Atifi mantam 5	The regional breakdown of the 278 1D1F projects are indicated below. Table 1: Regional Breakdown of 1D1F Projects Region Number of 1D1F Projects Ahafo Region 5 Ashanti Region 54 Bono East Region 10 Bono Region 19 Central Region 19 Eastern Region 37 Greater Accra Region 76 North-East Region 3 Northern Region 6 Oti Region 3 Savanna Region 4 Upper East Region 7 Upper West Region 6 Volta Region 13 Western Region 11 Western North Region 5
2022	0.5464	0.5091	Abosome nsia a na ɛdi kan wɔ afe 2021 mu no, ɔman yi mu adwadeɛ nyinaa mu mpontuo duruu ɔha mu nkyɛmu mmiɛnsa ne akyire pɔ mmiɛnsa (Overall real GDP averaged 3.5 %) wɔ ɛberɛ a na saa ɛberɛ korɔ no ara mu wɔ afe 2020 mu no, adwadeɛ mu mpontuo duruu ɔha mu nkyɛmu hwee ne akyire pɔ nson (0.7 % growth), Non-Oil real GDP) kɔɔ Adwadeɛ a ɛma yɛnya sika a Fango nka ho ( anim ɔha mu nkyɛmu ɛnan ne akyire pɔ nwɔtwe (4.8 %) wɔ abosome nsia a ɛdi kan wɔ afe 2021 mu, na saa ɛberɛ korɔ no ara mu wɔ afe 2020 mu no, saa sika yi kɔɔ anim ɔha mu nkyɛmu baako ne akyre pɔ baako pɛ (1.1 %), Na nneɛma boɔ-sorokɔ wɔ ɔbɔ bosome awieeɛ yɛ ɔha mu nkyɛmu (10.6 %), na saa ɛberɛ korɔ no ara wɔ afe 2020 edu ne akyire pɔ nsia mu no, na nneɛma boɔ-sorokɔ yɛ ɔha mu nkyɛmu edu ne akyire pɔ ɛnan (10.4 %), Sika dodoɔ a na aka mu a yɛhia de asɔ yɛn sikasɛm nhyehyɛeɛ mu Overall budget deficit -cash) wɔ abosome nsia a ɛdi sika nyinaa so ( kan wɔ afe 2021 mu no yɛ ɔha mu nkyɛmu nson ne akyire pɔ nson 7.7 % of GDP), na saa ɛberɛ korɔ no ara mu wɔ afe 2020 mu no, na deɛ ɛsi yɛn ani so yɛ ɔha mu nkyɛmu nson ne akyire pɔ ɛnan (7.4 % of GDP), Primary balance) Sika dodoɔ a yɛbɛhia de atua dwumadie ho ɛka ( no 2.0 % of GDP), na yɛ ɔha mu nkyɛmu mmienu ne akyire pɔ hwee ( saa ɛberɛ korɔ no ara wɔ afe 2020 mu no, na ɛyɛ ɔha mu nkyɛmu baako ne akyire pɔ nson (1.7. %), Ɛka a na ɔman no de a wode ba ɔman adwadeɛ nyinaa mu ɔha mu nkyɛmu (%age of GDP) a, ɛyɛ ɔha mu nkyɛmu aduoson nson ne akyire pɔ nson (77.7 %) wɔ Ɛbɔ bosome awieeɛ wɔ afe 2021 mu, wɔ ɛberɛ a Ɔpɛnimma bosome baa awieeɛ wɔ afe 2020 mu no, na ɛyɛ ɔha mu nkyɛmu aduoson nsia ne akyire pɔ baako (76.1 %), (Gross International Reserves) Amannɔne Sika Dodoɔ a Ɔman no wɔ nso kɔduruu Amɛrika sika ɔpepepem dubaako ne ɔpepem aduanan US$11.44 billion) wɔ Ɔsanaa bosome awieeɛ wɔ afe 2021 mu, ɛnan ( a ɛbɛtumi akra nneɛma abosome enum ne nnanu na wode toto Ɔpɛnimma bosome awieeɛ wɔ afe 2020 mu ho a, na ɛyɛ Amɛrika sika ɔpepepem nwɔtwe ne ɔpepem aduosia mmienu (US$8.62 billion) a na ɛbɛtumi akra nneɛma abosome ɛnan ne da koro pɛ, ɛnna afei Ɔman no sika ahoɔden wɔ amannɔne sika atitire mu no gyinaa faako kama wɔ afe 2021 mu. Ɛduruu Ɛbɔ bosome awieeɛ wɔ afe 2021 mu no, na Ghana sika no ahoɔden wɔ Amɛrika sika mu apagya bɛyɛ ɔha mu nkyɛmu baako ne akyire pɔ nson (1.7% against the US Dollar) na wode toto saa ɛberɛ korɔ no ara ho wɔ afe 2020 mu a, ɔman no sika ahoɔden wɔ Amɛrika sika mu no so tee ɔha mu nkyɛmu mmienu ne akyire pɔ nkron (2.9 % depreciation).	Overall real GDP averaged 3.5 percent in the first half of 2021 against the 0.7 percent growth in same period 2020; Non-Oil real GDP grew at an average of 4.8 percent in the first half year of 2021 compared to 1.1 percent in the same period 2020; Inflation as at end-September was 10.6 percent, compared to the 10.4 percent same period in 2020; Overall budget deficit (cash) of 7.7 percent of GDP against the target of 7.4 percent of GDP; Primary balance recorded a deficit of 2.0 percent of GDP, compared to the target deficit of 1.7. percent; The Public debt (as percentage of GDP) stood at 77.7 percent at the end of September 2021, up from 76.1 percent at the end of December Gross International Reserves at end-August 2021 was US$11.44 billion, enough to cover 5.2 months of imports, compared to US$8.62 billion equivalent to 4.1 months of imports recorded at end-December 2020; and Exchange rates remained stable across the major international currencies for the three quarters of 2021. Specifically, the Ghana cedi depreciated cumulatively by 1.7 percent against the US Dollar by the end of September 2021, compared to a 2.9 percent depreciation in the same period in 2020.
2022	0.5430	0.6879	Mpontunnwuma afoforɔ biara a yɛaka ho asɛm wɔ afe 2022 Sikasɛm Nhyehyɛeɛ yi mu sɛ yɛbɛyɛ, ne deɛ Aban Nnwuma (MDAs), Kuropɔn, Nkuro ne Mansini Mmarahyɛbadwa (MMDAs) ne Aban Nnwumakuo ahodoɔ (SOEs) no Animanim Mpontuo Nhyehyɛeɛ (Medium-Term Development Plans) mu no ho anammɔntuo nyinaa a ɛmfa ho ne baabi a dwumadie no ho sika firi no, yɛde bɛfa mmara (L.I. 2411) ɛkwan no so sɛdeɛ ɛbɛyɛ a yɛbɛyi sikasɛeɛ akwa na aboa ama ɔman mpontunneɛ ho dwumadie a Aban nnwuma di ma ɔmanfoɔ no adi mu ama mfasoɔ aba ho.	All new projects announced in the 2022 Budget and those included in the Medium-Term Development Plans of MDAs, MMDAs and SOEs shall, irrespective of their funding source, be subjected to the processes outlined in l.I. 2411 to ensure efficiency and effectiveness in the delivery of public infrastructure and provision of public goods and services.
2022	0.5073	0.6766	Ɛsiane Ɔmanpanin anisoadehunu a ɛfa nnuadua a wɔde ma ɔman mu yɛ fɛ ho no enti, Adwumakuo a ɛhwɛ Pramma ne Turo ahodoɔ so (Department of Parks and Gardens) duaa nnua dodoɔ mpem edu ahanu ne nkron (10,209 trees) wɔ ɔman yi afanan nyinaa mu de hyɛɛ Ewiase Atenaeɛ Da afahyɛ no.	In line with the President's initiative of greening Ghana, the Department of Parks and Gardens planted 10,209 trees across the country to mark the world Environment Day.
2022	0.4727	0.7335	Afe 2021 Sika dodoɔ a Aban gyegyee no annuru deɛ yɛde sii yɛn ani so sɛ yɛn nsa bɛka no ɛsiane sɛ Nnwumakuo Mfasoɔ ho Ɛtoɔ (Corporate Income Tax), Ankorankorɛ Sika ho Ɛtoɔ (Personal Income Tax), Fagudeɛ ho Ɛtoɔ, Ɔman yi mu Adwadeɛ ho Ɛtoɔ (Domestic Excise Duty) ne Nkratoɔ Dwumadie ho Ɛtoɔ (Communications Service Tax) nyinaa so teeɛ.	The reduction in total revenue and grants in 2021 compared to the targets was due to lower-than-expected performance in Corporate Income Tax, Personal Income Tax, Mineral Royalties, Domestic Excise Duty, and Communications Service Tax.
2022	0.4263	0.6527	"Dwumadie a wɔnam so rehwɛ ama kuayɛ akɔ so wɔ afe no nyinaa mu no enti, yɛde sii yɛn ani so sɛ yɛbɛtu asutadeɛ dodoɔ ahanum aduosia (560 targeted dams) na yɛtumi tuu emu dodoɔ ahanum ne nson (507 dug out dams), na yɛagyina ""Akuraase Baako Asutadeɛ Baako ""nhyehyɛeɛ no so awie asutadeɛ afoforɔ aduɔwɔtwe (80 completed dams) bi nso."	In the drive to encourage all-year-round farming, 507 small earth dams out of the 560 targeted, and 80 other dams have been completed under the “One Village One Dam” Initiative.
2022	0.4153	0.6734	Ani da ɛkwan sɛ sɛ yɛtumi wiewie 1D1F nnwuma ahodoɔ no a, ɛnam so bɛma yɛabuebue nnwuma dodoɔ dodoɔ mpem ɔha aduasa baako, ahanwɔtwe ne dunson (131,817 jobs) wɔ mansini ɔha ne aduasa ɛnan mu (134 districts) wɔ ɔman yi afanan nyinaa.	It is expected that the completion of ongoing 1D1F projects will create additional 131,817 direct and indirect jobs in 134 districts across the country.
2022	0.3987	0.4934	"Ɛnam dwumadie a wɔato edin sɛ ""Galamstop- no so ama asutene akɛseɛ bi te sɛ, Asuo Pra a ɛwɔ Twifo Praso, Asuo Pra a ɛwɔ Daboase, Asuo Ankobra a ɛwɔ Bonsaso, Asuo Tano a ɛwɔ Elubo, Asuo Birim a ɛwɔ Osino ne Asuo Birim a ɛwɔ Bunso nyinaa ani ate nwann."	Through the “Galamstop” programme, the cleanliness of most of the major river bodies in the country, including the Pra River at Twifo Praso, Pra River at Daboase, the Ankobra River at Bonsaso, the Tano River at Elubo, Birim River at Osino and Birim River at Bunso have improved.
2022	0.3718	0.5872	Yɛde nnipa ne adankan no ho dwumadie baa awieeɛ wɔ Ɔsanaa da a ɛtɔ so nwɔtwe wɔ afe 2021 mu.	2021 Population and Housing Census
2022	0.2891	0.7418	"Deɛ ɛdi hɔ bio nso ne sɛ, sɛdeɛ ɛbɛyɛ na yɛbɛtumi agyina ɔhaw ne akwannya ahodoɔ a yadeɛ kontonkurowi yi de aba no ano enti, Aban nam Ɔmanpanin Nana Addo Ghana Dankwa Akufo-Addo mpaninnie a ɛdi mu no so de ahoɔherɛ hyehyɛɛ Covid- (GhanaCARES) 19 Asetɔre Ne Ankorankorɛ Nnwuma Mu Nkanyan Ho Mmoa ""Obaatan Pa- Dwumadie (Ghana COVID-19 Alleviation and Revitalisation of Enterprises programme, (the GhanaCARES “Obaatan Pa” programme) a emu (GH¢100 billion) sikabotene yɛ sidi ɔpepepem ɔha baako ."	Further, in response to the threats and opportunities arising out of the pandemic, Government, under the able leadership of H.E. President Nana Addo Dankwa Akufo- Addo, quickly developed a GH¢100 billion COVID-19 Alleviation and Revitalisation of Enterprises programme, (the GhanaCARES “Obaatan Pa” programme). This has brought instant and significant relief to our people and is revitalising our nation.
2022	0.2883	0.4946	"Sɛdeɛ ɛbɛyɛ na Aban bɛtumi ama ɔmanfoɔ anya nnwuma ayɛ enti no, ɔde nhyehyɛeɛ ne dwuma ahodoɔ bi te sɛ ""Ɔmanfoɔ Adwumanya Nhyehyɛeɛ (Ghana Productive Safety Net Project- (GPSNP) agu akwan mu."	Government, in its efforts to reduce unemployment levels, continues to implement policies and programmes such as the Ghana Productive Safety Net Project (GPSNP).
2022	0.2498	0.9511	Wɔn akyirikwan ne: Public Relations Office New Building Ground Floor Room 001 or 003 P.	Public Relations Office New Building Ground Floor Room 001 or 003 P.
2022	0.2118	0.6573	Sɛdeɛ ɛbɛyɛ na anammɔn a yɛretu ama asetenam ne sikasɛm mpontuo asane apagya na ɔman mpontuo botaeɛ ahodoɔ abam no enti, afe 2022 Sikasɛm Nhyehyɛeɛ yi botaeɛ ne sɛ yɛbɛfa Sikasɛm Ntotoeɛ pa so bɛkyekyere Ɔman a Ankorankorɛ Nnwumabue ase bɛtim wɔ mu na Nnwuma abu so ama ɔman mma anya bi ayɛ.	To support socio-economic recovery efforts and national development goals, the 2022 Budget focuses on Building a Sustainable Entrepreneurial Nation through Fiscal Consolidation and Job Creation.
2022	0.0693	0.6076	Afe 2022-2025 Animanim yi ara mu Ɔman Mpontuo Nhyehyɛeɛ ( Medium- Term National Development Policy Framework (MTNDPF) no na ɛbɛsii nhyehyɛeɛ a wɔato edin sɛ Ghanaman yi mu animanim yi mpontuo botaeɛ (2018-2021) (Ghanaqs Medium-Term National Development Policy Framework -2018-2021) no anan mu.	Following the expiration of Ghana's Medium-Term National Development Policy Framework (2018-2021), 2022 marks the country's transition into the Medium-Term National Development Policy Framework (MTNDPF) (2022-
2022	0.0292	0.5436	Sɛdeɛ yɛbɛkyekyɛ sika mu wɔ afe 11. Aban ayɛ adwene sɛ sika dodoɔ a ɔde bɛdi dwuma (a ɛka a yɛbɛtua ka ho bi) bɛduru Ghana sika sidi ɔpepepem ɔha aduasa nson ne ɔpepem aduonum mmiɛnsa (GH¢137.53 billion) a ɛyɛ ɔman yi mu adwadeɛ mu ɔha mu nkyɛmu aduonu nson ne akyire pɔ ɛnan (27.4 % of GDP).	Total Expenditure (including clearance of Arrears) is projected at GH¢137.53 billion (27.4 percent of GDP). key drivers of the expenditure growth include Capital Expenditure, funding of Government flagship programmes, wage bill, and interest payments.
2022	0.0146	0.6910	Aban bɛkɔ so abɔ aban adwumayɛfoɔ akatua ho nhyehyɛeɛ no ho ban na yei mu no, yɛbɛhwɛ sɛ aban adwumayɛfoɔ a wɔnam ɛkwan pa so afa wɔn wɔ adwumam no nko ara na wɔde wɔn din bɛkɔ Aban akatua nwoma mu, b. Afe 2022 mu ne mmerɛ kakra a ɛdi yɛn anim yi mu no, yɛbɛyɛ Aban adwumayɛfoɔ dwumadie nnyinasoɔ mu nhwehwɛmu nam so de ahunu adwumayɛfoɔ dodoɔ a wɔn ho bɛhia wɔ Aban nnwuma ahodoɔ mu sɛdeɛ ɛbɛyɛ a yɛbɛnya Aban adwumayɛfoɔ dodoɔ a ɛfata na wɔn dwumadie adi mu, c.	Government will continue to safeguard the integrity of the payroll system by ensuring that only public sector employees properly engaged through approved channels are placed on the payroll; b. a staff rationalisation exercise will be carried out in 2022 and the medium-term to instil efficiency in the allocation of staff to government institutions with the view to right-sizing the public sector workforce; c.
2022	0.0136	0.6809	Seesei, mansini ayaresabea aduɔkron baako ho beaeɛ ne adan ho mfoni (91 district hospital Cadastral plans) ayɛ krado dada.	Cadastral plans for 91 district hospital sites are ready.
2022	0.0062	0.7344	Yeinom na ɛdidi soɔ yi: Atifi Apueeɛ Mantam nsuo ho dwumadie ɔfa a ɛdi kan (a nnipa a wɔwɔ Navrongo, Bolgatanga, Paga, Bongo ne ne mpɔtam bɛnya ho mfasoɔ) – wɔadi ɛho dwuma akɔduru ɔha mu nkyɛmu aduɔkron nwɔtwe (98 % completed) na wɔbɛpa ɛho ntoma wɔ Ɔpɛnimma bosome mu wɔ afe 2021 mu, Tamale Nsuo Dwumadie – yɛawie ɛho ntotoeɛ a ɛho dwumadie rebɛfiri aseɛ, Damango Nsuo Dwumadie – ɛho adrɔɔdrɔɔ ne nhyehyɛeɛ nyinaa adi mu a ɛrebɛfiri aseɛ, Wenchi Nsuo Dwumadie – yɛawie ɛho nhyehyɛeɛ nyinaa ama dwumadie no afiri aseɛ, Keta Nsuo Dwumadie – yɛawie ɛho nhyehyɛeɛ nyinaa ama dwumadie no gu so., ɛnna Sekondi-Takoradi Nsuo Dwumadie – yɛawie ɛho dwumadie nyinaa de nsa ahyehyɛ ɛho kɔntraagye ase.	They include the following. Upper East Region water Supply Project Phase I (covering Navrongo, Bolgatanga, Paga, Bongo and its environs) a 98 percent completed and scheduled for commissioning in December 2021; Tamale water Supply Project a VFM completed to pave way for commencement of the Project; Damango water Supply Project a Initial designs and VFM completed; wenchi water Supply Project a VFM completed and project commenced; keta water Supply Project a VFM completed and works ongoing; and Sekondi-Takoradi water Supply Project a VFM completed and contract signed.
2022	0.0021	0.6678	Aban toaa mfuo-so-nsuguguo dwumadie ahodoɔ a ɛdidi soɔ yi ho dwumadie so a sɛ yɛwie ne nyinaa a, ɛde nsuo bɛkokɔ asase hɛkta mpem nsia, ahanson ne aduosia nsia (6,766ha) so na ama mfudeɛdua akɔ so afe no nyinaa mu: Kpong mfu-so-nsuguguo a ɛde nsuo bɛkɔ asase hɛkta mpem mmienu, ɔha aduɔson nsia (2,176ha) so, Tono mfu-so nsuguguo a ɛde nsuo bɛkɔ asase hɛkta mpem mmienu ahanan aduɔkron (2,490ha) so ɛnna Kpong Tadeɛ Nkonkɔn Benkum (Kpong Left Bank) so mfuo-so nsuguguo a ɛde nsuo bɛkɔ asase hɛkta mpem mmienu ne ɔha (2,100ha) so.	Government continued rehabilitation and modernisation of the following irrigation projects, which when completed will make available a total irrigation area of 6,766ha and ensure all-year-round crop production. kpong Irrigation Scheme (2,176ha); Tono Irrigation Scheme (2,490ha); and kpong left Bank Irrigation Project (2,100ha).
2022	0.0012	0.6560	Afe 2021, Aban hyɛɛ aseɛ sii Aduyɛ Beaeɛ te sɛ deɛ ɛwɔ ewiase baabiara wɔ Noguchi sɛdeɛ ɛbɛboa ɔman yi mu nnuroyɛ nnwumakuo wɔ wɔn	In 2021, Government commenced works towards establishing the Bioequivalence Centre at Noguchi to support the local pharmaceutical manufacturing industry.
2022	0.0009	0.6259	Ɔman Kwaeɛ Nhyɛananmu dwumadie no mu no, yɛde sii yɛn ani so sɛ yɛbɛdua nnua wɔ asase hekta mpem aduɔwɔtwe (80,000 ha) so, nanso yɛtumi duaa nnua no wɔ asase hɛkta mpem aduɔson enum, ɔha aduɔson (75,170ha) so, na yei mu no, yɛduaa nnua nketewa wɔ asase hɛkta mpem dunan, ne aduonum nson a ɛyɛ kwaeɛ foforɔ (14,057 new forest plantations) so, afei, asase hɛkta mpem edu, ahanan aduokron enum a ɛso nnua anyɛ yie (10,495 ha) no nso yɛduaa nnua hyɛɛ anan mu, ɛnna yɛsane duaa nnua wɔ mfusase hɛkta mpem aduonum, ahansia ne dunwɔtwe (50,618 ha farm lands) so.	Under the National Afforestation Programme, a total area of 75,170ha out of a target of 80,000ha was planted with tree seedlings comprising 14,057ha of new forest plantations, re-establishment of 10,495ha failed areas and planting of trees on 50,618ha farmlands.
2022	0.0008	0.6663	"Ɛnyɛ ɛno nko ara mmom yɛmaa adesuafoɔ afoforɔ no akadeɛ a ɛdidi soɔ yi ɛsiane ""Fa-me-kwa- Ntosoɔ Sukuukorɔ nhyehyɛeɛ no enti: Nwoma nketewa a wɔtwerɛ mu dodoɔ ɔpepem ɛnan mpem ɔha aduasa enum, ahanu ne aduɔwɔtwe ɛnan (4,135,284 exercise books, Nwoma a wɔtwerɛ mu akɛseɛ dodoɔ ɔpepem baako, mpem ahanson aduosia nson, ahanum ne aduanan nson (1,767,547 note books), Apɔmutenetene ho akadeɛ mpem ahasa aduɔkron enum, ahanum aduɔson baako (395,571 physical education kits), Adesuafoɔ a wɔsua adrɔɔdrɔɔ adesua ho akadeɛ dodoɔ ɔpepem baako mpem ahanson aduasa ɛnan ne ahanwɔtwe (1,734,800 cartridge art paper for visual arts students), Adesuafoɔ a wɔsua adrɔɔdrɔɔ adesua ho akadeɛ a wɔde penti dodoɔ mpem aduasa ɛnan ahansia aduɔkron nsia (34,696 water-based acrylic paints for visual arts students), Asukuufoɔ Mfoniyɛ Bɔɔdo ""Drawing Board- dodoɔ mpem aduonu nson ahasa ne aduɔkron baako (27,391 technical drawing boards) , ne Nsaanodwuma adesua ho akadeɛ mpem aduonu nson ahasa aduɔkron baako (27,391 sets of technical instruments)."	In addition, first year students received the under-listed items as part of the implementation of the Free SHS Programme. 4,135,284 exercise books; 1,767,547 note books; 395,571 physical education kits; 1,734,800 cartridge art paper for visual arts students; 34,696 water-based acrylic paints for visual arts students; 27,391 technical drawing boards; and 27,391 sets of technical instruments.
2022	0.0007	0.6504	Dwumadie yi mu no, Aban: i. maa ɔmanfoɔ a wɔwɔ Nkuropɔn, Nkuro, ne Mansini, aduɔwɔtwe (80 MMDAs) a wɔyɛ ahiafoɔ pa ara mu dodoɔ mpem aduasa mmiɛnsa aha nkron aduonum mmienu (33,952 extreme poor persons) nnwuma yɛeɛ na wɔn ho akatua nyinaa dodoɔ som sika ɔpepem aduonum mmiɛnsa ne mpem aduanan mmiɛnsa (GH¢53.43 million total wage payout), ii. Kyekyɛɛ sika dodoɔ ɔpepem enum ne mpem aduɔwɔtwe mmienu GH¢5.82) maa fidua ahodoɔ ɔpepem nkron ahanu ne adunan ɛnan (9,244) a wɔwɔ mpɔtam ahodoɔ ɔha ne aduonu nwɔtwe mu (128 communities) wɔ Nkuropɔn, Nkuro ne Mansini aduanan baako (41 MMDAs) a ɛwɔ Atifi Amantam enum mu sɛ wɔmfa nhyɛ nnwuma ase anaa wɔmfa ntrɛ wɔn nnwuma no mu.	Under this project, Government. provided jobs for 33,952 extreme poor persons in 80 MMDAs with a total wage payout of GH¢53.43 million; and disbursed a total of GH¢5.82 million to 9,244 beneficiary households from 128 communities in 41 MMDAs in the five northern regions to commence businesses or expand their trade.
2022	0.0007	0.5386	"PERD mfudeɛ nnua nketewa a wɔde bɛma Kintampo akuafoɔ a wɔwɔ Bono Apueeɛ Mantam no Aban gyinaa dwumadie a wɔato edin ""Kuayɛ mu Nnɔbaeɛ a yɛde kɔ Amannɔne kɔtɔn ne Nkuraaseɛ Mpontuo- no so, kyekyɛɛ ateaa, kɔfe, kube, abɛ, mango, ne rɔba nnua nketewa a yɛde tintim dodoɔ ɔpepem baako mpem ahasa aduosia ne ahanum aduɔwɔtwe nkron, (1,360,589 cashew, coffee, coconut, oil palm, mango and rubber seedlings) memaa akuafoɔ dodoɔ mpem nson ahanum aduanan mmiɛnsa (7,543 farmers) a wɔwɔ Ahafo, Ashanti, Bono, mfinimfini, Apueeɛ, Nkran, Oti, Atɔeɛ, Atɔeɛ Atifi ne Firaw Amantam mu."	PERD Seedlings for Farmers at kintampo in Bono East Region ” 64. Government under the “Planting for Export and Rural Development” initiative, distributed 1,360,589 cashew, coffee, coconut, oil palm, mango and rubber seedlings to 7,543 farmers in Ahafo, Ashanti, Bono, Central, Eastern, Greater Accra, Oti, western, western North and Volta Regions.
2023	0.9971	0.4420	Abibirem Aman mu Edwadie A Akwansideɛ Nni ho (African Continental Free Trade Area – AfCFTA): Yei yɛ edwa kɛseɛ a wɔahyehyɛ ama Abibirem Adwdeɛyɛ Nnwumakuo a ɛbɛboa ama wɔde wɔn adwadeɛ akɔ Abibirem aman so akɔtɔn a wɔrentua edwadie mu ɛtoɔ ahodoɔ biara na wɔanya edwa kɛseɛ a ɛwɔ Abibirem ha no ho mfasoɔ.	African Continental Free Trade Area (AfCFTA): A market created to eliminate tariffs on intra-Africa trade, making it easier for African businesses to trade within the continent and benefit from the growing African market.
2023	0.9971	0.3537	Sika Mu Nkyekyɛmu (Allocation): Yei yɛ ɛkwan a wɔfa so kyekyɛ ɔman sika mu ma Aban asoɛeɛ ahodoɔ no ne nnwumakuo ahodoɔ no ma wɔde di dwuma ma ɔmanfoɔ.	Allocation: The process of sharing or distributing resources amoung government agencies and departments.
2023	0.9971	0.3464	Onipadua mu nhwehwɛmu (Endoscopy): IYei yɛ nhwehwɛmu bi a wɔyɛ wɔ onipadua no mu.	Endoscopy: It is a test to look inside your body
2023	0.9971	0.3148	Dwumadie ho sika a yɛadi aboro so (Expenditure Overrun): Yei si wɔ ɛberɛ a, sika a yɛde adi dwuma ahodoɔ no aboro deɛ yɛtwa too hɔ wɔ sikasɛm nhyehyɛeɛ mu a mmarahyɛbadwa gye too mu no so.	Expenditure Overrun: This occurs when Government spending exceeds the Budget amount approved by Parliament.
2023	0.9971	0.3273	Sikasɛm ho Mmara (Fiscal Policy): Yei yɛ ɛkwan a aban fa so de sika di dwuma ne ɛtoɔ ho nhyehyɛeɛ ahodoɔ a ɛboa ma sikasɛm mu mpontuo nnyinasoɔ anaa nneɛma a ɛma ɔman sikasɛm gyina yie no ase tim.	Fiscal Stress: It is a concept that seeks to measure the extent to which a local government is in danger of a fiscal crisis warranting intercession by the State, especially actions that could reduce local control.
2023	0.9971	0.4497	Nsiho-tua (Interest payments): Yei yɛ bosea anaa agyapadeɛ bi ho nsiho a ɔkafoɔ anaa deɛ wafiri agyapadeɛ no tua.	Interest payments: They are the cost of borrowing money or payment of interest on a loan or mortgage
2023	0.9971	0.3973	Nsunsuansoɔ (Outturn): Yei yɛ deɛ ɛsi wɔ tebea bi akyi anaa sɛ tebea ahodoɔ bi akyi.	Outturn: It is the result of a process or sequence of events.
2023	0.9971	0.3877	Squadron: Yei yɛ ewiem asraafoɔ ekuo bi a wɔwɔ ewiemhyɛn a wɔde di wɔn dwuma no mmienu a anaa deɛ ɛboro saa ne asraafoɔ a ɛsɛ sɛ wɔka ewienhyɛn no.	Squadron: It is an operational unit in an air force consisting of two or more flights of aircraft and the personnel required to fly them.
2023	0.9971	0.5310	Adwadeɛ ho ɛtoɔ (Value Added Tax (VAT): Yei yɛ ɛtoɔ bi a yɛde to adwadeɛ ahodoɔ so wɔ adwadeɛyɛ mpɛmpɛnsoɔ biara mu.	Value Added Tax (VAT): The tax levied as value is added to goods and services at each stage of production.
2023	0.9971	0.6507	Mmɔborɔwafoɔ Aduonu (V20 - Vulnerable Twenty): Yeinom yɛ aman bi a wɔsusu sɛ ewiem nsakraeɛ ho nsuansuansoɔ a ano yɛ den no ka wɔn pa ara.	V20 (Vulnerable Twenty): They are detailed massive economic damage wrought by climate change on the economies representing countries considered the most vulnerable to climate change.
2023	0.9966	0.2848	Ɔman nkorabata (Subsector) – Ɛgyina hɔ ma ɔman no asoɛeɛ ahodoɔ no mu baako a dwumadie ahodoɔ kɔ so wɔ hɔ.	Subsector - an area of economic activity that forms part of one of the larger areas into which the economic activity of a country is divided.
2023	0.9961	0.6486	Sɛ yɛde Sika Dodoɔ ankasa a ɛbaa fotoɔ mu toto deɛ yɛde sii yɛn ani so sɛ yɛbɛnya no ho a, na ɛda adi sɛ sika no so tee ɔpepem baako, ahankron ne nkron anaa ɔha mu nkyɛmu mmienu ne akyire pɔ nwɔtwe (GH¢1,909 million or 2.8 percent) ne sikasɛm mu mpontuo ɔha mu nkyɛmu aduasa mmiɛnsa ne akyire pɔ mmienu (33.2 percent).	Compared to the target for the period, the outturn for Total Revenue and Grants represented short fall by GH¢1,909 million or 2.8 percent and a year on-year growth of 33.2 percent.
2023	0.9961	0.2017	Bɛpagya adwadeɛ ho ɛtoɔ (VAT) no mu afiri ɔha nkyɛmu dumienu ne ɛfa de akɔ ɔha nkyɛmu dunum na yɛatrɛ nneɛma a yɛgye ɛho Adwadeɛ ɛtoɔ(VAT) no mu, asane atu anammɔn ahodoɔ afa adwadeɛ a ɛnni sɛ yɛgye ɛho adwadeɛ ho ɛtoɔ (VAT) no ho.	Increase the Value Added Tax (VAT) rate by two and a half percentage points from 12.5 percent to 15 percent and review the VAT threshold as well as undertake major reforms with respect to VAT exemptions.
2023	0.9961	0.7090	Amannɔne Edwadie Sikakorabea (EXIM - Export-Import) Bank: Ghana Amannɔne Edwadie Sikakorabea (Export-Import Bank - GEXIM) yɛ sikakorabea bi a wɔnam mmara a ɛtɔ so ahankron ne dubaako (Ghana Export-Import Bank Act 2016 - Act 911) so buee wɔ ɔman yi mu wɔ afe 2016 mu a, ɛbɛboa aban wɔ adwadeɛ a yɛde kɔ amannɔne kɔtɔn ho edwadie no ama ase atim.	EXIM (Export-Import) Bank: Ghana Export-Import Bank (GEXIM) was established by the Ghana Export-Import Bank Act 2016 (Act 911) to support the government of Ghana’s quest for a feasible and sustainable export led economy.
2023	0.9961	0.3003	Sika a yɛde kyɛ Aban (Grants): Yeinom yɛ sika ho mmoa ahodoɔ a Mpontuo mu Aboafoɔ de boa Aban a ɛnyɛ adeɛ a Aban bɛtua.	Grants: These are types of financial assistance given to Government by development partners and for which Government does not have to be pay back.
2023	0.9961	0.4559	Nnwuma Nketewa ne Adantam (Small and Medium-Sized Enterprises - SMEs): TYeinom yɛ ankorankoro nnwuma a ɛnhyɛ aban ase a wɔtumi fa nnipa kakra bi de di wɔn dwuma. Asetena mu Mmoa Sika (Social Benefits): Yei yɛ sika a Aban gyina ɔmanfoɔ anan mu tua ma nsuo, pɛtro ne nkanea nnwumakuo no de sɔ Ghanafoɔ asene.	Small and Medium-Sized Enterprises (SMEs): They are nonsubsidiary, independent firms that employ less than a given number of employees Social Benefits: Government pays subsidies to utility companies and on petroleum products on behalf of the public.
2023	0.9961	0.4022	Asenesɔ Sika (Subsidy): Yei yɛ sika mu mmoa bi a Aban de ma ɔman mma ma ɛyi adesoa kakra firi wɔn so ma wɔn kɔn mu dwo wɔn.	Subsidy: This is a financial relief given by government to citizens to reduce the burden on them.
2023	0.9961	0.3668	Fannyɛ (Transparency): Yei ne sɛ Aban bɛma ɔman mma ahunu deɛ ɛrekɔ so na wɔate amanneɛbɔ nyinaa wɔ ɛberɛ ano ɛberɛ ano.	Transparency: This is when Government provides adequate and timely information for its citizens about what it is doing.
2023	0.9956	0.7040	Ogyahoɔden 40. Sɛdeɛ ɛbɛyɛ na yɛbɛsi ogyahoɔden a yɛhwere wɔ ɛberɛ a yɛde anyinam ahoɔden rekɔ mmeammea a ɛhia wɔ ne kyɛ mu ano na ɛho nhyehyɛeɛ nyinaa bɛkɔ nkan enti no, yɛwiee, Firaw Mantam- Achimota anyinam ahoma ho dwumadie (161kV Volta-Achimota- Mallam Transmission Line Upgrade) no.	Energy 40. In order to reduce transmission and distribution system losses and improve transmission system reliability, the 161kV Volta- Achimota-Mallam Transmission Line Upgrade Project was completed and is in operation.
2023	0.9956	0.4065	Ɛnam yei so enti sikakorabea ahodoɔ dubaako de sika dodoɔ, Ghana sidi ɔpepempem baako, ɔpepem ɔha aduosia nkron (GH¢1.169 billion) a ɛgyina hɔ ma sika dodoɔ a wɔatwa ato hɔ ama dwumadie no mu ɔha mu nkyɛmu aduasa.	Consequently, the banks have committed a total of GH¢1.169 billion, which represents 30% of the funding portfolio, for the programme.
2023	0.9956	0.9390	La Beach Road Completion Project	La Beach Road Completion Project
2023	0.9956	0.3332	Sikasɛm Nhyehyɛeɛ (Budget): Sikasɛm nhyehyɛeɛ gyina hɔ ma nhyehyɛeɛ a Aban ayɛ afa ɛkwan a ɔbɛfa so anya sika ne deɛ ɔde saa sika no bɛyɛ ho.	Budget: A budget is a plan that outlines where to get money from and what to spend it on.
2023	0.9956	0.3963	Nsiho ho Ɛka (Interest cost): Yei yɛ bosea ho nsiho dodoɔ a ɛsɛ sɛ ɔkafoɔ tua wɔ bosea a wabɔ ho anaa biribi a ɔde ho ɛka wɔ ɛberɛ a ɔntuaa sika botene no ankasa nwieeɛ.	Interest cost: It refers to the cumulative amount of interest a borrower pays on a loan or other debt while it is outstanding.
2023	0.9951	0.3060	Aban bɛkɔ so de ahohiahia ho ɔhwɛ a ɛfata ama wɔn a wɔbɛnya wɔn tiri adidi mu wɔ Nnipatɔn mu no, na wayɛ nhyehyɛeɛ ako atia nnipatɔn, mpɔtam nsawɔsodie na wasane ahyehyɛ dwumadie a wɔnam so bɛtwe nnwumakuo a wɔko tia nnipatɔn no adwene asi nnipatɔn ho ɔhaw so.	Government will continue to provide comprehensive trauma care to survivors of Human Trafficking and undertake preventive mechanisms against trafficking in persons, community dialogues as well as embark on awareness raising programs to sensitise stakeholders on issues of human trafficking
2023	0.9951	0.5028	Sika a wɔtua ma Aban Nnwuma ahodoɔ (Grants to other Government Units): Yei gyina hɔ ma sika a, mmara hyɛ sɛ ɛsɛ sɛ wɔtua kɔgu Mansini Mmarahyɛbadwa Fotoɔ “DACF” no mu, Lɔrekwan Fotoɔ “Road Fund” mu, Nwomasua Fotoɔ “GETFUND” mu, Fango ho Dwumadie Fotoɔ “Petroleum Related Fund” ne Ɔman Apɔmuden ho Fotoɔ “National Health Fund” mu.	Grants to other Government Units: These constitute payments that are required by law such as District Assemblies’ Common Fund (DACF), Road Fund, Ghana Education Trust Fund (GETFUND), Petroleum Related Fund and National Health Fund.
2023	0.9951	0.2938	Nkyerɛkyerɛ a ɛde nsakraeɛ Ba (Sensitization): Yei yɛ nkyerɛkyerɛ anaa dawubɔ a ne botaeɛ ne sɛ ɛbɛma nhunumu ne adwenesakra nam so de nsakraeɛ pa aba tebea bi a ɛnyɛ mu.	Sensitization: The quality or condition of responding to certain stimuli in a sensitive manner.
2023	0.9951	0.4513	Asorɔkye kunini (Tidal wave): Ɛyɛ ɛpo asorɔkye a ɛso pa ara a ɛba wɔ ɛberɛ a ɛpo ase asasewosoɔ bi asi anaa ɔbotan mu awosoɔ bi akɔ so wɔ ɛpo ase.	Tidal wave: It is an exceptionally large ocean wave, especially one caused by an underwater earthquake or volcanic eruption.
2023	0.9946	0.3913	Yei kyerɛ sɛ, ɛberɛ a amannɔne sika a yɛnya firi amansan boseabɔ edwa so ne sika a ɛfiri adwadeɛ a yɛde kɔ amannɔne mu no so reteɛ, na afei ɛsiane sɛdeɛ yɛpɛ amannɔne nneɛma pa ara enti, sika a yɛde kra nneɛma firi amannɔne no nso kɔ ara na ɛrekɔ soro, na amannɔne ɛka a yɛde no nso kɔ ara na ɛrekɔ soro no, na yɛn sika mu duru no so te ara na ɛreteɛ.	Thus, even as the foreign currency support from the capital market and our foreign earnings declined, the rise in our import bill rose from our apparent insatiable demand for imports as a country, coupled with our increasing debt servicing bill, further undermined the value of our currency.
2023	0.9946	0.3190	Na ɛkwan a yɛfa so bu yei ho nkonta ne sɛ yɛsese no wɔ Ɔman Adwadeɛ nyinaa bo a ɛsom no mu ɔha mu nkyekyɛmu.	This can be measured as a percentage of the Gross Domestic Product (GDP).
2023	0.9941	0.6925	Apɔmuden 68. Atiridii yadeɛ gu so ka yadeɛ edu a ɛkum nnipa pa ara wɔ Ghana no ho.	Health 68. Malaria continues to be amongst the top ten killer diseases in Ghana.
2023	0.9941	0.3672	Yei enti, Aban bɛyɛ nhyehyɛeɛ nam so ne nnwuma ahodoɔ a ɛwɔ hɔ dada ne deɛ afei na wɔrebɛfiri aseɛ aka wɔn ho abom nam so atrɛ nnwuma no mu, ɔbɛsiesie, asane de mfidie a ɛbɛyɛ adwadeɛ pɔtee a yɛde ani asi so no adi dwuma.	Further to this, Government will promote the formation of partnerships with existing and prospective businesses to expand, rehabilitate and establish manufacturing plants targeted at these selected items.
2023	0.9937	0.4265	Mpontunnwuma ho Sika (Capital Expenditure): Yei yɛ sika a yɛde yɛ mpontunnwuma sɛ ebia akwanyie, sukuudansie, ayaresabea dansie, atwene-sie, akwantusɛm, nsuo, mfidie akɛseɛ ne deɛ ɛkeka ho. Abɔnta Lɔre Ɛkwan (Carriageway): Ɛyɛ lɔre ɛkwan no ɔfa a ahyɛn tumi fa so.	Capital Expenditure: This is money spent on major infrastructure projects such as roads, schools, hospitals, bridges, transport, water systems, plant and machinery etc. Carriageway: It is the part of a road used by vehicular traffic.
2023	0.9932	0.7272	Fa-me-kwa Ntoasoɔ Sukuukorɔ (FREE SHS): Fa-me-kwa Ntoasoɔ Sukuukorɔ yi yɛ Aban nhyehyɛeɛ foforɔ a Ɔmanpanin Nana Akuffo-Addo aban de puee edwa wɔ Ɛbɔ bosome mu wɔ afe 2017 mu sɛ JHS osukuuni biara a ɔbɛbɔ ne ho mmɔden wɔ sɔhwɛ mu no, ɔbɛnya ɛkwan wɔ Ntoasoɔ Sukuu mu akɔsua adeɛ a ɔrentua hwee.	FREE SHS: The Free SHS (Free Senior High School) policy is a Government of Ghana initiative introduced by the President Nana Akuffo-Addo administration in September 2017 that guarantees free access to SHS education for any accademically qualified JHS student
2023	0.9927	0.3457	Afe 2023 sika a yɛde bɛdi dwuma no ho nkontabuo na yɛabɔ no tɔfa wɔ hyehyɛpono 5 so no.	The details of the 2023 expenditure is summarised in the Figure 5.
2023	0.9927	0.2606	Ɔman Adwumakuo A Ɛhwɛ Mfidinnwuma Nketwa So- (National Board for Small Scale Industries- NBSSI): Ɔman Adwumakuo a Ɛhwɛ Mfidinnwuma Nketewa so no yɛ ɔman adwumakuo a ɛnyɛ mfasoɔ enti na wɔwɔ hɔ na mmom, ɛyɛ adwumakuo a ɛhyɛ Asoɛeɛ a Ɛhwɛ Edwadie ne Mfidinnwuma so no ase, a mmara ma wɔn ho ɛkwan sɛ wɔnhwɛ sɛ Mfidinnwuma Nketewa ne Adantam (Micro and Small Enterprises (MSEs) bɛtu mpɔn.	MSME (Micro And Small Buisness Developmet Programme): A micro-enterprise (or microenterprise) is generally defined as a small business employing a minimum number of people, and having a balance sheet or turnover less than a certain amount NABCo (Nation Builders Corps): also known as NABCO is an initiative introduced by the Government of Ghana to provide jobs to unemployed university graduates to solve various social problems in both the private and public sectors and build their skills to promote economic growth in the country.
2023	0.9922	0.3031	Afe 2022 mu no, Aban gyinaa “Mansini Baako Adekoradan Baako Nhyehyɛeɛ (“One District One Warehouse” programme) no so wiee mfudeɛ adekoradan dodoɔ aduosia enum (65 warehouses) nam so de mɛtrik tɔn dodoɔ mpem aduɔwɔtwe kaa ɔman ahoɔden a yɛde kora aburoo sɛso nnuane no ho, sɛdeɛ ɛbɛyi nnɔbaeɛ a wɔtwa a ɛsɛe kwa no afiri hɔ, ama akuafoɔ nsa aka wɔn adwuma no ho mfasoɔ.	Government in 2022, completed 65 warehouses which added 80,000mt to the national grain storage capacity under the “One District One Warehouse” programme to address the persistent problem of post-harvest losses, and secure farmer income.
2023	0.9922	0.3712	Ho Nteteeɛ Ayaresabea no (Ho Teaching Hospital) nso de afidie bi a wɔfrɛ no CT-Scan ne deɛ wɔfrɛ no “endoscopy” a ɛtumi hwehwɛ nnipadua mu nyinaa aba, asane de ɛhyɛn a wɔtumi de di akɔneaba kɔsa yareɛ (mobile clinic van) aba de kyinkyini kokɔ mmeaɛmmeaɛ de boa ayaresa.	The Ho Teaching Hospital introduced CT-Scan and endoscopy services and acquired a mobile clinic van to support outreach services.
2023	0.9922	0.6961	Aban nam Aban Atoyerɛkyɛm Ntotoeɛ Adwumakuo (National Disaster Management Organisation (NADMO) no so boaa wɔn a atoyerɛnkyɛm too wɔn dodoɔ mpem dunum ahanson aduɔson mmienu (15,772).	Government through National Disaster Management Organisation (NADMO) supported 15,772 disaster victims.
2023	0.9922	0.6827	Ɛka Ahodoɔ A Aban De (Outstanding Obligations): Ɛka ahodoɔ a Aban de no yɛ sika a ɛsɛ sɛ Asoɛeɛ a Ɛhwɛ Sikasɛm so no tua ma Aban Nnwuma ahodoɔ no ɛnna afei, ɛka ɛda hɔ firi afe 2016 mu a mmara hyɛ sɛ ɛsɛ sɛ Aban tua gu Mmara ho Fotoɔ ahodoɔ mu.	Outstanding Obligations: The outstanding obligations comprise MDA commitments with the Ministry of Finance as well as outstanding 2016 payments to Statutory Funds.
2023	0.9917	0.4458	Sɛ yɛde deɛ na ani da ɛkwan sɛ yɛbɛnya wɔ afe 2022 mu no toto ho a, nkontabuo yi da no adi sɛ sika a yɛde dii dwuma (primary ependiture) so tee wɔ ɔman yi mu adwadeɛ nyinaa bo a ɛsom ho ɔha nkyekyɛmu hwee akyiri pɔ mmiɛnsa (deɛ ɛyɛ asɛdeɛ) na yei da Aban krado a wayɛ sɛ ɔbɛtu ɔman yi sikasɛm ho anammɔn pa ama agyina yie no adi.	This estimate shows a shrinkage of 0.3 percentage points of GDP in primary expenditures (commitment basis) compared to the projected outturn in 2022 and a demonstration of Government’s resolve to consolidate its public finances in a credible and sustainable manner.
2023	0.9917	0.4151	Adwumayɛfoɔ akatua (Compensation of Employees): Yei yɛ adwumayɛfoɔ bosome akatua, Sika ahodoɔ, asetenam ahotosoɔ sika, akwankɔgya sika ne deɛ ɛkeka ho a wɔtua ma Aban adwumayɛfoɔ.	Compensation of Employees: This is made up of salaries and salaryrelated allowances such as social security, gratuities and pensions paid to public sector workers.
2023	0.9912	0.3794	Yei enti sɛdeɛ ɛbɛyɛ na Aban bɛtu atiridii yadeɛ ase no, ɔde afidie bi a wɔfrɛ no “LSM Implement app” a ɛtumi kyerɛ baabi a ntontom dɔre ma wɔhye wɔn ase wɔ Mansini ahodoɔ mu aba.	Thus, as part of Government’s efforts to eliminate malaria, an application (LSM Implement app) for mapping and treatment of mosquito breeding sites in the districts has been rolled out.
2023	0.9912	0.3081	Sika Dodoɔ A Aka A Yɛbɛhia De Adi Dwuma (Primary balance): Yei yɛ sika dodoɔ a aka wɔ ɛberɛ a Aban agyegye deɛ n’ani da ɛkwan sɛ ɔbɛnya no nyinaa akyi de adi dwuma, a bosea ho nsiho nka ho bie, (kyerɛ sɛ bosea a Aban bɛtua nka ho).	Primary balance : This is the difference between Government revenue and its non interest expenditure (excluding debt Service Payment).
2023	0.9907	0.1809	Bio seesei a yɛawie Tema Motorway kanko no ɔfa a ɛdi kan no, ɔfa a ɛtɔ so mmienu no a emu dwumadie ne nsamsoɔ no abɔntasa ho dwumadie no bɛhyɛ aseɛ.	Additionally, with Phase I of the Tema Motorway Roundabout completed, Phase II, which involves the construction of the 3rd tier of the interchange, will commence.
2023	0.9907	0.7137	Bio, yɛtetee mpɔtam adekyerɛfoɔ dodoɔ ahanu aduanan nwɔtwe (248 community educators) wɔ mpɔtam mpontuo ne Asetena mu banbɔ ho nimdeɛ mu wɔ Kwaso Mpɔtam Mpontuo kɔlegyi hɔ sɛdeɛ wɔbɛnya nimdeɛ de aboaboa mpɔtamfoɔ ano ama wɔatu mpontuo ho anammɔn.	Additionally, 248 community educators were trained in community development and social protection at the Rural Development College in Kwaso to help mobilize communities for development activities.
2023	0.9897	0.2484	Dwumadie ho sika a ɛboroo soɔ kakra no farebae ne Nsiho ne Sika a yɛtua ma Aban Nwumakuo ahodoɔ.	The marginal increase in expenditures was largely on account of expenses on Interest Payments and Grants to Other Government Units.
2023	0.9897	0.4304	SIKASƐM HO DWUMADIE AHODOƆ 13. Aban sikasɛm ho dwumadie wɔ ɛberɛ a yɛreka ho asɛm yi mu no kɔsii sɛ yɛdii sika boroo deɛ na yɛde asi yɛn ani soɔ no so. Sika a yɛdi boroo soɔ no kɔsii ɔpepem aduanan ɛnan ne aduonu mmienu a ɛyɛ ɔman mu adwadeɛ nyinaa mu ɔha mu nkyɛmu nson ne akyire pɔ ɛnan (GH¢44,022 million - 7.4% of GDP) a na deɛ yɛde asi yɛn ani so sɛ yɛde bɛdi dwuma no yɛ ɔpepem aduasa nsia, ahansia ne aduɔwɔtwe ɛnan a ɛyɛ ɔman mu adwadeɛ nyinaa mu ɔha mu nkyɛmu nsia ne akyire pɔ mmienu (GH¢36,684 million - 6.2% of GDP).	Addition” 6 | Government of Ghana - 2023 Citizens’ Budget Figure 2: Summary of Jan-Sept 2022 Expenditure Performance Financing Operations 13. Government’s fiscal operations for the period resulted in an overall budget deficit of GH¢44,022 million (7.4% of GDP), against a target of GH¢36,684 million (6.2% of GDP).
2023	0.9897	0.2158	Afe 2023 mu no, Aban bɛgye mmoa afiri EXIM sikakorabea (EXIM bank) no hɔ nam so asisi mfidie a wɔde yɛ ɔyɛasaseyie a wɔmfaa mu no bi afoforɔ, asane atrɛtrɛ deɛ ɛwɔ hɔ dada no mu.	In 2023, Government will facilitate the establishment and expansion of local organic fertilizer production plants with support from the EXIM bank.
2023	0.9897	0.6788	Amantam mu ne Amantam ntam akwan ho dwumadie no a yɛfirii aseɛ wɔ afe 2019 no mu biara aduru mpɛmpɛnsoɔ a ɛkɔ nkan.	The Critical Regional and Inter-Regional Road Projects initiated in 2019 are at various stages of completion.
2023	0.9897	0.3519	Ɔman Mu Adwadeɛyɛ (Import Substitution): Yei yɛ ɛkwan a yɛfa so yɛ adwadeɛ wɔ ɔman yi ara mu de hyɛ adwadeɛ ahodoɔ bi a yɛkra firi amannɔne no anan mu na mmom ɛnyɛ sɛ yɛbɛyɛ adwadeɛ de akɔ amannɔne akɔtɔn na ɛnam saa ɔman yi ara mu adwadeɛyɛ yi so ma ɔman yi mu mfidinnwuma tu mpɔn.	Import Substitution: A strategy that emphasizes the replacement of imports with domestically produced goods, rather than the production of goods for export to encourage the development of domestic industry Inflation: The rate of increase in general price level of goods and services over a period.
2023	0.9893	0.3073	Aban botaeɛ a ɛne sɛ ɔbɛma anyinam akɔ nkuro a nsuo atwa ho ahyia (supɔ) na ɛhɔ kɔ yɛ den no enti, yɛafiri aseɛ asisi ɛho mfidie mmiɛnsa wɔ Azizkpe, Aflive ne Alorkpem a ɛwɔ Ada Apueeɛ Mansini a ɛwɔ Nkran Mantam mu no mu.	As part of Government’s strategy to electrify island communities and hard-to-reach areas with renewable energy technologies, civil works on the construction of three mini-grids at Azizkpe, Aflive and Alorkpem Islands in the Ada East District of the Greater Accra Region have been completed.
2023	0.9893	0.1407	Afe 2023 mu no, Aban bɛkɔ so ama adesuafoɔ aduane pa a nnuanennuro ahyɛ mu ma sukuu da biara.	In 2023, Government will continue to provide one hot, nutritious meal to school pupils on each school-going day.
2023	0.9873	0.6963	Ghana Nnuadua Ɛda (Green Ghana Day) 52. Yɛgyinaa Ɔman Nnuadua Dwumadie no so duaa nnua hɛkta dodoɔ mpem dubaako ne ahansia aduokron mmienu (11,692ha) a annuru hɛkta mpem dunson (17,000ha) a yɛyɛɛ adwene sɛ anka yɛbɛdua no.	Green Ghana Day 52. A total area of 11,692ha forest plantation was established against a revised target of 17,000ha under the National Afforestation Programme.
2023	0.9873	0.4714	Afe 2023 mu no, Aban bɛtoa dwuma ahodoɔ a wafiri aseɛ no so, na afei wafiri Mpoano Banbɔ Dwumadie afoforɔ ase wɔ Blekusu (Ɔfa a ɛtɔ so mmienu), Apam, Axim (Ɔfa a ɛtɔ so mmienu), La ne Teshie, Dansoman (Ɔfa a ɛtɔ so mmienu), Shama, Ningo- Prampram (Dwumadie 2), Tema New Town, Anloga, Takoradi ne Maritime Asuapɔn Mpoano Banbɔ Dwumadie (Maritime University Coastal Protection Projects).	In 2023, Government will continue with the implementation of the ongoing projects and also, commence additional coastal protection works at Blekusu (Phase II), Apam, Axim (Phase II), La and Teshie, Dansoman (Phase II), Shama, Ningo-Prampram (Section 2), Tema New Town, Anloga, Takoradi and Maritime University Coastal Protection Projects.
2023	0.9858	0.3985	Ɔman-kyekyere Atuhoakyɛfoɔ- NABCo (Nation Builders Corps): Yei yɛ adwene foforɔ koraa a Ghana Aban de puee edwa a ɔnam so bɛma mmeranteɛ ne mmabaawa a wɔawie asuapɔn no bɛnya adwuma ayɛ wɔ ankorankorɛ anaa Aban nnwuma mu na wɔaboa de wɔn nimdeɛ apɛ asetenam ɔhaw ahodoɔ nnannuaguberɛ, na yei aboa wɔn ma wɔanya osuahunu a ɛbɛboa Ɔman sikasɛm mpontuo.	Module: It is one of a set of separate parts that can be joined together to form a larger Monetary policy: It is the policy adopted by the monetary authority of a nation to control either the interest rate payable for very shortterm borrowing or the money supply, interest rate, to ensure price stability.
2023	0.9858	0.2420	Ɔman Nnuadua Dwumadie (National Afforestation Programme-NAP): Ɛyɛ kwaeɛ a yɛatɔre aseɛ no ananmuhyɛ sɛdeɛ ɛbɛyɛ a kwaeɛ mu nnepa a ahwere yɛn no bɛsane aba na ɛnam so ama mpɔtam ahodoɔ a wɔtete bɛn kwaeɛ, titire ahiafoɔ no asetenam atu mpɔn.	NBSSI (National Board For Small And Medium Scale Industry): The National Board for Small Scale Industries (NBSSI)
2023	0.9849	0.4950	Bɛsesa Ɔman Sikasɛm Nsiesie Ho Ɛtoɔ (National Fiscal Stabilisation Levy,NFSL) no ayɛ no Mpontuo ne Nsiesie ho ɛtoɔ (Growth and Sustainability Levy,GSL)ama adi nneɛma ahodoɔ no nyinaa ho dwuma.	Convert the National Fiscal Stabilisation Levy (NFSL) into a Growth and Sustainability Levy (GSL) to cover all entities.
2023	0.9849	0.3754	Yei botaeɛ ne sɛ nnwuma bɛbu so wɔ ɔman yi mu na Ghanafoɔ a wɔwɔ ɔman yi afanan nyinaa anya adwuma ayɛ.	It is aimed at creating more jobs for Ghanaians across the length and breadth of the country.
2023	0.9844	0.3895	Yeinom ama ɛbo a yɛn sika som no so ate pa ara na ama sika mu ahoɔden so ahwan nam so de sikasɛm mu ahohiahia aba ɔmanfoɔ so.’’ Yenom nyinaa akyi no, yɛrempa aba.	These factors are eroding the real value of incomes and savings, thus imposing economic hardships on citizens.’’ However, we remain resolute.
2023	0.9790	0.1768	Afe 2023 mu no, aban bɛkɔ so ayɛ apɔmuden adwumayɛfoɔ a yɛde wɔn kɔ amannɔne no ho nhyehyɛeɛ pa nam so awie nteaseɛ Apam a ɔne Nyiresi Aban (United Kingdom) reyɛ afa wɔn ho no.	In 2023, Government will continue to regularise the exportation of health professionals by concluding on the Memorandum of Understanding between the Governments of Ghana and the United Kingdom.
2023	0.9790	0.3033	Bio Aban buee mfudeɛtɔ ho akwannya maa akuafoɔ nam so maa wɔn sikasɛm nyaa nnyinasoɔ.	Government further created a ready market for local farmers thereby boosting the local economy.
2023	0.9771	0.1795	Afe 2023 mu no, Aban bɛyɛ nhyehyɛeɛ ne dwumadie afoforɔ, nanso yɛbɛhwɛ sɛ ɛbɛyɛ yɛn asɛnhia na yɛawie mpontunnwuma ahodoɔ a ɛrekɔ soɔ no nyinaa.	In 2023, Government will implement new policies and programmes, but will also encourage the culture of completing all existing projects.
2023	0.9751	0.4247	Aban bɛfiri aseɛ akyekyɛ abɛɛfo lɔre akwan ho owia mu anyinam nkanea no (all-in-one solar street lighting) akokɔ Nkuropɔn, Nkuro, ne Mansini ahodoɔ no mu.	Government will also commence the deployment of all-in-one solar street lighting in Metropolitan Municipal District Assemblies (MMDAs) across the country.
2023	0.9746	0.3679	‘’Seesei ɛsiane pɛtro boɔ a ɛntumi nnyina faako na yɛn sika mu duru no kɔ ara na ɛrekɔ fam a ne farebae ne fango boɔ a akɔ soro wɔ amansan edwa soɔ enti, yɛwɔ ahokyere pa ara mu.	‘’We are currently in a crisis driven by rising fuel prices caused by the rapid loss in value of the local currency, as well as high international crude oil prices.
2023	0.9736	0.2692	Yɛbɛsane agyina yɛn nan so.	We will come out of this stronger.
2023	0.9731	0.9695	© 2022. All rights reserved.	© 2022. All rights reserved.
2023	0.9717	0.7620	Aban ne Ɔman Ghana Sikakorabea Nyinaa Nkabom Ekuo (Ghana Association of Banks (GAB) ne Dwadie Banke ahodoɔ dubaako eleven (11) commercial banks) de nsa ahyɛ nteaseɛ apam ase fa wo-deɛ-hyɛ-aseɛ (Youstart) dwumadie no ho.	Government has signed a Memorandum of Understanding (MoU) with the Ghana Association of Banks (GAB) and eleven (11) commercial banks for implementation of the YouStart commercial programme.
2023	0.9707	0.3747	Awurade bɛka yɛn ho na wama yɛn ahoɔden a yɛde bɛtu anammɔn yi.	The Lord will uphold us and grant us strength to do this.
2023	0.9697	0.4554	Saa dwumadie yi a ɛwɔ hɔ mfeɛ mmiɛnsa ntam yi aboa nnwuma a mmabunu na wɔdi anim (wɔn a wɔnni mmoroo mfeɛ aduanan (40 years) ne Nnwuma Nketewa ne Adantam (Small Medium Enterprises ,SMEs) aduɔson ama wɔn nsa aka mmoa sɛ ebia dwumadie ho nimdeɛ (capacity building), adwadifoɔ ho akwannya (access to markets), adwuamayɛ ho mmara-so-die ne adwadeɛ mudie.Sika dodoɔ a yɛakyekyɛ wɔ dwumadie yi mu yɛ Ghana sidi ɔpepem baako, mpem aduɔkron nwɔtwe (GH¢1.98 million).	The 3-year programme which offers support to youth-led (below the age of 40 years) Small Medium Enterprises (SMEs) with services such as capacity building, access to markets, compliance and quality assurance support has been successfully piloted with 70 beneficiaries, with an amount of GH¢1.98 million disbursed.
2023	0.9692	0.7026	Ɔyɛasaseyie a wɔmfraa mu ho anammɔntuo 34. Ɛsiane sɛdeɛ nnansa yi ɔyɛasaseyie a wɔafra mu (inorgani fertiliser) ho yɛɛ den ma ne ɛboɔ nso kɔɔ soro pa ara ɛsiane ewiase nyinaa mu ɔhaw a ɛrekɔ so no enti no, Aban apagya adwadifoɔ a wɔtɔn ɔyɛasaseyie a wɔmfraa mu (Organiɔ fertiliser) no kyɛfa a wɔwɔ mu sɛdeɛ ɛmma dodoɔ a ɛbɛhia no ntɔ sini.	Promotion of organic Fertilizer 34. Given the recent disruption in inorganic fertiliser supply chains and sharp increases in prices from the global crisis, Government has increased the quota for organic fertiliser suppliers to cover the shortfall in supply of inorganic fertilisers.
2023	0.9692	0.7057	Wo-Deɛ-Hyɛ-Aseɛ (YouStart): Ɛyɛ ɛkwan a Aban pɛ sɛ ɔfa so boa mmabunu a wɔadi firi mfeɛ 18 kɔ 40 wɔ sikasɛm ne mfidie ho ma wɔde hyɛ wɔn nnwuma ase anaa sɛ nnwuma a ɛyɛ mmabunu dea na ɛnam so ama wɔahyɛ aseɛ na wɔatumi atrɛ wɔn ankasa nnwuma mu. Mmabunu Adwumanya ho Adwumakuo (Youth Employment Agency - YEA): Wɔnam mmara a ɛtɔ so ahanwɔtwe ne aduɔwɔtwe nson a ɛyɛ Mmabunu Adwumanya ho Mmara a wɔhyɛɛ no afe 2015 mu (Youth Employment Act 2015 - Act 887) no so buee Mmabunu Adwumanya ho Adwumakuo yi sɛdeɛ ɛbɛhwɛ ahyehyɛ, atoto, ahwɛ na waboa wɔ mmabunu adwumanya ne nsɛm a ɛfa wɔn ho wɔ Ghanaman mu.	YouStart: It is a vehicle through which Government intends to provide funding and technical support to youth (18-40) and youthled businesses who fall within this category to assist them start, build and grow their own businesses Youth Employment Agency (YEA): The YEA was established under the Youth Employment Act 2015 (Act 887), to oversee the development, coordination, supervision and facilitation of employment for the youth and related matters in Ghana
2023	0.9688	0.6462	2023 ƆMAN MMA SIKASƐM NHYEHYƐEƐ 2023 Ɔman Mma Sikasɛm Nhyehyɛeɛ No Ho Anodisɛm A Yɛakyerɛkyerɛ Mu Ama Ayɛ Tiawa Na Ne Nteaseɛ Ayɛ Mmrɛ	An Abridged and Simplified Version of the 2023 Budget Statement and Economic Policy
2023	0.9688	0.4277	Biribi bo a ɛsom so-teɛ (Depreciation): Yei yɛ sɛdeɛ agyapadeɛ bi bo a ɛsom no so teɛ wɔ ɛberɛ pɔtee bi mu anaa sɛ sɛdeɛ sɛ wode ɔman bi sika toto aman afoforɔ deɛ ho a, emu duru no wɔ fam. Mpontuo mu Aboafoɔ (Development Partners): Yei gyina hɔ ma Aman anaa nnwumakuo a wɔboa Aman a afei na wɔretu mpɔn ma wɔduru wɔn mpontuo botaeɛ ho.	Depreciation: It is a reduction in the value of an asset over time or a decrease in the value of a currency relative to other currencies Development Partners (DPs): This refers to countries and/or organizations that collaborate with developing countries to achieve their developmental goals.
2023	0.9648	0.1853	Sika A Aban Nya (Revenue): Yei yɛ sika dodoɔ a Aban nya firi ne dwumadie ahodoɔ a ɔdi wɔ ɔman yi mu ne amannɔne.	Real GDP: It is a measure of a country's gross domestic product that has been adjusted for inflation Revenue: This is the total amount of money that Government receives for its activities from both domestic and external sources.
2023	0.9634	0.7478	Nsrahwɛ 79. Aban bɛfa Nsrahwɛ Adwumakuo (Ghana Tourism Authority) (GTA) no so, agyina nhyehyɛeɛ a wɔato edin hunu Ghana (See Ghana), di Ghana aduane (Eat Ghana), Hyɛ Ghana (Wear Ghana atadeɛ) ne Nya atenka ma Ghana (Feel Ghana’) nhyehyɛeɛ no so ahyehyɛ dawubɔ dwumadie nam so ahyɛ nkuran afa hia a ɛhia sɛ yɛtɔ Ghana nneɛma ho.	Tourism 79. Government under the Ghana Tourism Authority (GTA) will mount an aggressive awareness programme under its ‘See Ghana, Eat Ghana, Wear Ghana and Feel Ghana’ campaign to encourage patronage of made in Ghana products in the tourism and hospitality industry.
2023	0.9634	0.6247	Ɛnam yei so maa mmɔfra dodoɔ a wɔkɔ sukuu a wɔwɔ (mmɔtafowa sukuu) KG, Mfitiaseɛ (Primary) ne Adantam (JHS) gyinapɛn no kɔɔ soro wɔ afe 2020/21 sukuu afe no mu. Mmɔtafowa sukuu kɔɔ soro ɔha mu nkyɛmu ɔha ne dunwɔtwe (118%), Mfitiaseɛ kɔduru ɔha mu nkyɛmu aduanan (40%) ɛnna Adantam Sukuu kɔduruu ɔha mu nkyɛmu aduɔson mmienu (72%).	This has resulted in a cumulative increase in enrolment as at 2020/21 academic year, for KG, Primary and JHS has been 118%, 40% and 72% respectively.
2023	0.9629	0.1375	Afe awieeɛ nneɛma-boɔ-sorokɔ ɔha mu nkyɛmu nwɔtwe a ɛbɛtumi akɔ soro anaa ɛso ate aba fam ɔha mu nkyɛmu mmienu; iv.	Headline inflation to be within the target band of 8±2 percent; iv.
2023	0.9629	0.7209	Sɛdeɛ ɛbɛyɛ na botaeɛ a ɛne sɛ yɛbɛma onibiefoɔ aduane a nnuanennuro ahyɛ mu ma enti no, Aban tuaa Asetena mu Nkuranhyɛ a ɛko Ɛtia Ohia (Livelihood Empowerment Against Poverty (LEAP) ho sika no mmɔho enum maa fidua ahodoɔ mpem mmiɛnsa aduanan ɛnan, ahasa aduɔwɔtwe nkron (344,389).	To achieve the objective of smoothening the daily consumption and nutritional level of extremely poor households, Government paid five cycles of Livelihood Empowerment Against Poverty (LEAP) cash grants to 344,389 households.
2023	0.9570	0.3440	Sɛdeɛ ɛkɔɔ so wɔ ewiase aman ahodoɔ soɔ no, yadeɛ kontonkurowi COVID-19 to hyɛɛ yɛn so wɔ afe 2020 ɔfa a ɛdi kan no mu ma sikadwuma tɔɔ ape nam so ma sika a ɛba ɔman fotoɔ mu no so teeɛ na afei nso yɛbɔɔ ɛka a na yɛn ani nna de ko tiaa yadeɛ kontonkurowi yi.	Like the rest of the world, we were hit with the COVID-19 pandemic in the first quarter of 2020, which resulted in a slowdown in economic activity, leading to a reduction in our revenues and unbudgeted additional costs associated with fighting the pandemic.
2023	0.9565	0.5040	SIKA A ƐBAA ƆMAN FOTOƆ MU 8. Sika dodoɔ a ɛbaa aban fotoɔ mu ne deɛ wɔde kyɛɛ ɔman no kɔsii ɔpepem aduosia enum, ahasa ne aduɔkron nkron a ɛyɛ ɔman mu adwadeɛ nyinaa ɔha mu nkyɛmu dubaako (GH¢65,399 million - 11.0 percent of GDP), a na deɛ ɛsi ani soɔ sɛ nsa bɛka yɛ ɔpepem aduosia nson , ahasa ne nson a ɛyɛ ɔman mu adwadeɛ nyinaa mu aha mu nkyɛmu dubaako ne akyire pɔ ɛnan (GH¢67,307 - 11.4 percent of GDP) na wode toto saa ɛberɛ korɔ no ara ho wɔ afe 2021 mu a, yɛn nsa kaa ɔpepem aduanan nkron, ɔha ne nwɔtwe a ɛyɛ ɔman mu adwadeɛ nyinaa mu ɔha mu nkyɛmu edu ne akyire pɔ nson (GH¢49,108 million (10.7 percent of GDP).	Revenue Performance 8. Total Revenue and Grants amounted to GH¢65,399 million (11.0 percent of GDP), compared with the target of GH¢67,307 (11.4 percent of GDP) and the GH¢49,108 million (10.7 percent of GDP) recorded in the corresponding period in 2021.
2023	0.9536	0.3829	Adwadeɛ A Yɛde Kɔ Amannɔne ho Edwadie Asoɛeɛ Ahodoɔ (Export Trade Houses -ETH): Yeinom yɛ edwadie ho nnwuma bi a wɔboa nnwumakuo a wɔhia mmoa ne nimdeɛ wɔ amannɔne edwadie mu fa sɛdeɛ wɔn nsa bɛka adwadeɛ bi afiri amannɔne anaa wɔde adwadeɛ bi bɛkɔ amannɔne.	Export Trade Houses (ETH): They are trading houses that provide a service for businesses that want international trade experts to receive or deliver goods or services.
2023	0.9531	0.3137	Osuahunu a yɛanya afiri tebea a yɛwɔ mu saa ɛberɛ yi mu no ama yɛahunu sɛ ɛhia pa ara sɛ yɛyɛ nsakraeɛ de sesa ɔman yi sikasɛm na ɛtumi gyina afebɔɔ.	The lessons we have learnt as a country from this period have made it necessary for us to permanently restructure and transform our economy and build resilience.
2023	0.9521	0.6502	Nneɛma-boɔ-sorokɔ firi ɔha mu nkyɛmu aduasa mmiɛnsa ne akyire pɔ nkron wɔ Ɔsanaa bosome mu (33.9 percent in August) ne ɔha mu nkyɛmu aduasa nson ne akyire pɔ mmienu wɔ Ɛbɔ bosome mu (37.2 percent in September) kɔduruu ɔha mu nkyɛmu aduanan ne akyire pɔ ɛnan wɔ Obubuo bosome (40.4 percent in October) mu wɔ afe 2022 mu a ne farebae ne nnuane ne nneɛma afoforɔ boɔ a ɛkɔɔ soro; iii.	Headline inflation accelerated to 40.4 percent in October 2022 from 37.2 percent in September and 33.9 percent in August, driven by both food and non-food prices increases; iii.
2023	0.9502	0.5392	DWUMA A YƐDE SIKA DIIƐ 11. Sika dodoɔ a Aban de dii dwuma a ɛka a yɛde dada ne sika afoforɔ bi ka ho bie kɔduruu ɔpepem ɔha ne nkron, ahanan ne aduonu baako a ɛyɛ ɔman mu adwadeɛ nyinaa mu ɔha mu nkyɛmu dunwɔtwe ne akyire pɔ enum (GH¢109,421 million -18.5 percent of GDP), na yei boroo sika dodoɔ ɔpepem ɔha ne mmiɛnsa, ahankron aduɔkron mmienu (GH¢103,992 million) a ɛyɛ ɔman mu adwadeɛ nyinaa mu ɔha mu nkyɛmu dunson ne akyire pɔ nsia (17.6 percent of GDP) a ɛyɛ sika dodoɔ a yɛde sii yɛn ani so sɛ yɛde bɛdi dwuma no so ɔha mu nkyɛmu enum ne akyire pɔ mmienu.	Expenditure Performance 11. Total Expenditure (including arrears clearance and discrepancy) for the period amounted to GH¢109,421 million (18.5 percent of GDP), marginally above the target of GH¢103,992 million (17.6 percent of GDP) by 5.2 percent.
2023	0.9478	0.2319	Asɛ Ɔkraman (Canine): Deɛ ɛfa ɔkraman ho anaa ɛsɛ ɔkraman.	Budget Deficit: Occurs when expenditures exceed revenue Canine: Relating to or resembling a dog or dogs.
2023	0.9473	0.3504	Mmoayɛn A Ɛde Nnuane ne Nnwuma Ba -RFJ (Rearing For Food and Jobs): Yei yɛ Ghana Aban mpontuo ho dwumadie foforɔ a ɔde aba a ɛnam so bɛma ntɔtemmoayɛn adwuma no adi mu na sika aba mu sɛdeɛ ɛbɛyɛ a, ntɔtemmoa nam bɛdɔɔso ama ɔmanfoɔ anya bi awe na yɛate ntɔtemmoa nam a yɛkra ba ɔman yi mu no so koraa, na ɛnam so ama nnwuma abu so a ɔmanfoɔ bɛnya bi ayɛ ama wɔn a wɔdi ntɔtemmoa ho dwuma nyinaa no asetenam nso atu mpɔn.	RFJ (Rearing For Food and Jobs): will develop a competitive and more efficient livestock industry, that will increase domestic production, reduce importation of livestock products, contribute to employment creation, and improve livelihoods of livestock value chain actors”.
2023	0.9443	0.2793	Afe 2023 mu no, Aban bɛdi dwuma nam so de ahoboa a ɔreyɛ wɔ Nkran-Kumasi anyinam nhoma ne Atɔeɛ fam anyinam nhoma nsiesie dwumadie ho no aba awieeɛ, na wasane aboa ama 27 | Ghana Aban – 2023 Ɔman Mma Sikasɛm Nhyehyeɛ dwumadie a wɔato edin sɛ “Aban De Owia mu Anyinam Di Dwumadi “no afiri aseɛ.	"Addition” 16 | Government of Ghana - 2023 Citizens’ Budget 43. In 2023, Government will work to finalise preparations towards the Accra-Kumasi transmission line, the Western Corridor Transmission Upgrade Project as well as support the ""Government Goes Solar"" project for implementation."
2023	0.9438	0.8036	Bio, yɛkyekyɛɛ nnua nketewa a ofram, emire, wawa, kokrodua, teak, cedrela, gmelina, cassia, eucalyptus ne mahogany ka ho bie dodoɔ ɔpepem dummienu ne mpem nkron (12.9 million) ma wɔduaeɛ.	In addition, 12.9 million seedlings, including ofram, emire, wawa, kokrodua, teak, cedrela, gmelina, cassia, eucalyptus and mahogany species were supplied and planted.
2023	0.9429	0.4140	Onyankopɔn nhyira Ɔman Ghana!!!	God Bless Our Homeland Ghana!!!
2023	0.9419	0.3729	Sika a ɛmfiri ɛtoɔ mu (Non Tax Revenue): Yei yɛ Aban sika a ɔnya a ɛmfiri ɛtoɔ mu. Ebi ne sika a obi tua ansa na wanya tumi krataa bi adi dwuma ne sika a yɛtua wɔ nneɛma afoforɔ ho sɛ ebia nsiho ne mfantum ho.	Non Tax Revenue: Government revenue not generated from taxes, examples are fees for granting permit or licenses, user fees and other charges.
2023	0.9385	0.3990	Dwumadie akyiridie (Surveillance): Yei yɛ ɛkwan a yɛfa so de ani di biribi akyi na yɛhwɛ sɛdeɛ ɛsi teɛ.	Surveillance: The process of critically or intellectually observing an issue.
2023	0.9341	0.5175	Aban bɛgyina nhyehyɛeɛ a wɔato edin “SHEP-4”, “SHEP-5” ne “Turkey dwumadie” no so atwe anyinam nhoma akɔ nkuro ahanan (400) afoforɔ bi so wɔ afe 2023 mu. Nkuro ahodoɔ bi a ɛwɔ Ahafo, Asante, Bono, Atifi, ne Atifi Apueeɛ Amantam mu nsa bɛka bi.	Government will connect an additional 400 towns under the SHEP- 4, SHEP-5 and Turnkey Projects in 2023 including electrification in selected communities in Ahafo, Ashanti, Bono, Northern, and Upper East Regions.
2023	0.9336	0.1238	Saa ɔfa yi da Aban mmɔden a wabɔ wɔ Ɔman yi mmeaeɛ ne Asoɛeɛ ahodoɔ mu wɔ afe 2022 mu ne dwuma a ɔbɛdi wɔ afe 2023 mu adi.	This section highlights the performance of Government in key areas and sectors of the economy in 2022, as well as programmes and activities for implementation in 2023.
2023	0.9258	0.4977	Ɔsoafoɔ a ɔhwɛ Sikasɛm so 9 | Ghana Aban – 2023 Ɔman Mma Sikasɛm Nhyehyeɛ NNIANIMU 1. Afe 2023 Ɔman Mma Sikasɛm Nhyehyɛeɛ yi yɛ dwuma a Aban dii wɔ 2022 mu no ho tɔfabɔ ne sika dodoɔ a Aban hwɛ anim sɛ ɔbɛnya de atu ne nhyehyɛeɛ ne ne dwumadie ahodoɔ ho anammɔn wɔ afe 2023 mu.	Addition” 1 | Government of Ghana - 2023 Citizens’ Budget INTRODUCTION 1. The 2023 Citizen’s Budget is a summary of what Government achieved in 2022 and how much it intends to collect and utilise its revenues to implement policies and programmes.
2023	0.9150	0.2347	Amannɔne Sika Dodoɔ a ɔman no wɔ kɔduruu Amɛrika sika ɔpepem ahanum aduɔkron baako ne akyire pɔ mmienu wɔ Ɛbɔ bosome awieeɛ a ɛbɛtumi akra nneɛma abosome mmienu ne nna nkron wɔ afe 2022 mu na ɛyɛ Amɛrika sika ɔpepem nkron ahansia ne aduɔkron enum ne akyire pɔ mmienu wɔ Ɔpɛnimma bosome awieeɛ wɔ afe 2021 mu a na ɛbɛtumi akra nneɛma abosome ɛnan ne nnansa; ɛnna afei vi.	Gross International Reserves stood at US$6,591.8 million, equivalent to 2.9 months of imports cover at the end of September 2022, down from a stock position of US$9,695.2 million (equivalent to 4.3 months imports cover) at the end of December 2021; and vi.
2023	0.9141	0.4000	Sika nkamu yi a yɛn nsa anka no firi sika ahodoɔ a ɛsɛ sɛ ɛba wɔ ɔman no nkorabata ahodoɔ no mu a antumi amma no enti.	The shortfall in revenue stemmed from the less robust performance recorded in all the revenue types.
2023	0.9111	0.7308	Sika a yɛbɛdi aboro deɛ yɛwɔ so- ɔha mu nkyɛmu nsia ne akyire pɔ nsia (Overall fiscal deficit of 6.6 percent of GDP); v.	Overall fiscal deficit of 6.6 percent of GDP; v.
2023	0.9102	0.3707	Nkorabata/Ɔfa (Module): Ɛyɛ biribi nkorabata a yɛtumi keka bom ma ɛyɛ adekorɔ no kɛseɛ. Sikasɛm ho Anammɔntuo Nhyehyɛeɛ (Monetary policy): Ɛyɛ nhyehyɛeɛ a ɔman sikasɛm so adwumakuo baatan no fa so toto boseabɔ ho nsiho wɔ ɛberɛ tiawa bi mu anaa sɛdeɛ ɔde sika foforɔ bɛpue edwa, nsiho dodoɔ nyinaa ho nsɛm sɛdeɛ ɛbɛyɛ a ɛbɛboa ama nneɛma boɔ agyina faako.	Examples include economic growth, inflation, changes in the level of employment, trade performance with other countries, relative success or failure of government economic policies and the decisions made by the Bank of Ghana which affects money demand and supply in the economy.
2023	0.9092	0.4862	Afe 2022 mu no, Aban faa Mpɔtam Mpontuo ne Nsaanodwumasua sukuu ahodoɔ aduonu nkron so ( 29 Community Development and Vocational Technical Institutes) tetee mmarima mpem mmiɛnsa ahanson ne aduonu ɛnan (3,724) ne mmaa mpem mmiɛnsa ahanson ne dunum (3,715) wɔ nsaanodwuma mu sɛdeɛ wɔn nimdeɛ bɛkɔ nkan ama wɔanya nnwuma ayɛ anaa abuebue wɔn ara wɔn nnwuma afa so abrɛ ohia ase.	In 2022, Government trained 3,724 male and 3,715 female artisans in 29 Community Development and Vocational Technical Institutes to sharpen their technical and vocational skills for employment and job creation opportunities as well as reduce poverty.
2023	0.9053	0.3467	Afe 2022 mu no, Aban gyinaa dwumadie a wɔato edin Nsuomnamyɛn a ɛma Nnuane ne Nnwuma nhyehyɛeɛ (Aquaculture for Food and Jobs, AFJ) no so, hyehyɛɛ nsuomnam adekoradeɛ dodoɔ ɔha aduonu ɛnan (124 holding facilities)nsuomnam asutaeɛ ɔha ne nwɔtwe ne nsuomnam ebuo edu nsia (108 ponds and 16 cages), maa nsuomnam aduane baage dodoɔ mpem Dunson, ahanan aduosia (17, 460,) sane de nsuomnam mma guguu akuo ne nnwuma ahodoɔ dodoɔ aduonu enum asutaeɛ ne akoradeɛ mu.	In 2022, Government under the Aquaculture for Food and Jobs (AFJ) Programme, constructed 124 holding facilities (108 ponds and 16 cages), provided 17,460 bags of fish feed, as well as stocked ponds and cages with fingerlings to 25 beneficiary institutions and groups.
2023	0.8950	0.3527	Tebea yi farebae ne ɔman yi sika mu duru a kɔ ara na ɛrekɔ fam, nneɛma-boɔ-sorokɔ, ɛka a ɛremene ɔman yi, sikasɛm ho ahohyɛsoɔ a ɛnkɔ yie ne amannɔne sikasɛm a ɛno nso nkɔ yie. Yeinom nyinaa de ɔhaw abɛto yɛn so a ɛmfa ho ne nhyehyɛeɛ a Aban de agu akwan mu.	These developments have manifested through rapid exchange rate depreciation, high inflation, unsustainable debt service burden, fiscal stress and external sector shocks despite the monetary and fiscal policy interventions instituted by Government.
2023	0.8911	0.1412	Amannɔne Sika Dodoɔ a ɛsɛ sɛ yɛnya de kra nneɛma boro abosome mmiɛnsa ne nnansa.	Gross International Reserves to cover not less than 3.3 months of imports of goods and services.
2023	0.8906	0.2331	Amannɔne Sika Dodoɔ a ɛsɛ sɛ yɛnya de kra nneɛma bɛyɛ abosome mmiɛnsa ne ɛfa.	Gross International Reserves sufficient to cover at least three and half months of imports of goods and services
2023	0.8901	0.3661	Afadeɛ (Apparel): Afadeɛ anaa atadeɛ pɔtee bi a wɔtɔn wɔ sotɔɔ mu. Amannɔne Edwadie ho Gyinapin (Balance of Payments): Yei yɛ edwadie a ɛkɔ so wɔ ɔman bi ne ewiase aman afoforɔ ntam wɔ ɛberɛ pɔtee bi mu sɛ ebia, abosome mmiɛnsa biara wɔ afe no mu anaa mpo afe no nyinaa mu no ho anodisɛm anaa nkontabuo.	Ancilliary: Additional or providing additional support or help Apparel: Clothes of a particular type when they are being sold in a shop Balance of Payments: Is a statement of all transactions made between entities in one country and the rest of the world over a defined period, such as a quarter or a year.
2023	0.8896	0.2234	Yei ama asetena mu ayɛ den ama Aban ne ankorankoro nyinaa.	This has led to a high cost of living for us all, both as Government and as individuals.
2023	0.8887	0.4842	Bɛte Abɛɛfo afidie so sikamane ho ɛtoɔ (Electronic Transfer Levy) no so afiri ɔha nkyɛmu baako akyiri pɔ enum (1.5) akɔduru ɔha nkyɛmu baako (1) na yɛayi daadaa sikateɛ no afiri hɔ.	Reduce the Electronic Transfer Levy headline rate from 1.5 percent to one percent of the transaction value alongside the removal of the daily threshold.
2023	0.8853	0.6570	Afe awieeɛ nneɛma boɔ-sorokɔ ɔha mu nkyɛmu aduonu nwɔtwe ne akyire pɔ enum (End-period inflation of 28.5 percent); iv.	End-period inflation of 28.5 percent; iv.
2023	0.8813	0.7554	Banbɔ Adwumayɛfoɔ Adansie Dwumadie (Phase IV of the Security Services Housing Programme) no fa a ɛtɔ so ɛnan no bɛfiri aseɛ ama Ghana Afiase Adwumakuo (Ghana Prisons Service.) no wɔ afe 2023 mu.	Work on the Phase IV of the Security Services Housing Programme will commence in 2023 for the Ghana Prisons Service.
2023	0.8770	0.5785	Dansoman (Ɔha mu nkyɛmu aduɔkron nson) (97%), Komenda (Ɔha mu nkyɛmu aduɔkron enum) (95%), Elmina (ɔfa a ɛtɔ so mmiɛnsa- Ɔha mu nkyɛmu aduɔkron mmienu) (92%), Cape Coast -Ɔha mu nkyɛmu aduɔwɔtwe) (80%) ne Anomabu- Ɔha mu nkyɛmu aduɔson enum (75%), Dixcove- Ɔha mu nkyɛmu aduanan (40%) Aboadze -ɔfa a ɛtɔ so mmienu -Ɔha 33 | Ghana Aban – 2023 Ɔman Mma Sikasɛm Nhyehyeɛ mu nkyɛmu aduanan enum (45%) ne Ningo-Prampram -Ɔha mu nkyɛmu aduonum (50%).	The Dansoman (97%), Komenda (95%), Elmina Phase III (92%), Cape Coast (80%) and Anomabu (75%), Dixcove (40%) Aboadze Phase II (45%) and Ningo-Prampram (50%) coastal protection projects are currently under various stages of completion.
2023	0.8765	0.5152	Mmaa Ne Mmarima, Mmɔfra Ne Asetenam Banbɔ 84. Afe 2022 mu, Aban nam “sukuu mu adidie kwa” (Ghana School Feeding Programme (GSFP) nhyehyɛeɛ so maa mmɔfra dodoɔ Ɔpepepem mmiɛnsa, mpem ahansia aduonu, ahanan aduosia nwɔtwe (3,620,468 pupils) a na wɔwɔ aban sukuu mpem edu ahanwɔtwe aduasa mmienu mu (10,832 public basic schools)	Gender, Children and Social Protection 84. In 2022, Government through the Ghana School Feeding Programme (GSFP) fed 3,620,468 pupils in 10,832 public basic schools with one hot, nutritious meal for every school-going day.
2023	0.8672	0.1719	Dwumadie ahodoɔ yi botaeɛ ne sɛ ɛbɛboa ama Aban atumi aduru botaeɛ ahodoɔ a ɛfa Ghana COVID 19 ne Ankorankorɛ Nnwuma mu Nkanyan ho Mmoa (Ghanacares) ho no ne anammɔntuo a ɛwɔ Apam a wɔayɛ afa nhyehyɛeɛ a ɛwɔ Amanaman Nkabom Ekuo Mpontuo nhyehyɛeɛ (UN Agenda 2030, SDG’s) ne Abibirem Nkabom Kuo Botaeɛ 2023 (African Union Agenda 2063) mu ho no ho.	The programme aims to attain the objectives under Government CARES Programmes as well as targets arising from our international commitments with regards to the UN Agenda 2030 (SDG’s) and African Union Agenda 2063.
2023	0.8667	0.1772	Ɛka ne Ɔman mu Adwadeɛ Nyinaa Ntam Ntotoho (Debt-to-GDP ratio): Yei yɛ sikassɛm mu gyinaberɛ a ɛda adi wɔ ɛberɛ a yɛde ɔman bi ɛka a ɔde no atoto ɔman no mu adwadeɛ nyinaa bo a ɛsom no ho na yɛahunu sɛdeɛ ɔman no gyinaberɛ no teɛ.	Addition” 30 | Government of Ghana - 2023 Citizens’ Budget Debt-to-GDP ratio: It is the ratio of a country's public debt to its gross domestic product.
2023	0.8662	0.7000	Deɛ ɛka ho bio ne sɛ, yɛtotɔɔ ntɔtemmoa nketewa (small ruminants) dodoɔ mpem mmiɛnsa ahanson aduonum (3,750) kyekyɛ kɔɔ mmeaeɛ a wɔyɛn ntɔtemmoa a ɛyɛ akuafoɔ aduanan enum (45) bi dea de sɔɔ wɔn asene sɛdeɛ ɛbɛte mfudeɛ ho ɔhaw a wɔhyia no so so nam so aboa ama wɔatumi ayɛ wɔn asetena mu asɛdeɛ ahodoɔ.	In addition, a total of 3,750 small ruminants were procured and distributed to livestock breeding stations and 45 farmers to strengthen their resilience to shocks from crop failure and maintain households ability to fulfil social obligations
2023	0.8647	0.6806	GH¢205,432 GH¢44,990 GH¢8,048 GH¢27,694 GH¢52,550 GH¢30,079 GH¢27,636 GH¢14,435 Dwumadie ho sika dodoɔ Adwumayɛfoɔ akatua Adwadeɛ ne akadeɛ ho sika Mpontunnwuma ho sika Nsiho-tua Sika a wɔde ma aban nnwuma Dwumadie afoforɔ ho sika Ɛka a yɛbɛtua	GH¢205,432 GH¢44,990 GH¢8,048 GH¢27,694 GH¢52,550 GH¢30,079 GH¢27,636 GH¢14,435 Total Expenditure Compensation Goods & Services Capital Expenditure Interest Payments Grants to Other Govt Units Other Expenditures Arrears Clearance
2023	0.8389	0.2377	Saa anammɔntuo yi aboa ama kuayɛ akɔ nkan, ayi ɛkɔm afiri hɔ.	This initiative has improved food production and decreases the threat to food security.
2023	0.8330	0.6868	Sika dodoɔ a ɛsɛ sɛ ɛka yɛn fotoɔ mu - ɔha mu nkyɛmu hwee ne akyire pɔ ɛnan (Primary surplus of 0.4 percent of GDP); ɛnna vi.	Primary surplus of 0.4 percent of GDP; and vi.
2023	0.8306	0.3737	Yɛnyaa sika a na yɛbɛhia asɔ yɛn sika soɔ dodoɔ no ara firii ɔman yi mu.	The deficit was primarily financed from domestic sources.
2023	0.8296	0.3139	Aban faa aduanenoafoɔ (caterers) ne aduanenoa aboafoɔ (cooks) mmaa mpem aduasa mmienu, ahanan aduɔkron nsia (32,496 caterers and cooks) sɛdeɛ wɔn sikasɛm bɛyɛ yie ama wɔatumi ahwɛ wɔn abusua.	Addition” 27 | Government of Ghana - 2023 Citizens’ Budget 85. Government employed 32,496 caterers and cooks especially women, to improve their income level to take care of their families.
2023	0.8110	0.6859	Ɔman yi mu ɛka a ɔman yi de no yɛ ɔpepem ɔha ne aduɔkron enum, ahansia ne aduonum nson ne akyire pɔ aduosia baako (GH¢195,657.61 million) a ɛyɛ ɔman mu adwadeɛ nyinaa mu ɔha mu nkyɛmu aduasa baako ne akyire pɔ nwɔtwe (31.8 percent of GDP) ɛnna amannɔne ɛka a nso a ɔman yi de no yɛ ɔpepem ahanu ne aduɔson baako, ahanson ne dumiɛnsa ne akyire pɔ aduɔson baako (GH¢271,713.71 million) a ɛyɛ ɔman yi mu adwadeɛ nyinaa mu ɔha mu nkyɛmu aduanan ɛnan ne akyire pɔ baako (44.1 percent of GDP).	This made up of domestic debt of GH¢195,657.61 million, equivalent to 31.8 percent of GDP, whilst external debt was GH¢271,713.71 million, representing 44.1 percent of GDP. The increase in the domestic debt was an account of rising interest costs, while the growth in the external debt was mainly driven by the depreciation of the local currency.
2023	0.8105	0.3875	Sika a yɛadi aboro deɛ yɛwɔ so (Primary surplus - deficit): Yei kyerɛ sikasɛm mpɛmpɛnsoɔ a ɛgyina hɔ ma sika a yɛadi aboro deɛ yɛwɔ so a yɛagyegyeɛ afiri ɛtoɔ mu a, nsiho a yɛatua wɔ ɛka a ɔman no de nka ho.	Primary surplus (deficit): It refers to the component of the fiscal surplus (deficit) that is comprised of current government spending less current income from taxes, and excludes interest paid on government debt.
2023	0.8062	0.3062	Yei enti, yɛsrɛ sɛ Ɔman mma nyinaa mfa wɔn ho nnye ɔman kyekyere nhyehyɛeɛ yi mu bi wɔ ɛberɛ a yɛretu anammɔn yi sɛdeɛ ɛbɛyɛ a yɛn nyinaa bɛbom atwa yɛn brɛ so aba adi.	We therefore call upon citizen’s to be actively involved in the nation building agenda as we put our hands to the plough, so that we can happily reap the rewards of our collective toils.
2023	0.7979	0.6936	Adwadeɛ a Yɛde Kɔ Amannɔne ho Anammɔntuo 82. Nnansa yi mu no, amannɔne nneɛma dodoɔ a tɛkra ba ɔman yi mu no yi mu no ama Ghana sidi no mu duru akɔ fam ama sikasɛm ama amannɔne edwadie nnyinasoɔ gyinapɛn ayɛ basaa.	Export Drive 82. In recent times, Ghana’s heavy dependence on imports has placed a heavy pressure on the Cedi thus creating an unfavourable balance of payments position
2023	0.7812	0.4060	Mpontuo mu aboafoɔ sika akyɛdeɛ a wɔde bɛma no ano som Ghana sidi ɔpepem mmienu aha ɛnan ne mmiɛnsa (GH¢2,403 million) (Ɔman yi mu adwadeɛ nyinaa bo a ɛsom mu ɔha nkyɛmu hwee akyiri pɔ enum (0.5% of GDP).	Addition” 11 | Government of Ghana - 2023 Citizens’ Budget percent over the projected outturn for 2022. Grants payment from Development Partners is estimated at GH¢2,403 million (0.5% of GDP.
2023	0.7617	0.4173	6 | Ghana Aban – 2023 Ɔman Mma Sikasɛm Nhyehyeɛ	Addition” iv | Government of Ghana - 2023 Citizens’ Budget
2023	0.7612	0.4411	Aban gyinaa Mmoayɛn A Ɛde Nnuane ne Nnwuma Ba Nhyehyɛeɛ (Rearing for Food and Jobs module) no so tɔɔ nkokɔbedeɛ dodoɔ mpem ɔha aduonu (120,000) kyekyɛ maa mmaa nkokɔyɛn akuafoɔ dodoɔ apem (1000) a wɔwɔ Nkuropɔn, Nkuro ne Mansini ahodoɔ nkron (9 MMDAs) mu a wɔn ne (Savelugu, Sagnarigu, Wa Municipal, Nandom, Sissala Apueeɛ, Krachi Apueeɛ, Nkwanta Anafoɔ, Techiman Atifi ne Nkoranza).	29. 120,000-layer birds were procured and distributed to 1,000 female poultry farmers in 9 MMDAs (Savelugu, Sagnarigu, Wa Municipal, Nandom, Sissala East, Krachi East, Nkwanta South, Techiman North and Nkoranza) under the Rearing for Food and Jobs module.
2023	0.7554	0.4806	Sɛdeɛ Yɛde Sika bɛdi Dwuma 19. Sikanya nhyehyɛeɛ no akyiri no, Aban bɛtu sɛdeɛ yɛde sika bɛdi dwuma ho nhyehyɛeɛ ahodoɔ a ɛdidi soɔ yi ho anammɔn de aboa sikasɛm mu mpontuo: Bɛto Asetenam Mmoa A Ɛko Tia Ohia (LEAP) sika no mu afiri sidi ahanan aduonum (Ghs45) no a yɛtua no bosome biara no akɔduru Ghana sidi aduɔkron (GHs90), na yɛapagya nnipa dodoɔ a yɛtua ma wɔn no mu afiri nnipa mpem ahasa aduanan ɛnan, ɔha ne aduɔwɔtwe enum (344,185).	Double the LEAP payment per beneficiary household from the current Ghs45 per month to GHs90 and increase number of beneficiary households from the current 344,185 households.
2023	0.7520	0.6862	Sikanya Ho Nhyehyɛeɛ 18. Sɛdeɛ ɛbɛyɛ na sikanya ho anammɔntuo no ase bɛtim enti, Aban de sikanya ho nhyehyɛeɛ a ano ɛboɔ som ɔman yi mu adwadeɛ nyinaa ɔha mu nkyɛmu baako ne akyiri pɔ aduasa enum (1.35 percent of GDP) bɛba abɛto Mmarahyɛbadwa yi anim ama moadwennwene ho, agye atom.	Revenue Measures 18. To support the fiscal consolidation process, Government will present revenue measures with an estimated total yield of 1.35 percent of GDP to Parliament for consideration and approval.
2023	0.7500	0.7186	Afe 2023 mu no, Aban bɛtete Mpɔtam Adekyerɛfoɔ dodoɔ ahanum wɔ Asetenam Banbɔ ne Mpɔtam Mpontuo ho (500 Community Educators in Social Protection and Community Development) asane ahyehyɛ nteteeɛ foforɔ koraa afa nimdeɛ a ɛma adwumanya ɛkwan bue a ɛnyɛ afuoyɛ ho sɛ ebia saminayɛ, anaa kentenwono ne aboa nwoma ho	Government in 2023 will train 500 Community Educators in Social Protection and Community Development and develop new training modules on non-farm job opportunities such as soap making, kente weaving and leather works to promote local economic development and income generation.
2023	0.7480	0.2307	Ghana sika no ahoɔden wɔ Amɛrika sika mu no so tee ɔha mu nkyɛmu aduonum ɛnan ne akyire pɔ mmienu a na ɛyɛ ɔha mu nkyɛmu ɛnan ne akyire pa baako pɛ wɔ Ɔpenimma bosome awieeɛ wɔ afe 2021 mu, Saa ara nso na Ghana sika no ahoɔden wɔ Enyiresi sika mu no nso tee ɔha mu nkyɛmu aduanan nwɔtwe ne akyire pɔ 12 | Ghana Aban – 2023 Ɔman Mma Sikasɛm Nhyehyeɛ enum a na ɛyɛ ɔha mu nkyɛmu mmiɛnsa ne akyire pɔ baako pɛ wɔ Ɔpɛnimma bosome awieeɛ wɔ afe 2021 mu.	The Ghana cedi depreciated cumulatively by 54.2 percent against the US Dollar compared to a cumulative depreciation of 4.1 percent at the end of December 2021. Similarly, the Ghana cedi depreciated cumulatively by a 48.5 percent against the British Pound compared to 3.1 percent at the end of December 2021
2023	0.7461	0.3742	Aban ne ahɔhogyebea wuranom ne aduanenoafoɔ bɛdi nsawɔsoɔ ama wɔatɔn ɔman yi mu nnuane ne anonneɛ, de ɔman mu adwinneɛ, nkonnwa ne ahyehyɛdeɛ asiesie atenaeɛ a wɔdi dwuma hɔ no sɛdeɛ ɛbɛte nneɛma a wɔkra firi amannɔne wɔ wɔn dwumadie no mu. Ɛsiane Aban nhyehyɛeɛ a ɛwɔ hɔ fa sika a wɔde hyɛ nnwuma mu ne ankorankorɛ hyɛ a wɔde wɔn ho hyɛ nsrahwɛ beaeɛ ahodoɔ	Government will engage with hoteliers and restauranteurs to serve local food and beverages, use local artefacts, furniture and fixtures, in the interior decoration of hospitality outlets in order to reduce the import component of inputs for the operation of businesses in the sector.
2023	0.7456	0.3964	Asɛntire a ɛda Ɔman Mma Sikasɛm Nhyehyɛeɛ yi so ne “Yɛreka abom adi dwuma de Mpontuo ne Adwadeɛyɛ asane ama ahoɔden aba Ɔman Sikasɛm mu na yɛama aseɛ atim”.	The theme of the budget is “Restoring and Sustaining Macroeconomic Stability and Resilience for Inclusive Growth & Value Addition”.
2023	0.7407	0.1695	Amannɔne Sika Dodoɔ a ɛsɛ sɛ yɛnya de kra nneɛma bɛyɛ abosome ɛnan.	Gross International Reserves to cover at least 4 months of imports.
2023	0.7402	0.4689	23 | Ghana Aban – 2023 Ɔman Mma Sikasɛm Nhyehyeɛ MPONTUO A AKƆ SO WƆ ASOƐEƐ AHODOƆ NO MU NE SƐDEƐ NNEƐMA TEƐ SEESEI 25. Saa ɔfa yi da mmɔden a Aban rebɔ fa dwumadie sononko (government flagship projects) a ɔhyɛɛ aseɛ wɔ asoɛeɛ ahodoɔ mu wɔ afe 2022 mu no ho ne mpontunnwuma a wahyehyɛ (planned activities) sɛ ɔbɛdi wɔ afe 2023 mu no adi.	Addition” 13 | Government of Ghana - 2023 Citizens’ Budget SECTORAL DEVELOPMENT AND OUTLOOK 25. This section highlights the performance of government flagship projects in the key sectors in 2022 and planned activities for implementation in 2023.
2023	0.7378	0.4929	14 | Ghana Aban – 2023 Ɔman Mma Sikasɛm Nhyehyeɛ Hyehyɛpono 1: Sika a ɛbaa fotoɔ mu firi Ɔpɛpɔn-Ɛbɔ wɔ 2022 mu ho tɔfa	Addition” 5 | Government of Ghana - 2023 Citizens’ Budget Figure 1: Summary of 2022 Jan-Sept Revenue Performance
2023	0.7373	0.2654	Obetsebi Lamptey ɛkwan no ɔfa a ɛtɔ so mmienu	Obetsebi Lamptey Ph. 2
2023	0.7075	0.3459	Afei, bɛyɛ mfeɛ edu nie, prɛko pɛ Amansan Boseabɔ ho Edwadifoɔ mpɛ sɛ wɔbɛma yɛn bosea, ɔman yi ara mu boseabɔ ho nsɛm nso bɛyɛɛ basaa ma nsiho boɔ kɔɔ soro pa ara na ɛnam so ma boseabɔ ho ɛka kɔɔ soro a, ama yɛn sika mu duru no kɔ ara na ɛrekɔ fam.	Suddenly, for the first time in ten years, the International Capital Market was closed to us, domestic financing conditions tightened and the cost of borrowing increased, contributing to high debt service and the rapid depreciation of the cedi.
2023	0.6172	0.7495	Ɔman yi mu adwadeɛ nyinaa kankorɔ ɔha mu nkyɛmu mmiɛnsa ne akyire pɔ nson (Overall Real GDP growth of 3.7 percent); ɛnan akyire pɔ mmiɛnsa (Non-Oil Real GDP Growth rate of to 4.3 percent); iii.	Overall Real GDP growth of 3.7 percent; ii. Non-Oil Real GDP Growth rate of to 4.3 percent; iii.
2023	0.5581	0.7441	Saa dwumadie ne anammɔn ahodoɔ yi nyinaa gyina Aban Animanim yi ara mu Ɔman Mpontuo Dwumadie Nhyehyɛeɛ (Government’s Medium-Term National Development Policy Framework, 2022-2026) no so.	These programmes and activities are based primarily on Government’s Medium-Term National Development Policy Framework (2022-2026).
2023	0.4973	0.5304	Afe 2023 mu, Aban bɛhwɛ ama wɔadua, na wɔakyekyɛ ateaa (cashew), nkuto (shea), kube(coconut), abɛ (oil palm), mamgoo (mango), ne rɔba (rubber) dodoɔ ɔpepem enum ne aduosia enum (5.65million) a ɛso dɔsɔɔ de ama akuafoɔ dodoɔ mpem ɔha aduɔson enum ( 175,000).	In 2023, Government, will facilitate the production and distribution of 5.65 million high-quality planting materials of Addition” 14 | Government of Ghana - 2023 Citizens’ Budget cashew, shea, coconut, oil palm, mango, and rubber to 175,000 tree crop farmers.
2023	0.4688	0.4617	21 | Ghana Aban – 2023 Ɔman Mma Sikasɛm Nhyehyeɛ Hyehyɛpono 4: Afe 2023 mu sika ahodoɔ (in GH¢ Million) Sɛdeɛ Yɛbɛkyekyɛ Sika Mu wɔ 2023 mu 22. Ani da ɛkwan sɛ sika dodoɔ a yɛde bɛdi dwuma (a ɛka a yɛbɛtua ka ho bi) bɛyɛ Ghana sidi ɔpepem ahanu nr enum ahanan aduasa baako (GHC205,431) a ɛyɛ ɔman yi mu adwadeɛ nyinaa bo a ɛsom mu ɔha mu nkyɛmu aduonu enum akyiri pɔ nsia.	Figure 4:Resource Mobilisation for 2023 (in GH¢ Million) Resource Allocation for 2023 22. Total Expenditure (including clearance of Arrears) is projected at GH¢205,431 million (25.6% of GDP).
2023	0.4553	0.4653	Yei bɛtumi ayɛ akuhodoɔ bi te sɛ Amansan Fotoɔ Adwumakuo (lnternational Monetary Fund- IMF),Ewiase Sikakorabea (World Bank), Abibirem Mpontuo Sikakorabea (African Development Bank) ne deɛ ɛkeka ho. !tumi nso yɛ ankorankorɛ aman bi te sɛ Germany, Nyiresi Aburokyire, Amɛrika, ne wɔn a wɔkeka ho.	DPs can be multilateral, e.g. International Monetary Fund (IMF), World Bank, African Development Bank (AfDB) or bilateral which consists of individual countries like Germany, United Kingdom and the United States of America (USA).
2023	0.4463	0.6573	Ɛsiane sikasɛm mu mpontuo nnyinasoɔ botaeɛ ne animanim yi ara mu sikasɛm nhyehyɛeɛ botaeɛ ahodoɔ enti, yɛde nneɛma ɛma ɔman sikasɛm gyina yie ho botaeɛ ahodoɔ a ɛdidi soɔ yi asi yɛn ani so sɛ ɛsɛ sɛ yɛn nsa ka wɔ afe 2023 mu: i.	Based on the overall macroeconomic objectives and the mediumterm targets, the following macroeconomic targets have been set for the 2023 fiscal year: i.
2023	0.4431	0.6740	Yɛwie ɛho dwumadie nyinaa a, mpɔtam dodoɔ ahanan aduonu ɛnan (424) ne nnipa dodoɔ mpem ahanu aduasa ɛnan (234,000) na wɔbɛnya ɛso mfasoɔ.	When fully completed, 424 communities and a population of over 234,000 will benefit from the project.
2023	0.4128	0.6987	Amaneɛbɔ a ɛfa ɔman sikasɛm gyinapɛn ho a ɛfiri Ɔpɛpɔn kɔsi Ɛbɔ awieeɛ wɔ afe 2022 mu no kyerɛ sɛ ahokyere a ɛrekɔ so wɔ ewiase afanan ne ɔman yi mu no ho nsunsuansoɔ gu so redi ɔmanfoɔ nya.	Available data on the performance of the economy from Jan-Sept 2022 highlight the continued adverse effect from the challenging global and domestic environment.
2023	0.3804	0.5218	22 | Ghana Aban – 2023 Ɔman Mma Sikasɛm Nhyehyeɛ Hyehyɛpono 5: Sika nkyekyɛmu wɔ afe 2023 (in GH¢ Million) Sikasɛm mu Nhyehyɛeɛ Nnyinasoɔ ne Sikasɛm ho Dwumadie Ahodoɔ 2023 mu 23. Sɛ yɛde yɛn ani bu sika dodoɔ a yɛbɛnya ne deɛ wɔde bɛkyɛ yɛn a,(ɛka a yɛbɛtua nyinaa ka ho) a, ɛho nkontabuo nyinaa kɔsi Ghana sidi Ɔpepem aduosia baako, ahanan aduɔson enum ( GH¢61,475 million), a ɛyɛ ɔman mu adwadeɛ nyinaa bo a ɛsom mu ɔha nkyɛmu nson ne akyiri pɔ nson.Yɛde toto ɛho a, ɛka a ɛbɛba akyire yɛ Ghana sidi Ɔpepem nwɔtwe ahankron aduonu enum (GH¢8,925 million), a ɛyɛ ɔman mu adwadeɛ nyinaa bo a ɛsom no ɔha nkyɛmu baako ne akyiri pɔ baako (1.1).	Addition” 12 | Government of Ghana - 2023 Citizens’ Budget Figure 5: Resource Allocation for 2023 (in GH¢ Million) Budget Balances and Financing Operations for 2023 23. Based on the estimates for Total Revenue & Grants and Total Expenditure (including arrears clearance), the overall Budget balance is a fiscal deficit of GH¢61,475 million, equivalent to 7.7 percent of GDP. The corresponding Primary balance in cash-basis is a deficit of GH¢8,925 million, equivalent to 1.1 percent of GDP.
2023	0.3469	0.4672	Anyɛ bie koraa no, sika dodoɔ a ɛsɛ sɛ ɛka yɛn fotoɔ yɛ ɔman mu adwadeɛ nyinaa mu ɔha mu nkyɛmu baako ne akyire pɔ mmiɛnsa wɔ ɛberɛ a ɛdi yɛn anim (2023-2026) yi mu; ɛnna afei v.	Primary Balance on Commitment basis to average a surplus 1.3 % of GDP in the 2023-2026 period; and v.
2023	0.3379	0.6664	Deɛ ɛmaa yɛdii sika boroo so ne sɛ yɛtuaa ɛka bebree a na aka mu firi afe 2021 mu ne mfeɛ bebree nso a abɛsene korɔ ne mmerɛ a yɛwɔ mu yi seesei nso mu ɛka; iv.	A key driver of the cash-basis fiscal deficit is the payment of sizeable outstanding payments from 2021 and earlier years in addition to current year expenses; iv.
2023	0.3186	0.7513	Polisi Adwumakuo no tee deɛ yɛfrɛ no Nsɛm A ano yɛ den Nkorabata” (“Cold Cases Unit”) wɔ Awurakasɛm Nhwehwɛmu Adwumam (Criminal Investigations Department) (CID) hɔ, maa polisifoɔ a wɔtumi ko tia korɔnobɔ a etuo da so dii dwuma (Anti- Armed Robbery Taskforce) (AATF), tee ɔfa bi a emu polisifoɔ de moto kɔ aporɔ wɔ nkuro akɛseɛ pɔtee bi mu, (Motorbike Patrol Unit), wɔhyɛɛ adwuma no fa bi a ɛkɔ aporɔbɔ (Police Mounted Squadron and a Canine (K-9) no ase.	The Service established the Cold Cases Unit at the Criminal Investigations Department (CID), deployed specialised Anti- Armed Robbery Taskforce (AATF), created a Motorbike Patrol Unit in selected major cities, introduced a Police Mounted Squadron and a Canine (K-9) unit for patrols.
2023	0.2722	0.8020	Dwumadie edin Mantam Ne tenten (km) Mpɛmpɛnsoɔ Navrongo - Naga ɛkwan nsesie (km 2.7 - km 42.2) - Lot 1 Apueeɛ Atifi Wa-Bulenga-Yaala kwan (Km 6.0- km 37.0) - ekuo 1 Atɔeɛ Atifi Salaga - Ekumdipe - Kpandai kwan nsesie (Km 26.7 - km 45.3) ne Kpandai - Nkanchina ɛkwan(10.8km) - ekuo 2 Atifi Yagaba - Mankarigu ɛkwan nsesie (Km 12.0 - km 24.0) ne Mankarigu - Nawuni ɛkwan nsiesie (Km 0.0 – km 17.5) ekuo 4 Atifi Apueeɛ Daboya - Mankarigu ɛkwan nsesie (Km 30.0 - km 63.1) - ekuo 5 Savanna Atebubu – Kwame Danso akwan nsiesie Bono Apueeɛ Anwiankwanta – Obuasi ɛkwan nsiesie Ashanti Nalerigu – Gbintri ɛkwan nsiesie (Km 6.0 – km 46.0) - ekuo 2 Atifi Apueeɛ New Abirem – Ofoasekuma ɛKwan (Km 0.0 - km 33.2) - ekuo 2 Apueeɛ Bogoso – Insu Siding-Huni Valley ɛkwan nsesie - ekuo 4 Atɔeɛ Sefwi Wiawso - Akontombra ɛkwan nsesie (Km 0.0 - km 15.0) - ekuo 2 Atɔeɛ Atifi Akrodie - Sayereso ɛkwan nsiesie (Km 0.0 - km 20.0) - Lot 1 Ahafo Menji – Bui ɛkwan nsiesie (Km 0.0 – km 30.0) - ekuo 1 Bono Nkran Mantam mu akwan pɔtee bi nsiesie Nkran	Project Name Region Length (km) Sept. Progress Upgrading of Navrongo - Naga Road (km 2.7 - km 42.2) - Lot 1 Upper East Upgrading of Wa-Bulenga-Yaala Road (Km 6.0- km 37.0) - Lot 1 Upper West Upgrading of Salaga - Ekumdipe - Kpandai Road (Km 26.7 - km 45.3) and Kpandai - Nkanchina Road (10.8km) - Lot Northern Upgrading of Yagaba - Mankarigu Road (Km 12.0 - km 24.0) And Upgrading of Mankarigu - Nawuni Road (Km 0.0 – km 17.5) - Lot 4 North East Upgrading of Daboya - Mankarigu Road (Km 30.0 - km 63.1) - Lot 5 Savannah Rehabilitation of Atebubu – Kwame Danso Roads Bono East Upgrading of Anwiankwanta – Obuasi Road Ashanti Upgrading Of Nalerigu – Gbintri Road (Km 6.0 – km 46.0) - Lot 2 North- East Rehabilitation Of New Abirem – Ofoasekuma Road (Km 0.0 - km 33.2) - Lot 2 Eastern Upgrading of Bogoso – Insu Siding-Huni Valley Road - Lot 4 Western Upgrading of Sefwi Wiawso - Akontombra Road (Km 0.0 - km 15.0) - Lot 2 Western North Upgrading of Akrodie - Sayereso Road (Km 0.0 - km 20.0) - Lot 1 Ahafo Upgrading Of Menji – Bui Road (Km 0.0 – km 30.0) - Lot 1 Bono Rehabilitation of selected roads in Greater Accra Greater Accra
2023	0.2140	0.5445	Afe 2023 Mu Sika Anoboaboa 20. Afe 2023 mu no, sika dodoɔ a ɛsi Aban ani so sɛ ɔbɛgyegye wɔ sikanya nhyehyɛeɛ ne akyɛdeɛ ahodoɔ mu no ano som Ghana sidi ɔpepem ɔha aduanan mmiɛnsa ahankron aduonum nsia GH¢143,956 million (Ɔman yi mu adwadeɛ nyinaa bo a ɛsom mu ɔha nkyɛmu edu nwɔtwe akyiripɔ hwee(18.0% of GDP) na yei nyinasoɔ bɛyɛ sikanya ɛkwan a ɛbɛwɔ hɔ afebɔɔ-a ne titire ne ɛtogyegyeɛ nhyehyɛeɛ - na anoboɔ bɛsom Ɔman mu adwadeɛ nyinaa bo a ɛsom no mu ɔha nkyɛmu baako akyiri pɔ aduasa enum(1.35 percent of GDP. ).	Resource Mobilisation for 2023 20. In 2023, Government intends to collect Total Revenue and Grants of GH¢143,956 million (18.0% of GDP) and is supported by permanent revenue measures - largely Tax revenue measures amounting to 1.35 percent of GDP.
2023	0.2131	0.4859	13 | Ghana Aban – 2023 Ɔman Mma Sikasɛm Nhyehyeɛ SIKA A ƐBAA ƆMAN FOTOƆ MU NE DWUMA A YƐDE DII WƆ AFE 2022 MU 6. Abosome nsia wɔ afe 2022 mu no, yɛyɛɛ Sikasɛm Nhyehyɛeɛ mu Nsakramu faa sikasɛm nhyehyɛeɛ mu ɛsiane sɛ na ewiase sikasɛm ne ɔman yi mu sikasɛm ayɛ basaa.	Addition” 4 | Government of Ghana - 2023 Citizens’ Budget PERFORMANCE OF REVENUE AND EXPENDITURE IN 2022 6. The 2022 Mid-Year Fiscal Policy Review revised the 2022 fiscal framework against the background of unfavourable global and domestic developments.
2023	0.2058	0.5641	36 | Ghana Aban – 2023 Ɔman Mma Sikasɛm Nhyehyeɛ Nwomasua 64. Aban botaeɛ a ɛne sɛ ɔbɛma sukuu ahodoɔ ne Nwomasua ɔfese nyinaa nsa aka akadeɛ dodoɔ a wɔbɛhia ama wɔn dwumadie akɔ nkan enti no, Aban tɔɔ 66 sita bɔɔs ɔha aduɔson enum (66-seater Buses), Pick-Up ahyɛn aduɔson baako (71 Pick-Ups) ne trakta mmienu (2 Tractors) kyekyɛ maa Ntoasoɔ sukuu (Senior High Schools) ne Nsaanodwumasua ne Nteteeɛ sukuu ahodoɔ (Technical and Vocational Education and Training Institutes (a wɔwɔ Ɔman yi mu no.	Addition” 23 | Government of Ghana - 2023 Citizens’ Budget Education 64. In line with Government’s commitment to ensuring that adequate logistics are available for effective and efficient administration of schools and educational directorates, Government procured and distributed 175 (66-seater) Buses, 71 Pick-Ups and 2 Tractors to Senior High Schools and Technical and Vocational Education and Training Institutes across the country.
2023	0.1870	0.4657	Aban anisoadehunu a ɛne sɛ ɔbɛma lɔre akwan ayɛ abɔnta ama lɔrekwan ho banbɔ ase atim enti no, wafiri akwan a ɛka nkuro mmienu bɔ mu (trunk roads) a ɛdidi soɔ yi ho dwumadie ase: Tema – Aflao, Tema – Akosombo akwan no; ɔresiesie Assin Fosu – Assin Praso akwan a wɔnam so bɛma Assin Fosu kurom akwan dodoɔ kilomita baako akyiri pɔ mmienu (1.2km) bɛyɛ akwan abɔntanan no, keteke akwan ase nsamsoɔ ne Assin Fosu ne Assin Praso kurom nsuka ahodoɔ nsisie.	As part of Government efforts to dualise and improve safety along major trunk roads: works have started on the Tema – Aflao and the Tema – Akosombo roads; the rehabilitation of Assin Fosu – Assin Praso road involving the dualisation of 1.2km of Assin Fosu township roads into a 4-lane carriageway; the reconstruction of the railway underpass bridge; and the reconstruction of drainage structures between Assin Fosu and Assin Praso.
2023	0.1766	0.4904	Ɛka A Ɔman No Bɔɔ Wɔ Afe 2022 mu 14. Amaneɛbɔ a ɛwɔ hɔ seesei kyerɛ sɛ Ɛbɔ bosome baa awieeɛ wɔ afe 2022 mu no, na ɛka a ɔman yi de no nyinaa aduru ɔpepem ahanan aduosia nson, ahasa aduɔson baako ne akyire pɔ aduasa mmienu (GH¢467,371.32 million) a wode kɔ Amɛrika sika mu a, ɛyɛ ɔpepem aduanan nwɔtwe, ahanwɔtwe ne aduɔson baako ne akyire pɔ aduasa ɛnan ((US$48,871.34 million) a ɛyɛ ɔman mu adwadeɛ nyinaa mu ɔha Compensation of Employees Adwadeɛ ne akadeɛ ho sika Nsiho-tua Sika a wɔde ma Aban Nnwuma Mpontunnwu ma ho sika Dwumadie afoforɔ ho sika Ɛka ahodoɔ Sika nkamu	Public Debt Developments For 2022 14. Provisional data as at end September 2022 indicate that total gross public debt stood at GH¢467,371.32 million (US$48,871.34 million), representing 75.9 percent of GDP.
2023	0.1550	0.7478	Wɔn akyirikwan ne: Public Relations Office New Building Ground Floor Room 001 or 003 P.	For copies of the Statement, please contact the Public Relations Office of the Ministry of Finance: Public Relations Office New Building Ground Floor Room 001 or 003 P.
2023	0.0959	0.6539	Amannɔne ɛka nso a yɛtuaa no kɔduruu ɔpepem nsia, ahanum ne aduasa baako a ɛyɛ ɔman mu adwadeɛ nyinaa mu ɔha mu nkyɛmu baako ne akyire pɔ baako (GH¢6,531 million - 1.1% of GDP).	Foreign financing for the period amounted to a net repayment of GH¢6,531 million (1.1% of GDP).
2023	0.0692	0.6762	Sɛdeɛ na Ɔman sikasɛm mu mpontuo nnyinasoɔ no teɛ 4. Afe 2022 mu Sikasɛm Nhyehyɛeɛ mu Nsakramu a yɛyɛɛ no afe no mfinimfini (Mid-Year Fiscal Policy Review) no, Aban de sii n’ani so sɛ ne nsa bɛka ɔman sikasɛm mpontuo nnyinasoɔ a ɛdidi soɔ yi wɔ afe 2022 mu: i.	Macroeconomic Performance 4. During the 2022 Mid-Year Fiscal Policy Review, Government set the following macroeconomic targets for 2022: i.
2023	0.0662	0.7255	Aban bɛtoa adwuma a ɔredi fa Ɔman Paneɛwɔ Adwumakuo (National Vaccine Institute) ne Ghana Adwumakuo a ɛbrɛ Nyarewa ase (National Vaccine Institute and Ghana) no so .Bio afe 2023 mu no, ɔbɛhwɛ de atiridii mpaneɛ ho aduro aba nam so abrɛ owuo dodoɔ ano ase wɔ Ɔman yi mu.	Government will continue with the establishment of the National Vaccine Institute and Ghana Centre for Disease Control. Additionally, malaria vaccines will be introduced in 2023 to reduce high mortality rate in the country.
2023	0.0524	0.5176	30 | Ghana Aban – 2023 Ɔman Mma Sikasɛm Nhyehyeɛ Wo-deɛ-hyɛ-aseɛ Dwumadie (YouStart) 48. Ɛyɛ aban anisoadehunu sɛ afe 2022-2025 mu no ɔbɛfa “wodeɛ- hyɛ-aseɛ dwumadie” no so ama mmabunu bosea a nsiho biara nni ho, ama wɔde abuebue nnwuma dodoɔ ɔpepem baako (one million jobs).	YouStart 48. Government intends to create a minimum of one million jobs for the youth over the period 2022-2025 through the provision of soft loans for the setting-up of youth-led enterprises under the YouStart programme.
2023	0.0523	0.6714	Deɛ yɛatumi awie no na ɛdidi soɔ yi: Dwumadie no edin Mantam Ne tenten (km) Osiem - Begoro ɛkwan nsiesie- ekuo 5 Apueeɛ Golokwati-Wli ɛkwan mu mpagya (km10km27) Firaw, Nsuta – Beposo, mu mpagya ekuo 3 Ashanti Nkonya Wrumpong – Kwamikrom nsiesie Oti Bawjiase - Adeiso so dwumadie kar mfimfini Tamale - Salaga Road - ɛkwan so anweaguo ekuo 1 Atifi	Project Name Region Length (km) Reconstruction of Osiem - Begoro Road - Lot Eastern Upgrading of Golokwati-Wli Road (km10km27) Volta km, Upgrading of Nsuta – Beposo, Lot 3 Ashanti Rehabilitation of Nkonya Wrumpong - Kwamikrom Oti Partial Reconstruction of Bawjiase - Adeiso Central Resealing of Tamale - Salaga Road - Lot 1 Northern
2023	0.0292	0.5619	Sika dodoɔ a yɛbɛhia de asɔ yɛn sika soɔ kɔɔ soro ɔha mu nkyɛmu nson ne akyire pɔ ɛnan (Overall budget deficit on cash basis was 7.4 percent of GDP) a na deɛ yɛde asi yɛn ani so yɛ ɔha mu nkyɛmu nsia ne akyire pɔ mmienu (target of 6.2 percent of GDP), ɛnna afei sika dodoɔ a yɛadi aboro so yɛ ɔha mu nkyɛmu mmienu (primary deficit was 2.0 percent of GDP) a na deɛ yɛde asi yɛn ani so nso yɛ ɔha mu nkyɛmu baako (against a target of a deficit of 1 percent of GDP).	Overall budget deficit on cash basis was 7.4 percent of GDP against the target of 6.2 percent of GDP, and the Addition” 3 | Government of Ghana - 2023 Citizens’ Budget corresponding primary deficit was 2.0 percent of GDP against a target of a deficit of 1 percent of GDP.
2023	0.0226	0.4756	Kookoo ho Dwumadie 38. Kookoo dwumadie mu no, yɛmaa mmabunu dii dwuma ahodoɔ sɛ ebia nsiesie (rehabilitation), kookoo a yɛtwa gu sane dua (replanting), kookoo so adupeteɛ (mass spraying), ɔyɛasaseyie peteɛ (fertilizer application), ne kookoo nnua dodoɔ ho twitwa (mass pruning) so maa mmabunu dodoɔ mpem ɔha aduanan nson (147,000) nyaa adwuma yɛeɛ de sii akuraase kɔ kuro kɛseɛ mu akwantuo no ano.	Addition” 15 | Government of Ghana - 2023 Citizens’ Budget Cocoa Sector 38. Under the cocoa sector, 147,000 jobs were created through the implementation of various programmes such as rehabilitation, replanting, mass spraying, fertilizer application, and mass pruning to direct youthful energies into productive ventures and reduce rural-urban migration.
2023	0.0194	0.4944	Afe 2023 mu no, Aban bɛma akuhodoɔ bi nsa aka asutaeɛ a wɔde kley na anwono dodoɔ ahasa (300 earthen ponds), nsuomnam adekoradeɛ aduanan (40 cages) tapolin tanke aduonum mmienu (52 tarpaulin tanks) na wasane de nsuomnam aduane baage dodoɔ mpem aduasa enum ( 35,000), koobi (tilapia) ne adwene mma (catfish) ɔpepem mmiɛnsa (3 million) ama wɔn.	In 2023, Government will provide 300 earthen ponds, 40 cages and 52 tarpaulin tanks and supply 35,000 bags of fish feed, 3 million tilapia and catfish fingerlings to 50 beneficiary groups.
2023	0.0041	0.6884	Amaneɛbɔ a ɛfa Aban sikasɛm ho anammɔntuo a ɛfiri Ɔpɛpɔn kɔsi Ɛbɔ wɔ afe 2022 mu no kyerɛ sɛ sika a ɛba aban fotoɔ mu so ate koraa na mmom dwuma a yɛde sika die no deɛ ɛgu so kɔ so wɔ saa ɛberɛ korɔ no ara mu.	Provisional data on Government fiscal operations for January – September 2022 show shortfalls in revenue performance while expenditures were largely on track vis-à-vis the periodic target.
2023	0.0036	0.6920	Amanneɛbɔ a ɛfa ɔman yi sikasɛm gyinapɛn ho firi Ɔpɛpɔn kɔsi Ɛbɔ wɔ afe 2022 mu no na ɛdidi soɔ yi: i.	The provisional economic performance from Jan-Sept 2022 is presented as follows: i.
2023	0.0034	0.4521	Ghana covid 19 Asetɔre ne Ankorankorɛ Nnwuma mu Nkanyan ho mmoa dwumadie no fa a ɛtɔ so mmienu (Phase 2 of Ghana CARES) mu no, Aban bɛboa ankorankorɛ nnwuma a wɔwɔ mmeaeɛ pɔtee bi ama wɔayɛ adwadeɛ a ɛbɛtumi ahyɛ deɛ wɔkra no anan, apagya nneɛma a yɛde kɔ amannɔne kɔtɔn mu, ayɛ nhyehyɛeɛ a ɛbɛboa nnwuma ama wɔatumi ayɛ saa adwadeɛ ahodoɔ no.	Under Phase 2 of Ghana CARES, Government will provide support to the private sector in targeted sectors to accelerate competitive import substitution and export expansion and an enabling environment to support businesses to engage in the production of these products.
2023	0.0026	0.7041	Aduane Ho Banbɔ 28. Aban botaeɛ a ɛsi náni so sɛ ɔbɛma nnua mfudeɛ (tree ɔrops) ho mfasoɔ adɔɔso enti no, ɔmaa akuafoɔ nsa kaa ɛho ntutɛ nnua nketewa dodoɔ Ɔpepem mmienu ne ahanson (2.7 million) wɔ afe 2022 wɔ kuayɛ ɛberɛ no mu.	Food Security 28. Government in line with its agenda to vary earnings from the Tree Crops subsector provided 2.7 million improved seedlings to farmers during the 2022 cropping season.
2023	0.0016	0.5159	Afe 2022 mu, Aban faa Ɔman Adwumanya ho ɛkwan foforɔ nhyehyɛeɛ (National Alternative Employment and Livelihood Programme (NAELP); no so tuu anammɔn a ɛdidi soɔ yi: Siesiee nsase a asɛe, sane duaa nnua wɔ asase dodoɔ hɛkta ahansia aduanan enum (645) so nam so maa adwumanya ho akwannya dodoɔ mpem mmienu ahasa.; na afei Guu nnua aba dodoɔ ɔpepem aduonu (20 million) de boaa Afuoyɛ Mpontuo Dwumadie (plantation development programme) no nam so maa mmabunu mpem aduɔwɔtwe aduɔson baako (80,071) a wɔwɔ Akotom, Adinkra, Techire, Akwatiakwaso, Fufuo ne Hohoe mu nyaa afebɔɔ ne animanim yi ara nnwuma (permanent and casual jobs) yɛeɛ.	In Government through the National Alternative Employment and Livelihood Programme (NAELP); reclaimed and reforested 645 hectares of degraded lands, and thus, creating over 2,300 direct jobs; and nursed 20 million economic seedlings to support the plantation development programme, creating 80,071 permanent and casual jobs for the youth in Akotom, Adinkra, Techire, Akwatiakwaso, Fufuo and Hohoe.
2023	0.0011	0.6879	Nhyehyɛeɛ afoforɔ nso na ɛdidi soɔ yi: o Bɛtɔn deɛ wɔfrɛ no 5G Electromagnetic Spectrum no; o Bɛhwɛ ama ɛdanhane ho ɛtoɔtua adi mu; o Bɛtu anammɔn afa fangotubea (“Jubilee Field”) no ho nam so anya fango ho akwannya afoforɔ (Additional Oil Entitlement) (AEO) ; na afei	Other proposed measures include o Sale of 5G Electromagnetic Spectrum; o Enhance Rent Tax Compliance; o Pursue Additional Oil Entitlement (AEO) in relation to the Jubilee Field; and o Revised Income Tax to exclude unrealised exchange losses from deductions and ensure that realised exchange losses on capital assets are capitalised.
2023	0.0007	0.6881	Bio, yɛmaa nnipa dodoɔ ahanu aduonu ɛnan (294) nteteeɛ fa ɛkwan pa a yɛfa so yɛ kua ho, ɛnna nsuomnam akuafoɔ ahanan ne nwɔtwe (408) nso, yɛmaa wɔn nteteeɛ faa ɛkwan a yɛfa so yɛ nsuomnam aduane wɔ ɔman yi mu ho.	In addition, 294 beneficiaries were trained in fish farming practices while 408 fish farmers also received training in the formulation and preparation of local fish feed
2023	0.0007	0.6281	Nnipa ho Banbɔ 72. Afe 2022 mu no, Aban faa nnipa dodoɔ mpem enum (5,000) wɔ Ghana Police Adwuma no mu de hyɛɛ ne botaeɛ a ɛne sɛ ɔbɛma	Human Security 72. Government in 2022 recruited 5,000 personnel into the Ghana Police Service as part of its drive to improve manpower of security personnel and contribute towards the maintenance of law and order.
