anchor_sim	qe_score	twi	english
0.6462	0.9688	2023 ƆMAN MMA SIKASƐM NHYEHYƐEƐ 2023 Ɔman Mma Sikasɛm Nhyehyɛeɛ No Ho Anodisɛm A Yɛakyerɛkyerɛ Mu Ama Ayɛ Tiawa Na Ne Nteaseɛ Ayɛ Mmrɛ	An Abridged and Simplified Version of the 2023 Budget Statement and Economic Policy
0.4577	0.5835	3 | Ghana Aban – 2023 Ɔman Mma Sikasɛm Nhyehyeɛ Ɛkwan a Ɔman Mma bɛtumi afa so abisa ɛho nsɛm 2023 Ɔman Sikasɛm Nhyehyɛeɛ Ho Anodisɛm ne Ɔman Mma Sikasɛm no ho nsɛm wɔ abɛɛfo amaneɛbɔbea a ɛwɔ aseɛ ha yi: www.mofep.gov.gh Wopɛ nwoma yi dodoɔ nso a, yɛsrɛ wo sɛ kɔ Asoɛeɛ a Ɛhwɛ Sikasɛm so no ɔfese a wɔne ɔmanfoɔ di nkutaho hɔ.	Addition” ii | Government of Ghana - 2023 Citizens’ Budget Contact information for follow-up by citizens The 2023 Budget Statement and Economic Policy of the Government and the Citizens’ Budget are available on the internet at: www.mofep.gov.gh
0.7478	0.1550	Wɔn akyirikwan ne: Public Relations Office New Building Ground Floor Room 001 or 003 P.	For copies of the Statement, please contact the Public Relations Office of the Ministry of Finance: Public Relations Office New Building Ground Floor Room 001 or 003 P.
0.8373	0.9941	Box MB 40 Accra – Ghana Email: info@mofep.gov.gh Translated by: Bureau of Ghana Languages	Box MB 40 Accra – Ghana Email: info@mofep.gov.gh
0.3765	0.5938	4 | Ghana Aban – 2023 Ɔman Mma Sikasɛm Nhyehyeɛ	Addition” iii | Government of Ghana - 2023 Citizens’ Budget Table of Contents
0.4173	0.7617	6 | Ghana Aban – 2023 Ɔman Mma Sikasɛm Nhyehyeɛ	Addition” iv | Government of Ghana - 2023 Citizens’ Budget
0.3679	0.9746	‘’Seesei ɛsiane pɛtro boɔ a ɛntumi nnyina faako na yɛn sika mu duru no kɔ ara na ɛrekɔ fam a ne farebae ne fango boɔ a akɔ soro wɔ amansan edwa soɔ enti, yɛwɔ ahokyere pa ara mu.	‘’We are currently in a crisis driven by rising fuel prices caused by the rapid loss in value of the local currency, as well as high international crude oil prices.
0.3895	0.9844	Yeinom ama ɛbo a yɛn sika som no so ate pa ara na ama sika mu ahoɔden so ahwan nam so de sikasɛm mu ahohiahia aba ɔmanfoɔ so.’’ Yenom nyinaa akyi no, yɛrempa aba.	These factors are eroding the real value of incomes and savings, thus imposing economic hardships on citizens.’’ However, we remain resolute.
0.4262	0.0231	7 | Ghana Aban – 2023 Ɔman Mma Sikasɛm Nhyehyeɛ ƆSOAFOƆ NO ANODISƐM Akyinnyeɛ biara nni ho sɛ afe yi bɛyɛ afe a ɔman yi kɔɔ sikasɛm mu ahokyere pa ara wɔ yɛn abakɔsɛm mu.	Addition” v | Government of Ghana - 2023 Citizens’ Budget FOREWORD This year would undoubtedly go down as one of the most challenging in the economic history of our country.
0.3440	0.9570	Sɛdeɛ ɛkɔɔ so wɔ ewiase aman ahodoɔ soɔ no, yadeɛ kontonkurowi COVID-19 to hyɛɛ yɛn so wɔ afe 2020 ɔfa a ɛdi kan no mu ma sikadwuma tɔɔ ape nam so ma sika a ɛba ɔman fotoɔ mu no so teeɛ na afei nso yɛbɔɔ ɛka a na yɛn ani nna de ko tiaa yadeɛ kontonkurowi yi.	Like the rest of the world, we were hit with the COVID-19 pandemic in the first quarter of 2020, which resulted in a slowdown in economic activity, leading to a reduction in our revenues and unbudgeted additional costs associated with fighting the pandemic.
0.4476	0.0031	Ɛberɛ a yɛhyɛɛ aseɛ tuu Nsakraeɛ Pa Nhyehyɛeɛ ho anammɔn na yɛsusuu sɛ afei deɛ, yɛrebɔ yɛn ho mmɔden ade yɛn ho afiri yadeɛ kontonkurowi yi ho nsunsuansoɔ mu ara pɛ na ɔhaw afoforɔ bɛbɔɔ mu a, ɛnam so ama nneɛma a ɛma sikasɛm gyina yie a yɛde totoo yie firi afe 2017 kɔsi 2019 mu no nyinaa asane agye agu. Deɛ ɛdi kan yɛ Russia ne Ukraine ɔko no, deɛ ɛdi hɔ nso yɛ ɛberɛ a yɛsɛee wɔ akwanhodoɔ a yɛbɛfa so anya sika wɔ 2022 sikasɛm nhyehyɛeɛ mu no nnyetom ho a, ɛnam so maa amansan boseabɔfoɔ de too edwa sɛ yɛmfata sɛ wɔbɔ yɛn bosea.	Just when we thought, we were making great strides in our recovery from the damaging effects of the pandemic by the commencement of the implementation of our transformation agenda, we were hit with a variety of events which have over the period, eroded the macroeconomic successes we chalked from 2017 to 2019. First it was the Russia-Ukraine war, then a delay in the passage of key revenue measures in the 2022 budget, which led to credit rating downgrades.
0.3459	0.7075	Afei, bɛyɛ mfeɛ edu nie, prɛko pɛ Amansan Boseabɔ ho Edwadifoɔ mpɛ sɛ wɔbɛma yɛn bosea, ɔman yi ara mu boseabɔ ho nsɛm nso bɛyɛɛ basaa ma nsiho boɔ kɔɔ soro pa ara na ɛnam so ma boseabɔ ho ɛka kɔɔ soro a, ama yɛn sika mu duru no kɔ ara na ɛrekɔ fam.	Suddenly, for the first time in ten years, the International Capital Market was closed to us, domestic financing conditions tightened and the cost of borrowing increased, contributing to high debt service and the rapid depreciation of the cedi.
0.3913	0.9946	Yei kyerɛ sɛ, ɛberɛ a amannɔne sika a yɛnya firi amansan boseabɔ edwa so ne sika a ɛfiri adwadeɛ a yɛde kɔ amannɔne mu no so reteɛ, na afei ɛsiane sɛdeɛ yɛpɛ amannɔne nneɛma pa ara enti, sika a yɛde kra nneɛma firi amannɔne no nso kɔ ara na ɛrekɔ soro, na amannɔne ɛka a yɛde no nso kɔ ara na ɛrekɔ soro no, na yɛn sika mu duru no so te ara na ɛreteɛ.	Thus, even as the foreign currency support from the capital market and our foreign earnings declined, the rise in our import bill rose from our apparent insatiable demand for imports as a country, coupled with our increasing debt servicing bill, further undermined the value of our currency.
0.2234	0.8896	Yei ama asetena mu ayɛ den ama Aban ne ankorankoro nyinaa.	This has led to a high cost of living for us all, both as Government and as individuals.
0.3485	0.6362	Fango boɔ a ɛgu so rekɔ soro enti, ama nneɛma boɔ ayɛ den a bosome Ahineme mu wɔ afe 2022 mu, nneɛma-boɔ-sorokɔ kɔduruu ɔha mu nkyɛmu aduanan ne akyire pɔ ɛnan (40.4% in October 2022).	Rising fuel prices have led to increases in prices of most goods and services, with inflation at an all high of 40.4% in October 2022.
0.2269	0.6323	Yɛakɔ nsɔhwɛ a ano yɛ den pa ara mu na Aban nim ɔhaw a saa tebea yi de abɛto mo so.	We have been really tested as a people, and Government empathises greatly with you for the undue pressures this has brought.
0.0523	0.6113	Aban de nnaseɛ a emu dɔ ma akuhodoɔ	We want to express our gratitude as Government to our various stakeholders, including Parliament, Employers’ Associations, Labour Unions, Civil Society, Faith Based Organizations, Association of Ghana Industries, Ghana Union of
0.3725	0.0815	8 | Ghana Aban – 2023 Ɔman Mma Sikasɛm Nhyehyeɛ a wɔdi akotene wɔ amammuo mu a wɔn a wɔdidi soɔ yi ka ho: Mmarahyɛbadwafoɔ, Nnwumawuranom Akuhodoɔ, Nnwumayɛfoɔ Akuhodoɔ, Asetenam Yiedie Akuhodoɔ, Ɔsom mu Akuhodoɔ, Ghana Mfidinnwuma Akuhodoɔ, Ghana Adwadifoɔ Akuhodoɔ, Nwomasua mu Akuhodoɔ, Dwumadie mu Animdefoɔ ɛnna ɔmanfoɔ a wɔda so wɔ gyidie wɔ yɛn mu wɔ ɛberɛ a yɛgu so repɛ ɔhaw ahodoɔ yi nnannuaguberɛ.	Addition” vi | Government of Ghana - 2023 Citizens’ Budget Traders Association, Academia, Think-Tanks, and the ordinary Ghanaians who continue to bear with us even as we navigate these difficult times.
0.3473	0.0024	Megyina Ɔmanpanin Nana Addo Danquah Akuffo-Addo anan mu hyɛ Ghanafoɔ nyinaa bɔ sɛ Aban reyɛ nhyehyɛeɛ ahodoɔ a ɛbɛboa ama nneɛma a ɛma ɔman sikasɛm gyina yie no ase atim na ama ɔman sikasɛm asane apagya, yɛatumi anya sika agu ɔman fotoɔ mu, yɛde aban nnwuma mu nsakraeɛ ho anammɔntuo adi dwuma, yɛatrɛ abɛɛfo mfidie ne dwumadie ho akwanhodoɔ mu, yɛate amannɔne nneɛma a ɛho nhia a yɛkra ba ɔman yi mu no so, yɛayɛ adwadeɛ a yɛde kɔ amannɔne dodoɔ, yɛatrɛ ɔman yi mu adwadeɛyɛ nnwuma mu a wɔbɛyɛ adwadeɛ a yɛkra firi amannɔne no bi wɔ ɔman yi ara mu na afei yɛabɔ mmɔborɔwafoɔ ne wɔn a wɔayi wɔn totwene wɔ asetenam no ho ban.	Nana Addo Danquah Akuffo-Addo, I want to assure all Ghanaians that Government is putting in place polices that will reset the economy and restore macroeconomic stability, raise significant revenues, implement structural and public reforms, expand digital and physical infrastructure, reduce nonessential imports, promote exports, expand local production of import substitute, and protect the vulnerable and socially excluded.
0.3137	0.9531	Osuahunu a yɛanya afiri tebea a yɛwɔ mu saa ɛberɛ yi mu no ama yɛahunu sɛ ɛhia pa ara sɛ yɛyɛ nsakraeɛ de sesa ɔman yi sikasɛm na ɛtumi gyina afebɔɔ.	The lessons we have learnt as a country from this period have made it necessary for us to permanently restructure and transform our economy and build resilience.
0.2692	0.9736	Yɛbɛsane agyina yɛn nan so.	We will come out of this stronger.
0.3747	0.9707	Awurade bɛka yɛn ho na wama yɛn ahoɔden a yɛde bɛtu anammɔn yi.	The Lord will uphold us and grant us strength to do this.
0.4977	0.9258	Ɔsoafoɔ a ɔhwɛ Sikasɛm so 9 | Ghana Aban – 2023 Ɔman Mma Sikasɛm Nhyehyeɛ NNIANIMU 1. Afe 2023 Ɔman Mma Sikasɛm Nhyehyɛeɛ yi yɛ dwuma a Aban dii wɔ 2022 mu no ho tɔfabɔ ne sika dodoɔ a Aban hwɛ anim sɛ ɔbɛnya de atu ne nhyehyɛeɛ ne ne dwumadie ahodoɔ ho anammɔn wɔ afe 2023 mu.	Addition” 1 | Government of Ghana - 2023 Citizens’ Budget INTRODUCTION 1. The 2023 Citizen’s Budget is a summary of what Government achieved in 2022 and how much it intends to collect and utilise its revenues to implement policies and programmes.
0.3964	0.7456	Asɛntire a ɛda Ɔman Mma Sikasɛm Nhyehyɛeɛ yi so ne “Yɛreka abom adi dwuma de Mpontuo ne Adwadeɛyɛ asane ama ahoɔden aba Ɔman Sikasɛm mu na yɛama aseɛ atim”.	The theme of the budget is “Restoring and Sustaining Macroeconomic Stability and Resilience for Inclusive Growth & Value Addition”.
0.3568	0.6992	Mfeɛ a abɛsene korɔ no, ɛrekame ayɛ sɛ Sikasɛm Nhyehyɛeɛ foforɔ biara a yɛbɛyɛ no, yɛhyehyɛ mpontunnwuma foforɔ a yɛbɛyɛ wɔ mu a, yɛyi yɛn ani firi deɛ ɛrekɔ soɔ no so.	Over the years, every new budget invariably contains a host of new projects to be initiated at the expense of ongoing projects.
0.3764	0.4946	Ɛnyɛ ahokyere nko ara na saa tebea no de ba yɛn sikasɛm so na mmom ama ɔman yi da so tua ɛka wɔ mpontunnwuma ho a ama mpontunnwuma ho ɛka akɔ soro pa ara ɛsiane sɛ ɛka a anka ɛsɛ sɛ yɛtua a yɛatu ahyɛ ɛda no wɔ nsiho wɔ ho a, ɛno nso kɔ soro.	This does not only put pressure on our finances but has also historically resulted in payment of arrears which raise the overall cost of projects as the deferred payments attract interest cost.
0.1795	0.9771	Afe 2023 mu no, Aban bɛyɛ nhyehyɛeɛ ne dwumadie afoforɔ, nanso yɛbɛhwɛ sɛ ɛbɛyɛ yɛn asɛnhia na yɛawie mpontunnwuma ahodoɔ a ɛrekɔ soɔ no nyinaa.	In 2023, Government will implement new policies and programmes, but will also encourage the culture of completing all existing projects.
0.4406	0.4272	10 | Ghana Aban – 2023 Ɔman Mma Sikasɛm Nhyehyeɛ SƐDEƐ ƆMAN SIKASƐM YƐƐ WƆ AFE 2022 MU	Addition” 2 | Government of Ghana - 2023 Citizens’ Budget ECONOMIC PERFORMANCE FOR 2022
0.6762	0.0692	Sɛdeɛ na Ɔman sikasɛm mu mpontuo nnyinasoɔ no teɛ 4. Afe 2022 mu Sikasɛm Nhyehyɛeɛ mu Nsakramu a yɛyɛɛ no afe no mfinimfini (Mid-Year Fiscal Policy Review) no, Aban de sii n’ani so sɛ ne nsa bɛka ɔman sikasɛm mpontuo nnyinasoɔ a ɛdidi soɔ yi wɔ afe 2022 mu: i.	Macroeconomic Performance 4. During the 2022 Mid-Year Fiscal Policy Review, Government set the following macroeconomic targets for 2022: i.
0.7495	0.6172	Ɔman yi mu adwadeɛ nyinaa kankorɔ ɔha mu nkyɛmu mmiɛnsa ne akyire pɔ nson (Overall Real GDP growth of 3.7 percent); ɛnan akyire pɔ mmiɛnsa (Non-Oil Real GDP Growth rate of to 4.3 percent); iii.	Overall Real GDP growth of 3.7 percent; ii. Non-Oil Real GDP Growth rate of to 4.3 percent; iii.
0.6570	0.8853	Afe awieeɛ nneɛma boɔ-sorokɔ ɔha mu nkyɛmu aduonu nwɔtwe ne akyire pɔ enum (End-period inflation of 28.5 percent); iv.	End-period inflation of 28.5 percent; iv.
0.7308	0.9111	Sika a yɛbɛdi aboro deɛ yɛwɔ so- ɔha mu nkyɛmu nsia ne akyire pɔ nsia (Overall fiscal deficit of 6.6 percent of GDP); v.	Overall fiscal deficit of 6.6 percent of GDP; v.
0.6868	0.8330	Sika dodoɔ a ɛsɛ sɛ ɛka yɛn fotoɔ mu - ɔha mu nkyɛmu hwee ne akyire pɔ ɛnan (Primary surplus of 0.4 percent of GDP); ɛnna vi.	Primary surplus of 0.4 percent of GDP; and vi.
0.2331	0.8906	Amannɔne Sika Dodoɔ a ɛsɛ sɛ yɛnya de kra nneɛma bɛyɛ abosome mmiɛnsa ne ɛfa.	Gross International Reserves sufficient to cover at least three and half months of imports of goods and services
0.6987	0.4128	Amaneɛbɔ a ɛfa ɔman sikasɛm gyinapɛn ho a ɛfiri Ɔpɛpɔn kɔsi Ɛbɔ awieeɛ wɔ afe 2022 mu no kyerɛ sɛ ahokyere a ɛrekɔ so wɔ ewiase afanan ne ɔman yi mu no ho nsunsuansoɔ gu so redi ɔmanfoɔ nya.	Available data on the performance of the economy from Jan-Sept 2022 highlight the continued adverse effect from the challenging global and domestic environment.
0.3527	0.8950	Tebea yi farebae ne ɔman yi sika mu duru a kɔ ara na ɛrekɔ fam, nneɛma-boɔ-sorokɔ, ɛka a ɛremene ɔman yi, sikasɛm ho ahohyɛsoɔ a ɛnkɔ yie ne amannɔne sikasɛm a ɛno nso nkɔ yie. Yeinom nyinaa de ɔhaw abɛto yɛn so a ɛmfa ho ne nhyehyɛeɛ a Aban de agu akwan mu.	These developments have manifested through rapid exchange rate depreciation, high inflation, unsustainable debt service burden, fiscal stress and external sector shocks despite the monetary and fiscal policy interventions instituted by Government.
0.6920	0.0036	Amanneɛbɔ a ɛfa ɔman yi sikasɛm gyinapɛn ho firi Ɔpɛpɔn kɔsi Ɛbɔ wɔ afe 2022 mu no na ɛdidi soɔ yi: i.	The provisional economic performance from Jan-Sept 2022 is presented as follows: i.
0.3994	0.0010	Ɔman yi mu adwadeɛ nyinaa kankorɔ kɔduruu ɔha mu nkyɛmu hwee ne akyire pɔ ɛnan wɔ afe 2022 mu wɔ abosome nsia a ɛdi kan no a wode toto afe 2021 wɔ ɛberɛ korɔ no ara ho a na ɛyɛ ɔha mu nkyɛmu mmiɛnsa ne akyire pɔ nkron;	Real GDP growth averaged 4.0 percent year-on-year for the first half of 2022 compared with 3.9 percent during the same period in 2021; ii.
0.6502	0.9521	Nneɛma-boɔ-sorokɔ firi ɔha mu nkyɛmu aduasa mmiɛnsa ne akyire pɔ nkron wɔ Ɔsanaa bosome mu (33.9 percent in August) ne ɔha mu nkyɛmu aduasa nson ne akyire pɔ mmienu wɔ Ɛbɔ bosome mu (37.2 percent in September) kɔduruu ɔha mu nkyɛmu aduanan ne akyire pɔ ɛnan wɔ Obubuo bosome (40.4 percent in October) mu wɔ afe 2022 mu a ne farebae ne nnuane ne nneɛma afoforɔ boɔ a ɛkɔɔ soro; iii.	Headline inflation accelerated to 40.4 percent in October 2022 from 37.2 percent in September and 33.9 percent in August, driven by both food and non-food prices increases; iii.
0.5619	0.0292	Sika dodoɔ a yɛbɛhia de asɔ yɛn sika soɔ kɔɔ soro ɔha mu nkyɛmu nson ne akyire pɔ ɛnan (Overall budget deficit on cash basis was 7.4 percent of GDP) a na deɛ yɛde asi yɛn ani so yɛ ɔha mu nkyɛmu nsia ne akyire pɔ mmienu (target of 6.2 percent of GDP), ɛnna afei sika dodoɔ a yɛadi aboro so yɛ ɔha mu nkyɛmu mmienu (primary deficit was 2.0 percent of GDP) a na deɛ yɛde asi yɛn ani so nso yɛ ɔha mu nkyɛmu baako (against a target of a deficit of 1 percent of GDP).	Overall budget deficit on cash basis was 7.4 percent of GDP against the target of 6.2 percent of GDP, and the Addition” 3 | Government of Ghana - 2023 Citizens’ Budget corresponding primary deficit was 2.0 percent of GDP against a target of a deficit of 1 percent of GDP.
0.6664	0.3379	Deɛ ɛmaa yɛdii sika boroo so ne sɛ yɛtuaa ɛka bebree a na aka mu firi afe 2021 mu ne mfeɛ bebree nso a abɛsene korɔ ne mmerɛ a yɛwɔ mu yi seesei nso mu ɛka; iv.	A key driver of the cash-basis fiscal deficit is the payment of sizeable outstanding payments from 2021 and earlier years in addition to current year expenses; iv.
0.1466	0.6860	Ɛka a Ɔman no de a wode ba adwadeɛ nyinaa mu ɔha mu nkyɛmu a, ɛyɛ aduɔson enum ne akyire pɔ nkron wɔ Ɛbɔ bosome mu wɔ afe 2022 mu, a na ɛyɛ ɔha mu nkyɛmu aduɔson nsia ne akyire pɔ nson wɔ Ɔpɛnimma bosome mu wɔ afe 2021 mu, na yei farebae ne nsunsuansoɔ a ɛfiri yɛn sika mu duru a ɛrekɔ fam no enti; v.	The Public Debt-to-GDP ratio stood 75.9 percent at the end of September 2022, down from 76.7 percent at the end of December 2021, mainly due to the impact of the currency depreciation; v.
0.2347	0.9150	Amannɔne Sika Dodoɔ a ɔman no wɔ kɔduruu Amɛrika sika ɔpepem ahanum aduɔkron baako ne akyire pɔ mmienu wɔ Ɛbɔ bosome awieeɛ a ɛbɛtumi akra nneɛma abosome mmienu ne nna nkron wɔ afe 2022 mu na ɛyɛ Amɛrika sika ɔpepem nkron ahansia ne aduɔkron enum ne akyire pɔ mmienu wɔ Ɔpɛnimma bosome awieeɛ wɔ afe 2021 mu a na ɛbɛtumi akra nneɛma abosome ɛnan ne nnansa; ɛnna afei vi.	Gross International Reserves stood at US$6,591.8 million, equivalent to 2.9 months of imports cover at the end of September 2022, down from a stock position of US$9,695.2 million (equivalent to 4.3 months imports cover) at the end of December 2021; and vi.
0.2307	0.7480	Ghana sika no ahoɔden wɔ Amɛrika sika mu no so tee ɔha mu nkyɛmu aduonum ɛnan ne akyire pɔ mmienu a na ɛyɛ ɔha mu nkyɛmu ɛnan ne akyire pa baako pɛ wɔ Ɔpenimma bosome awieeɛ wɔ afe 2021 mu, Saa ara nso na Ghana sika no ahoɔden wɔ Enyiresi sika mu no nso tee ɔha mu nkyɛmu aduanan nwɔtwe ne akyire pɔ 12 | Ghana Aban – 2023 Ɔman Mma Sikasɛm Nhyehyeɛ enum a na ɛyɛ ɔha mu nkyɛmu mmiɛnsa ne akyire pɔ baako pɛ wɔ Ɔpɛnimma bosome awieeɛ wɔ afe 2021 mu.	The Ghana cedi depreciated cumulatively by 54.2 percent against the US Dollar compared to a cumulative depreciation of 4.1 percent at the end of December 2021. Similarly, the Ghana cedi depreciated cumulatively by a 48.5 percent against the British Pound compared to 3.1 percent at the end of December 2021
0.4859	0.2131	13 | Ghana Aban – 2023 Ɔman Mma Sikasɛm Nhyehyeɛ SIKA A ƐBAA ƆMAN FOTOƆ MU NE DWUMA A YƐDE DII WƆ AFE 2022 MU 6. Abosome nsia wɔ afe 2022 mu no, yɛyɛɛ Sikasɛm Nhyehyɛeɛ mu Nsakramu faa sikasɛm nhyehyɛeɛ mu ɛsiane sɛ na ewiase sikasɛm ne ɔman yi mu sikasɛm ayɛ basaa.	Addition” 4 | Government of Ghana - 2023 Citizens’ Budget PERFORMANCE OF REVENUE AND EXPENDITURE IN 2022 6. The 2022 Mid-Year Fiscal Policy Review revised the 2022 fiscal framework against the background of unfavourable global and domestic developments.
0.6884	0.0041	Amaneɛbɔ a ɛfa Aban sikasɛm ho anammɔntuo a ɛfiri Ɔpɛpɔn kɔsi Ɛbɔ wɔ afe 2022 mu no kyerɛ sɛ sika a ɛba aban fotoɔ mu so ate koraa na mmom dwuma a yɛde sika die no deɛ ɛgu so kɔ so wɔ saa ɛberɛ korɔ no ara mu.	Provisional data on Government fiscal operations for January – September 2022 show shortfalls in revenue performance while expenditures were largely on track vis-à-vis the periodic target.
0.5040	0.9565	SIKA A ƐBAA ƆMAN FOTOƆ MU 8. Sika dodoɔ a ɛbaa aban fotoɔ mu ne deɛ wɔde kyɛɛ ɔman no kɔsii ɔpepem aduosia enum, ahasa ne aduɔkron nkron a ɛyɛ ɔman mu adwadeɛ nyinaa ɔha mu nkyɛmu dubaako (GH¢65,399 million - 11.0 percent of GDP), a na deɛ ɛsi ani soɔ sɛ nsa bɛka yɛ ɔpepem aduosia nson , ahasa ne nson a ɛyɛ ɔman mu adwadeɛ nyinaa mu aha mu nkyɛmu dubaako ne akyire pɔ ɛnan (GH¢67,307 - 11.4 percent of GDP) na wode toto saa ɛberɛ korɔ no ara ho wɔ afe 2021 mu a, yɛn nsa kaa ɔpepem aduanan nkron, ɔha ne nwɔtwe a ɛyɛ ɔman mu adwadeɛ nyinaa mu ɔha mu nkyɛmu edu ne akyire pɔ nson (GH¢49,108 million (10.7 percent of GDP).	Revenue Performance 8. Total Revenue and Grants amounted to GH¢65,399 million (11.0 percent of GDP), compared with the target of GH¢67,307 (11.4 percent of GDP) and the GH¢49,108 million (10.7 percent of GDP) recorded in the corresponding period in 2021.
0.6486	0.9961	Sɛ yɛde Sika Dodoɔ ankasa a ɛbaa fotoɔ mu toto deɛ yɛde sii yɛn ani so sɛ yɛbɛnya no ho a, na ɛda adi sɛ sika no so tee ɔpepem baako, ahankron ne nkron anaa ɔha mu nkyɛmu mmienu ne akyire pɔ nwɔtwe (GH¢1,909 million or 2.8 percent) ne sikasɛm mu mpontuo ɔha mu nkyɛmu aduasa mmiɛnsa ne akyire pɔ mmienu (33.2 percent).	Compared to the target for the period, the outturn for Total Revenue and Grants represented short fall by GH¢1,909 million or 2.8 percent and a year on-year growth of 33.2 percent.
0.4000	0.9141	Sika nkamu yi a yɛn nsa anka no firi sika ahodoɔ a ɛsɛ sɛ ɛba wɔ ɔman no nkorabata ahodoɔ no mu a antumi amma no enti.	The shortfall in revenue stemmed from the less robust performance recorded in all the revenue types.
0.3378	0.3208	Sika ahodoɔ a ɛbaa fotoɔ mu firi Ɔpɛpɔn kɔsi Ɛbɔ awieeɛ wɔ afe 2022 mu no na yɛakyerɛ mu wɔ ɔha mu nkyɛmu mu wɔ hyehyɛpono 1 so no.	The percentage collection of the various revenue types for Jan- Sept 2022 is shown in figure 1.
0.4929	0.7378	14 | Ghana Aban – 2023 Ɔman Mma Sikasɛm Nhyehyeɛ Hyehyɛpono 1: Sika a ɛbaa fotoɔ mu firi Ɔpɛpɔn-Ɛbɔ wɔ 2022 mu ho tɔfa	Addition” 5 | Government of Ghana - 2023 Citizens’ Budget Figure 1: Summary of 2022 Jan-Sept Revenue Performance
0.5392	0.9502	DWUMA A YƐDE SIKA DIIƐ 11. Sika dodoɔ a Aban de dii dwuma a ɛka a yɛde dada ne sika afoforɔ bi ka ho bie kɔduruu ɔpepem ɔha ne nkron, ahanan ne aduonu baako a ɛyɛ ɔman mu adwadeɛ nyinaa mu ɔha mu nkyɛmu dunwɔtwe ne akyire pɔ enum (GH¢109,421 million -18.5 percent of GDP), na yei boroo sika dodoɔ ɔpepem ɔha ne mmiɛnsa, ahankron aduɔkron mmienu (GH¢103,992 million) a ɛyɛ ɔman mu adwadeɛ nyinaa mu ɔha mu nkyɛmu dunson ne akyire pɔ nsia (17.6 percent of GDP) a ɛyɛ sika dodoɔ a yɛde sii yɛn ani so sɛ yɛde bɛdi dwuma no so ɔha mu nkyɛmu enum ne akyire pɔ mmienu.	Expenditure Performance 11. Total Expenditure (including arrears clearance and discrepancy) for the period amounted to GH¢109,421 million (18.5 percent of GDP), marginally above the target of GH¢103,992 million (17.6 percent of GDP) by 5.2 percent.
0.2484	0.9897	Dwumadie ho sika a ɛboroo soɔ kakra no farebae ne Nsiho ne Sika a yɛtua ma Aban Nwumakuo ahodoɔ.	The marginal increase in expenditures was largely on account of expenses on Interest Payments and Grants to Other Government Units.
0.1838	0.0006	Non-Oil Tax Revenue, 68% Non-Oil Non- TaxRevenue Oil and Gas … Sika afodorɔ, Sika akyɛdeɛ,	The breakdown of the payment by the various expenditure lines is shown in Figure 2.
0.1770	0.5195	15 | Ghana Aban – 2023 Ɔman Mma Sikasɛm Nhyehyeɛ 12. Dwuma a yɛde sika dii na yɛakyerɛ mu wɔ hyehyɛpono 2 so no.	Non-Oil Tax Revenue, Non-Oil Non- TaxRevenue Oil and Gas … Other Revenue, Grants, 1%
0.4304	0.9897	SIKASƐM HO DWUMADIE AHODOƆ 13. Aban sikasɛm ho dwumadie wɔ ɛberɛ a yɛreka ho asɛm yi mu no kɔsii sɛ yɛdii sika boroo deɛ na yɛde asi yɛn ani soɔ no so. Sika a yɛdi boroo soɔ no kɔsii ɔpepem aduanan ɛnan ne aduonu mmienu a ɛyɛ ɔman mu adwadeɛ nyinaa mu ɔha mu nkyɛmu nson ne akyire pɔ ɛnan (GH¢44,022 million - 7.4% of GDP) a na deɛ yɛde asi yɛn ani so sɛ yɛde bɛdi dwuma no yɛ ɔpepem aduasa nsia, ahansia ne aduɔwɔtwe ɛnan a ɛyɛ ɔman mu adwadeɛ nyinaa mu ɔha mu nkyɛmu nsia ne akyire pɔ mmienu (GH¢36,684 million - 6.2% of GDP).	Addition” 6 | Government of Ghana - 2023 Citizens’ Budget Figure 2: Summary of Jan-Sept 2022 Expenditure Performance Financing Operations 13. Government’s fiscal operations for the period resulted in an overall budget deficit of GH¢44,022 million (7.4% of GDP), against a target of GH¢36,684 million (6.2% of GDP).
0.3737	0.8306	Yɛnyaa sika a na yɛbɛhia asɔ yɛn sika soɔ dodoɔ no ara firii ɔman yi mu.	The deficit was primarily financed from domestic sources.
0.6539	0.0959	Amannɔne ɛka nso a yɛtuaa no kɔduruu ɔpepem nsia, ahanum ne aduasa baako a ɛyɛ ɔman mu adwadeɛ nyinaa mu ɔha mu nkyɛmu baako ne akyire pɔ baako (GH¢6,531 million - 1.1% of GDP).	Foreign financing for the period amounted to a net repayment of GH¢6,531 million (1.1% of GDP).
0.4904	0.1766	Ɛka A Ɔman No Bɔɔ Wɔ Afe 2022 mu 14. Amaneɛbɔ a ɛwɔ hɔ seesei kyerɛ sɛ Ɛbɔ bosome baa awieeɛ wɔ afe 2022 mu no, na ɛka a ɔman yi de no nyinaa aduru ɔpepem ahanan aduosia nson, ahasa aduɔson baako ne akyire pɔ aduasa mmienu (GH¢467,371.32 million) a wode kɔ Amɛrika sika mu a, ɛyɛ ɔpepem aduanan nwɔtwe, ahanwɔtwe ne aduɔson baako ne akyire pɔ aduasa ɛnan ((US$48,871.34 million) a ɛyɛ ɔman mu adwadeɛ nyinaa mu ɔha Compensation of Employees Adwadeɛ ne akadeɛ ho sika Nsiho-tua Sika a wɔde ma Aban Nnwuma Mpontunnwu ma ho sika Dwumadie afoforɔ ho sika Ɛka ahodoɔ Sika nkamu	Public Debt Developments For 2022 14. Provisional data as at end September 2022 indicate that total gross public debt stood at GH¢467,371.32 million (US$48,871.34 million), representing 75.9 percent of GDP.
0.6859	0.8110	Ɔman yi mu ɛka a ɔman yi de no yɛ ɔpepem ɔha ne aduɔkron enum, ahansia ne aduonum nson ne akyire pɔ aduosia baako (GH¢195,657.61 million) a ɛyɛ ɔman mu adwadeɛ nyinaa mu ɔha mu nkyɛmu aduasa baako ne akyire pɔ nwɔtwe (31.8 percent of GDP) ɛnna amannɔne ɛka a nso a ɔman yi de no yɛ ɔpepem ahanu ne aduɔson baako, ahanson ne dumiɛnsa ne akyire pɔ aduɔson baako (GH¢271,713.71 million) a ɛyɛ ɔman yi mu adwadeɛ nyinaa mu ɔha mu nkyɛmu aduanan ɛnan ne akyire pɔ baako (44.1 percent of GDP).	This made up of domestic debt of GH¢195,657.61 million, equivalent to 31.8 percent of GDP, whilst external debt was GH¢271,713.71 million, representing 44.1 percent of GDP. The increase in the domestic debt was an account of rising interest costs, while the growth in the external debt was mainly driven by the depreciation of the local currency.
0.3630	0.0010	Deɛ ɛmaa ɔman yi ara mu ɛka a ɔman yi de no kɔɔ soro no ne sɛ bosea ho nsiho a kɔɔ soro, ɛnna amannɔne ɛka no nso farebae pɔtee ne ɔman yi sika mu duru a ɛso teeɛ no.	Compensatio n of Employees Use of Goods and Services Interest Payment Grants to Other Gov't Units Capital Expenditure Other Expenditure Arrears Discrepancy
0.3740	0.1409	17 | Ghana Aban – 2023 Ɔman Mma Sikasɛm Nhyehyeɛ Nneɛma a ɛma Ɔman sikasɛm gyina a yɛde ani abu sɛ yɛbɛnya wɔ 2023 mu 16. Animanim Sikasɛm ho Nhyehyɛeɛ Botaeɛ Ahodoɔ mu Akwankyerɛ no enti, Aban de asi n’ani so sɛ ne nsa bɛka Sikasɛm mu Mpontuo Nnyinasoɔ a ɛdidi soɔ yi wɔ ɛberɛ tiawa a ɛdi yɛn anim (2023-2026) yi mu: i.	2023 Medium-Term Overall Macroeconomic Targets 16. Guided by the medium-term policy objectives, the Government has set following macroeconomic targets for the medium-term i. Overall Real GDP to grow at an average rate of 4.3 percent; ii.
0.1953	0.0162	Ɔman yi mu adwadeɛ nyinaa kankorɔ ɔha mu nkyɛmu ɛnan ne akyire pɔ mmiɛnsa; ɛnan; iii.	Non-Oil Real GDP to grow at an average rate of 4.0 percent; iii.
0.1375	0.9629	Afe awieeɛ nneɛma-boɔ-sorokɔ ɔha mu nkyɛmu nwɔtwe a ɛbɛtumi akɔ soro anaa ɛso ate aba fam ɔha mu nkyɛmu mmienu; iv.	Headline inflation to be within the target band of 8±2 percent; iv.
0.4672	0.3469	Anyɛ bie koraa no, sika dodoɔ a ɛsɛ sɛ ɛka yɛn fotoɔ yɛ ɔman mu adwadeɛ nyinaa mu ɔha mu nkyɛmu baako ne akyire pɔ mmiɛnsa wɔ ɛberɛ a ɛdi yɛn anim (2023-2026) yi mu; ɛnna afei v.	Primary Balance on Commitment basis to average a surplus 1.3 % of GDP in the 2023-2026 period; and v.
0.1695	0.7407	Amannɔne Sika Dodoɔ a ɛsɛ sɛ yɛnya de kra nneɛma bɛyɛ abosome ɛnan.	Gross International Reserves to cover at least 4 months of imports.
0.6573	0.4463	Ɛsiane sikasɛm mu mpontuo nnyinasoɔ botaeɛ ne animanim yi ara mu sikasɛm nhyehyɛeɛ botaeɛ ahodoɔ enti, yɛde nneɛma ɛma ɔman sikasɛm gyina yie ho botaeɛ ahodoɔ a ɛdidi soɔ yi asi yɛn ani so sɛ ɛsɛ sɛ yɛn nsa ka wɔ afe 2023 mu: i.	Based on the overall macroeconomic objectives and the mediumterm targets, the following macroeconomic targets have been set for the 2023 fiscal year: i.
0.1910	0.0202	Ɔman yi mu adwadeɛ nyinaa kankorɔ ɔha mu nkyɛmu mmienu ne akyire pɔ nwɔtwe; mmiɛnsa; iii.	Overall Real GDP growth of 2.8 percent; ii. Non-Oil Real GDP growth of 3.0 percent; iii.
0.1194	0.0007	Ɔpɛnimma bosome awieeɛ nneɛma-boɔ-sorokɔ ɔha mu nkyɛmu dunwɔtwe ne akyire pɔ nkron; iv.	End-December inflation rate of 18.9 percent;
0.1809	0.4685	Anyɛ bie koraa no, sika dodoɔ a ɛsɛ sɛ ɛka yɛn fotoɔ yɛ ɔman mu adwadeɛ nyinaa mu ɔha mu nkyɛmu hwee ne akyire pɔ nson; ɛnna v.	Addition” 8 | Government of Ghana - 2023 Citizens’ Budget iv. Primary Balance on Commitment basis of 0.7% of GDP; and v.
0.1412	0.8911	Amannɔne Sika Dodoɔ a ɛsɛ sɛ yɛnya de kra nneɛma boro abosome mmiɛnsa ne nnansa.	Gross International Reserves to cover not less than 3.3 months of imports of goods and services.
0.3751	0.4187	18 | Ghana Aban – 2023 Ɔman Mma Sikasɛm Nhyehyeɛ AFE 2023 ANIMANIM YI ARA HO SIKASƐM NHYEHYƐEƐ HO ANAMMƆNTUO	Addition” 9 | Government of Ghana - 2023 Citizens’ Budget 2023 AND MEDIUM-TERM FISCAL FRAMEWORK
0.6862	0.7520	Sikanya Ho Nhyehyɛeɛ 18. Sɛdeɛ ɛbɛyɛ na sikanya ho anammɔntuo no ase bɛtim enti, Aban de sikanya ho nhyehyɛeɛ a ano ɛboɔ som ɔman yi mu adwadeɛ nyinaa ɔha mu nkyɛmu baako ne akyiri pɔ aduasa enum (1.35 percent of GDP) bɛba abɛto Mmarahyɛbadwa yi anim ama moadwennwene ho, agye atom.	Revenue Measures 18. To support the fiscal consolidation process, Government will present revenue measures with an estimated total yield of 1.35 percent of GDP to Parliament for consideration and approval.
0.4014	0.4250	Nhyehyɛeɛ ahodoɔ no mu bi na ɛdidi soɔ yi: Bɛsakra sigarɛte ne tawa adwadeɛ ho ɛtoɔ mu ama ɛne ECOWAS ɛtoɔ ho nhyehyɛeɛ asiae so, na yɛapagya nsaden ho ɛtoɔ mu ama aboro bia (beer) ahodoɔ deɛ so.	These among others are: Revision to the taxation of cigarettes and tobacco products to align with ECOWAS protocols, increase the excise rate for spirits above that of beers.
0.2017	0.9961	Bɛpagya adwadeɛ ho ɛtoɔ (VAT) no mu afiri ɔha nkyɛmu dumienu ne ɛfa de akɔ ɔha nkyɛmu dunum na yɛatrɛ nneɛma a yɛgye ɛho Adwadeɛ ɛtoɔ(VAT) no mu, asane atu anammɔn ahodoɔ afa adwadeɛ a ɛnni sɛ yɛgye ɛho adwadeɛ ho ɛtoɔ (VAT) no ho.	Increase the Value Added Tax (VAT) rate by two and a half percentage points from 12.5 percent to 15 percent and review the VAT threshold as well as undertake major reforms with respect to VAT exemptions.
0.4950	0.9849	Bɛsesa Ɔman Sikasɛm Nsiesie Ho Ɛtoɔ (National Fiscal Stabilisation Levy,NFSL) no ayɛ no Mpontuo ne Nsiesie ho ɛtoɔ (Growth and Sustainability Levy,GSL)ama adi nneɛma ahodoɔ no nyinaa ho dwuma.	Convert the National Fiscal Stabilisation Levy (NFSL) into a Growth and Sustainability Levy (GSL) to cover all entities.
0.4842	0.8887	Bɛte Abɛɛfo afidie so sikamane ho ɛtoɔ (Electronic Transfer Levy) no so afiri ɔha nkyɛmu baako akyiri pɔ enum (1.5) akɔduru ɔha nkyɛmu baako (1) na yɛayi daadaa sikateɛ no afiri hɔ.	Reduce the Electronic Transfer Levy headline rate from 1.5 percent to one percent of the transaction value alongside the removal of the daily threshold.
0.6879	0.0011	Nhyehyɛeɛ afoforɔ nso na ɛdidi soɔ yi: o Bɛtɔn deɛ wɔfrɛ no 5G Electromagnetic Spectrum no; o Bɛhwɛ ama ɛdanhane ho ɛtoɔtua adi mu; o Bɛtu anammɔn afa fangotubea (“Jubilee Field”) no ho nam so anya fango ho akwannya afoforɔ (Additional Oil Entitlement) (AEO) ; na afei	Other proposed measures include o Sale of 5G Electromagnetic Spectrum; o Enhance Rent Tax Compliance; o Pursue Additional Oil Entitlement (AEO) in relation to the Jubilee Field; and o Revised Income Tax to exclude unrealised exchange losses from deductions and ensure that realised exchange losses on capital assets are capitalised.
0.2739	0.0255	19 | Ghana Aban – 2023 Ɔman Mma Sikasɛm Nhyehyeɛ o Yɛasakra sika a ɛba ɔmanfoɔ nsam ho ɛtoɔ no mu sɛdeɛ ɛbɛyɛ a, sika a annya ammɛka nsa, na yɛate ho ɛtoɔ no, yɛahwɛ ama onii no nsa aka.	Addition” 10 | Government of Ghana - 2023 Citizens’ Budget Expenditure Measures 19. In addition to the revenue measures, Government proposes the underlisted key expenditure measures to support the fiscal consolidation process.
0.4806	0.7554	Sɛdeɛ Yɛde Sika bɛdi Dwuma 19. Sikanya nhyehyɛeɛ no akyiri no, Aban bɛtu sɛdeɛ yɛde sika bɛdi dwuma ho nhyehyɛeɛ ahodoɔ a ɛdidi soɔ yi ho anammɔn de aboa sikasɛm mu mpontuo: Bɛto Asetenam Mmoa A Ɛko Tia Ohia (LEAP) sika no mu afiri sidi ahanan aduonum (Ghs45) no a yɛtua no bosome biara no akɔduru Ghana sidi aduɔkron (GHs90), na yɛapagya nnipa dodoɔ a yɛtua ma wɔn no mu afiri nnipa mpem ahasa aduanan ɛnan, ɔha ne aduɔwɔtwe enum (344,185).	Double the LEAP payment per beneficiary household from the current Ghs45 per month to GHs90 and increase number of beneficiary households from the current 344,185 households.
0.4141	0.0033	Saa nsakraeɛ ahodoɔ yi bɛpagya afe 2022 Mmoa A Ɛko Tia Ohia (LEAP) sika no mu afiri Ghana sidi ɔpepem ɔha aduɔkron nson ahanum (GHs197.5) no akɔduru Ghana sidi ɔpepem ahasa aduɔkron enum (GHs395 million); Bɛpagya sika a wɔtua ma wɔn a wɔnoa sukuu adidiekwa ho aduane no mu ama deɛ wɔde bɛka ho no enti akɔduru Ghana sidi ɔpepem ɔha aduasa nwɔtwe (GHs138 million), Yɛbɛtoa so atete Ɔmanpanin, Ɔmanpanin Abadiakyire, Asoafoɔ, Asoafoɔ Abadiakyire, Nkuropɔn, Nkuro, ne Nkuro nketewa mu Asoafoɔ, ne afoforɔ bi a Aban dwumadie sononko hyehyɛ wɔn nsa, a ɔman nnwumakuo a ɛdi dwuma pɔtee bi (State Owned Enterprises) mu mpanimfoɔ ka ho bie akatua so ɔha nkyɛmu aduasa; Yɛde sikanya ho ɛtoɔ dodoɔ a yɛte firi sika a yɛtwa to hɔ de di dwuma bi so no bɛba fam afiri ɔha nkyɛmu aduonu enum a seesei yɛte no aba ɔha nkyɛmu edu nson akyiri pɔ enum; Ɛnkɔsi afe 2023 awieeɛ no, yɛbɛtwe sika a yɛtwa to hɔ de di dwuma bi no nyinaa agu Abɛɛfo Sika ho Ntotoeɛ ne Amaneɛbɔ Ɛkwan so no so (GIFMIS) na yɛahwɛ sɛ wɔbɛfa Abɛɛfo Sika ho Ntotoeɛ ne amaneɛbɔ Ɛkwan no (GIFMIS) so	These measures will increase the current budget on LEAP from GHs197.5 million in 2022 to GHs395 million; Increase the budget on school feeding caterer payment by additional GHs138 million, Continue with 30% cut in the salaries of the President, Vice President, Ministers, Deputy Ministers, MMDCEs, and political office holders including those in State-Owned Enterprises; Reduce the threshold on earmarked funds from the current 25 percent of Tax Revenue to 17.5 percent of Tax Revenues; Migrate all earmarked funds onto the GIFMIS platforms and ensure they use the GIFMIS platform to process all their revenue and expenditures transactions to be completed by end of 2023. Place a cap on salary adjustment of SOEs to be lower than negotiated base pay increase on Single Spine Salary Structure for each year;
0.5445	0.2140	Afe 2023 Mu Sika Anoboaboa 20. Afe 2023 mu no, sika dodoɔ a ɛsi Aban ani so sɛ ɔbɛgyegye wɔ sikanya nhyehyɛeɛ ne akyɛdeɛ ahodoɔ mu no ano som Ghana sidi ɔpepem ɔha aduanan mmiɛnsa ahankron aduonum nsia GH¢143,956 million (Ɔman yi mu adwadeɛ nyinaa bo a ɛsom mu ɔha nkyɛmu edu nwɔtwe akyiripɔ hwee(18.0% of GDP) na yei nyinasoɔ bɛyɛ sikanya ɛkwan a ɛbɛwɔ hɔ afebɔɔ-a ne titire ne ɛtogyegyeɛ nhyehyɛeɛ - na anoboɔ bɛsom Ɔman mu adwadeɛ nyinaa bo a ɛsom no mu ɔha nkyɛmu baako akyiri pɔ aduasa enum(1.35 percent of GDP. ).	Resource Mobilisation for 2023 20. In 2023, Government intends to collect Total Revenue and Grants of GH¢143,956 million (18.0% of GDP) and is supported by permanent revenue measures - largely Tax revenue measures amounting to 1.35 percent of GDP.
0.2692	0.0014	Ɔman yi mu sika dodoɔ ne sika akyɛdeɛ a yɛbɛgyegye no ano ɛboɔ bɛsom Ghana sidi ɔpepem ɔha aduanan baako ahanum aduonum mmienu (GH¢141,552), na yei da afe mu sikasɛm kankorɔ a ɛyɛ ɔha nkyɛmu aduanan nsia akyiri pɔ nsia adi, na ɛwɔ soro sene deɛ yɛde ani bu faa afe 2022 ho no deɛ so.	The total revenue and grants consist of Domestic Revenue of at GH¢141,552 million which represents an annual growth of 46.6
0.4060	0.7812	Mpontuo mu aboafoɔ sika akyɛdeɛ a wɔde bɛma no ano som Ghana sidi ɔpepem mmienu aha ɛnan ne mmiɛnsa (GH¢2,403 million) (Ɔman yi mu adwadeɛ nyinaa bo a ɛsom mu ɔha nkyɛmu hwee akyiri pɔ enum (0.5% of GDP).	Addition” 11 | Government of Ghana - 2023 Citizens’ Budget percent over the projected outturn for 2022. Grants payment from Development Partners is estimated at GH¢2,403 million (0.5% of GDP.
0.4617	0.4688	21 | Ghana Aban – 2023 Ɔman Mma Sikasɛm Nhyehyeɛ Hyehyɛpono 4: Afe 2023 mu sika ahodoɔ (in GH¢ Million) Sɛdeɛ Yɛbɛkyekyɛ Sika Mu wɔ 2023 mu 22. Ani da ɛkwan sɛ sika dodoɔ a yɛde bɛdi dwuma (a ɛka a yɛbɛtua ka ho bi) bɛyɛ Ghana sidi ɔpepem ahanu nr enum ahanan aduasa baako (GHC205,431) a ɛyɛ ɔman yi mu adwadeɛ nyinaa bo a ɛsom mu ɔha mu nkyɛmu aduonu enum akyiri pɔ nsia.	Figure 4:Resource Mobilisation for 2023 (in GH¢ Million) Resource Allocation for 2023 22. Total Expenditure (including clearance of Arrears) is projected at GH¢205,431 million (25.6% of GDP).
0.4458	0.9917	Sɛ yɛde deɛ na ani da ɛkwan sɛ yɛbɛnya wɔ afe 2022 mu no toto ho a, nkontabuo yi da no adi sɛ sika a yɛde dii dwuma (primary ependiture) so tee wɔ ɔman yi mu adwadeɛ nyinaa bo a ɛsom ho ɔha nkyekyɛmu hwee akyiri pɔ mmiɛnsa (deɛ ɛyɛ asɛdeɛ) na yei da Aban krado a wayɛ sɛ ɔbɛtu ɔman yi sikasɛm ho anammɔn pa ama agyina yie no adi.	This estimate shows a shrinkage of 0.3 percentage points of GDP in primary expenditures (commitment basis) compared to the projected outturn in 2022 and a demonstration of Government’s resolve to consolidate its public finances in a credible and sustainable manner.
0.3457	0.9927	Afe 2023 sika a yɛde bɛdi dwuma no ho nkontabuo na yɛabɔ no tɔfa wɔ hyehyɛpono 5 so no.	The details of the 2023 expenditure is summarised in the Figure 5.
0.5218	0.3804	22 | Ghana Aban – 2023 Ɔman Mma Sikasɛm Nhyehyeɛ Hyehyɛpono 5: Sika nkyekyɛmu wɔ afe 2023 (in GH¢ Million) Sikasɛm mu Nhyehyɛeɛ Nnyinasoɔ ne Sikasɛm ho Dwumadie Ahodoɔ 2023 mu 23. Sɛ yɛde yɛn ani bu sika dodoɔ a yɛbɛnya ne deɛ wɔde bɛkyɛ yɛn a,(ɛka a yɛbɛtua nyinaa ka ho) a, ɛho nkontabuo nyinaa kɔsi Ghana sidi Ɔpepem aduosia baako, ahanan aduɔson enum ( GH¢61,475 million), a ɛyɛ ɔman mu adwadeɛ nyinaa bo a ɛsom mu ɔha nkyɛmu nson ne akyiri pɔ nson.Yɛde toto ɛho a, ɛka a ɛbɛba akyire yɛ Ghana sidi Ɔpepem nwɔtwe ahankron aduonu enum (GH¢8,925 million), a ɛyɛ ɔman mu adwadeɛ nyinaa bo a ɛsom no ɔha nkyɛmu baako ne akyiri pɔ baako (1.1).	Addition” 12 | Government of Ghana - 2023 Citizens’ Budget Figure 5: Resource Allocation for 2023 (in GH¢ Million) Budget Balances and Financing Operations for 2023 23. Based on the estimates for Total Revenue & Grants and Total Expenditure (including arrears clearance), the overall Budget balance is a fiscal deficit of GH¢61,475 million, equivalent to 7.7 percent of GDP. The corresponding Primary balance in cash-basis is a deficit of GH¢8,925 million, equivalent to 1.1 percent of GDP.
0.3851	0.5542	Yɛnam akwanhodoɔ so a Amannɔne ne Ɔman yi mu deɛ ka ho bi so na ɛbɛnya siak a aka mu a yɛbɛhia de asɔ sika a yɛwɔ so.	The deficit is expected to be financed from a number of sources including foreign and domestic sources.
0.4391	0.4092	Sika afoforɔ a yɛbɛnya afiri yɛne Amanaman Ntam nkutahodie (multilateral) ne Ɔman bi ntam nkutahodie (bilateral) mu no bɛfiri mpɛmpɛnsoɔ a yɛne Amanaman Sikasɛm Fotoɔ (IMF) ntam nkutahodie no bɛkɔ akɔduru so.	Other sources of financing from multilateral and bilateral partners are expected in the context of the IMF programme being negotiated and the implementation of a debt management strategy.
0.6806	0.8647	GH¢205,432 GH¢44,990 GH¢8,048 GH¢27,694 GH¢52,550 GH¢30,079 GH¢27,636 GH¢14,435 Dwumadie ho sika dodoɔ Adwumayɛfoɔ akatua Adwadeɛ ne akadeɛ ho sika Mpontunnwuma ho sika Nsiho-tua Sika a wɔde ma aban nnwuma Dwumadie afoforɔ ho sika Ɛka a yɛbɛtua	GH¢205,432 GH¢44,990 GH¢8,048 GH¢27,694 GH¢52,550 GH¢30,079 GH¢27,636 GH¢14,435 Total Expenditure Compensation Goods & Services Capital Expenditure Interest Payments Grants to Other Govt Units Other Expenditures Arrears Clearance
0.4689	0.7402	23 | Ghana Aban – 2023 Ɔman Mma Sikasɛm Nhyehyeɛ MPONTUO A AKƆ SO WƆ ASOƐEƐ AHODOƆ NO MU NE SƐDEƐ NNEƐMA TEƐ SEESEI 25. Saa ɔfa yi da mmɔden a Aban rebɔ fa dwumadie sononko (government flagship projects) a ɔhyɛɛ aseɛ wɔ asoɛeɛ ahodoɔ mu wɔ afe 2022 mu no ho ne mpontunnwuma a wahyehyɛ (planned activities) sɛ ɔbɛdi wɔ afe 2023 mu no adi.	Addition” 13 | Government of Ghana - 2023 Citizens’ Budget SECTORAL DEVELOPMENT AND OUTLOOK 25. This section highlights the performance of government flagship projects in the key sectors in 2022 and planned activities for implementation in 2023.
0.7441	0.5581	Saa dwumadie ne anammɔn ahodoɔ yi nyinaa gyina Aban Animanim yi ara mu Ɔman Mpontuo Dwumadie Nhyehyɛeɛ (Government’s Medium-Term National Development Policy Framework, 2022-2026) no so.	These programmes and activities are based primarily on Government’s Medium-Term National Development Policy Framework (2022-2026).
0.1719	0.8672	Dwumadie ahodoɔ yi botaeɛ ne sɛ ɛbɛboa ama Aban atumi aduru botaeɛ ahodoɔ a ɛfa Ghana COVID 19 ne Ankorankorɛ Nnwuma mu Nkanyan ho Mmoa (Ghanacares) ho no ne anammɔntuo a ɛwɔ Apam a wɔayɛ afa nhyehyɛeɛ a ɛwɔ Amanaman Nkabom Ekuo Mpontuo nhyehyɛeɛ (UN Agenda 2030, SDG’s) ne Abibirem Nkabom Kuo Botaeɛ 2023 (African Union Agenda 2063) mu ho no ho.	The programme aims to attain the objectives under Government CARES Programmes as well as targets arising from our international commitments with regards to the UN Agenda 2030 (SDG’s) and African Union Agenda 2063.
0.1238	0.9336	Saa ɔfa yi da Aban mmɔden a wabɔ wɔ Ɔman yi mmeaeɛ ne Asoɛeɛ ahodoɔ mu wɔ afe 2022 mu ne dwuma a ɔbɛdi wɔ afe 2023 mu adi.	This section highlights the performance of Government in key areas and sectors of the economy in 2022, as well as programmes and activities for implementation in 2023.
0.7041	0.0026	Aduane Ho Banbɔ 28. Aban botaeɛ a ɛsi náni so sɛ ɔbɛma nnua mfudeɛ (tree ɔrops) ho mfasoɔ adɔɔso enti no, ɔmaa akuafoɔ nsa kaa ɛho ntutɛ nnua nketewa dodoɔ Ɔpepem mmienu ne ahanson (2.7 million) wɔ afe 2022 wɔ kuayɛ ɛberɛ no mu.	Food Security 28. Government in line with its agenda to vary earnings from the Tree Crops subsector provided 2.7 million improved seedlings to farmers during the 2022 cropping season.
0.4411	0.7612	Aban gyinaa Mmoayɛn A Ɛde Nnuane ne Nnwuma Ba Nhyehyɛeɛ (Rearing for Food and Jobs module) no so tɔɔ nkokɔbedeɛ dodoɔ mpem ɔha aduonu (120,000) kyekyɛ maa mmaa nkokɔyɛn akuafoɔ dodoɔ apem (1000) a wɔwɔ Nkuropɔn, Nkuro ne Mansini ahodoɔ nkron (9 MMDAs) mu a wɔn ne (Savelugu, Sagnarigu, Wa Municipal, Nandom, Sissala Apueeɛ, Krachi Apueeɛ, Nkwanta Anafoɔ, Techiman Atifi ne Nkoranza).	29. 120,000-layer birds were procured and distributed to 1,000 female poultry farmers in 9 MMDAs (Savelugu, Sagnarigu, Wa Municipal, Nandom, Sissala East, Krachi East, Nkwanta South, Techiman North and Nkoranza) under the Rearing for Food and Jobs module.
0.4076	0.0403	24 | Ghana Aban – 2023 Ɔman Mma Sikasɛm Nhyehyeɛ dwuma (120-capacity poultry battery cage) a wɔde nkokɔ no bɛgu mu.	Beneficiaries also received a 120-capacity poultry battery cage to house the birds.
0.7000	0.8662	Deɛ ɛka ho bio ne sɛ, yɛtotɔɔ ntɔtemmoa nketewa (small ruminants) dodoɔ mpem mmiɛnsa ahanson aduonum (3,750) kyekyɛ kɔɔ mmeaeɛ a wɔyɛn ntɔtemmoa a ɛyɛ akuafoɔ aduanan enum (45) bi dea de sɔɔ wɔn asene sɛdeɛ ɛbɛte mfudeɛ ho ɔhaw a wɔhyia no so so nam so aboa ama wɔatumi ayɛ wɔn asetena mu asɛdeɛ ahodoɔ.	In addition, a total of 3,750 small ruminants were procured and distributed to livestock breeding stations and 45 farmers to strengthen their resilience to shocks from crop failure and maintain households ability to fulfil social obligations
0.5304	0.4973	Afe 2023 mu, Aban bɛhwɛ ama wɔadua, na wɔakyekyɛ ateaa (cashew), nkuto (shea), kube(coconut), abɛ (oil palm), mamgoo (mango), ne rɔba (rubber) dodoɔ ɔpepem enum ne aduosia enum (5.65million) a ɛso dɔsɔɔ de ama akuafoɔ dodoɔ mpem ɔha aduɔson enum ( 175,000).	In 2023, Government, will facilitate the production and distribution of 5.65 million high-quality planting materials of Addition” 14 | Government of Ghana - 2023 Citizens’ Budget cashew, shea, coconut, oil palm, mango, and rubber to 175,000 tree crop farmers.
0.3031	0.9922	Afe 2022 mu no, Aban gyinaa “Mansini Baako Adekoradan Baako Nhyehyɛeɛ (“One District One Warehouse” programme) no so wiee mfudeɛ adekoradan dodoɔ aduosia enum (65 warehouses) nam so de mɛtrik tɔn dodoɔ mpem aduɔwɔtwe kaa ɔman ahoɔden a yɛde kora aburoo sɛso nnuane no ho, sɛdeɛ ɛbɛyi nnɔbaeɛ a wɔtwa a ɛsɛe kwa no afiri hɔ, ama akuafoɔ nsa aka wɔn adwuma no ho mfasoɔ.	Government in 2022, completed 65 warehouses which added 80,000mt to the national grain storage capacity under the “One District One Warehouse” programme to address the persistent problem of post-harvest losses, and secure farmer income.
0.2574	0.6753	Afe 2023 mu no, Aban bɛwie Tamne afuo-so-nsuguguo dwumadie no ɔfa a ɛtɔ so mmiɛnsa no, atutu asutaeɛ wɔ Sunyeri, Tousal/Jeyiri, Tasundo ne Gilang na yɛatutu afuo-so-nsuguguo mmena wɔ mmeaeɛ afoforɔ a ɛbɛyɛ yie Vunania and Gilang.	In 2023, Government will complete Phase III of Tamne Irrigation Project, construct dams at Sunyeri, Tousal/Jeyiri, Tasundo and Gilang and develop irrigable areas at Vunania and Gilang.
0.7026	0.9692	Ɔyɛasaseyie a wɔmfraa mu ho anammɔntuo 34. Ɛsiane sɛdeɛ nnansa yi ɔyɛasaseyie a wɔafra mu (inorgani fertiliser) ho yɛɛ den ma ne ɛboɔ nso kɔɔ soro pa ara ɛsiane ewiase nyinaa mu ɔhaw a ɛrekɔ so no enti no, Aban apagya adwadifoɔ a wɔtɔn ɔyɛasaseyie a wɔmfraa mu (Organiɔ fertiliser) no kyɛfa a wɔwɔ mu sɛdeɛ ɛmma dodoɔ a ɛbɛhia no ntɔ sini.	Promotion of organic Fertilizer 34. Given the recent disruption in inorganic fertiliser supply chains and sharp increases in prices from the global crisis, Government has increased the quota for organic fertiliser suppliers to cover the shortfall in supply of inorganic fertilisers.
0.2377	0.8389	Saa anammɔntuo yi aboa ama kuayɛ akɔ nkan, ayi ɛkɔm afiri hɔ.	This initiative has improved food production and decreases the threat to food security.
0.2158	0.9897	Afe 2023 mu no, Aban bɛgye mmoa afiri EXIM sikakorabea (EXIM bank) no hɔ nam so asisi mfidie a wɔde yɛ ɔyɛasaseyie a wɔmfaa mu no bi afoforɔ, asane atrɛtrɛ deɛ ɛwɔ hɔ dada no mu.	In 2023, Government will facilitate the establishment and expansion of local organic fertilizer production plants with support from the EXIM bank.
0.3467	0.9053	Afe 2022 mu no, Aban gyinaa dwumadie a wɔato edin Nsuomnamyɛn a ɛma Nnuane ne Nnwuma nhyehyɛeɛ (Aquaculture for Food and Jobs, AFJ) no so, hyehyɛɛ nsuomnam adekoradeɛ dodoɔ ɔha aduonu ɛnan (124 holding facilities)nsuomnam asutaeɛ ɔha ne nwɔtwe ne nsuomnam ebuo edu nsia (108 ponds and 16 cages), maa nsuomnam aduane baage dodoɔ mpem Dunson, ahanan aduosia (17, 460,) sane de nsuomnam mma guguu akuo ne nnwuma ahodoɔ dodoɔ aduonu enum asutaeɛ ne akoradeɛ mu.	In 2022, Government under the Aquaculture for Food and Jobs (AFJ) Programme, constructed 124 holding facilities (108 ponds and 16 cages), provided 17,460 bags of fish feed, as well as stocked ponds and cages with fingerlings to 25 beneficiary institutions and groups.
0.6881	0.0007	Bio, yɛmaa nnipa dodoɔ ahanu aduonu ɛnan (294) nteteeɛ fa ɛkwan pa a yɛfa so yɛ kua ho, ɛnna nsuomnam akuafoɔ ahanan ne nwɔtwe (408) nso, yɛmaa wɔn nteteeɛ faa ɛkwan a yɛfa so yɛ nsuomnam aduane wɔ ɔman yi mu ho.	In addition, 294 beneficiaries were trained in fish farming practices while 408 fish farmers also received training in the formulation and preparation of local fish feed
0.4944	0.0194	Afe 2023 mu no, Aban bɛma akuhodoɔ bi nsa aka asutaeɛ a wɔde kley na anwono dodoɔ ahasa (300 earthen ponds), nsuomnam adekoradeɛ aduanan (40 cages) tapolin tanke aduonum mmienu (52 tarpaulin tanks) na wasane de nsuomnam aduane baage dodoɔ mpem aduasa enum ( 35,000), koobi (tilapia) ne adwene mma (catfish) ɔpepem mmiɛnsa (3 million) ama wɔn.	In 2023, Government will provide 300 earthen ponds, 40 cages and 52 tarpaulin tanks and supply 35,000 bags of fish feed, 3 million tilapia and catfish fingerlings to 50 beneficiary groups.
0.4756	0.0226	Kookoo ho Dwumadie 38. Kookoo dwumadie mu no, yɛmaa mmabunu dii dwuma ahodoɔ sɛ ebia nsiesie (rehabilitation), kookoo a yɛtwa gu sane dua (replanting), kookoo so adupeteɛ (mass spraying), ɔyɛasaseyie peteɛ (fertilizer application), ne kookoo nnua dodoɔ ho twitwa (mass pruning) so maa mmabunu dodoɔ mpem ɔha aduanan nson (147,000) nyaa adwuma yɛeɛ de sii akuraase kɔ kuro kɛseɛ mu akwantuo no ano.	Addition” 15 | Government of Ghana - 2023 Citizens’ Budget Cocoa Sector 38. Under the cocoa sector, 147,000 jobs were created through the implementation of various programmes such as rehabilitation, replanting, mass spraying, fertilizer application, and mass pruning to direct youthful energies into productive ventures and reduce rural-urban migration.
0.1988	0.1392	26 | Ghana Aban – 2023 Ɔman Mma Sikasɛm Nhyehyeɛ 39. Afe 2023 mu no, Aban bɛtoa dwumadie ahodoɔ yi so, nam so ama nnwuma aba, ama deɛ ɛwɔ hɔ dada no ase atim, nam so ate asodie a ɛda aban so fa nnwuma a ɛnni hɔ no so.	In 2023, government will continue implementation of these programmes, to create additional jobs and consolidate the already created jobs to lessen the unemployment burden on Government.
0.7040	0.9956	Ogyahoɔden 40. Sɛdeɛ ɛbɛyɛ na yɛbɛsi ogyahoɔden a yɛhwere wɔ ɛberɛ a yɛde anyinam ahoɔden rekɔ mmeammea a ɛhia wɔ ne kyɛ mu ano na ɛho nhyehyɛeɛ nyinaa bɛkɔ nkan enti no, yɛwiee, Firaw Mantam- Achimota anyinam ahoma ho dwumadie (161kV Volta-Achimota- Mallam Transmission Line Upgrade) no.	Energy 40. In order to reduce transmission and distribution system losses and improve transmission system reliability, the 161kV Volta- Achimota-Mallam Transmission Line Upgrade Project was completed and is in operation.
0.2539	0.3530	Sɛdeɛ ɛbɛyɛ na ɛnnuru afe 2024 no na Anyinam ahoɔden aduru Ɔman yi afanan nyinaa no enti, Ɛbɔ 2022 mu no, yɛtwaa mpɔtam dodoɔ ɔha aduonum nson (157) too Ɔman Anyinam ahoɔden nhoma no so bi nam so pagyaa anyinam ahoɔden akwannya a ɛwɔ ɔman yi mu no mu firi afe 2021 mu deɛ ɔha nkyɛmu aduɔwɔtwe nson akyiri pɔ mmiɛnsa (87.03%) no kɔduru ɔha aduɔwɔtwe nwɔtwe akyiri pɔ aduonum ɛnan (88.54%).	In line with Government’s vision to achieve universal coverage of electricity by 2024, 157 communities were connected to the national grid as of September 2022, increasing the national electricity access rate from 87.03 percent in 2021 to 88.54 percent.
0.3073	0.9893	Aban botaeɛ a ɛne sɛ ɔbɛma anyinam akɔ nkuro a nsuo atwa ho ahyia (supɔ) na ɛhɔ kɔ yɛ den no enti, yɛafiri aseɛ asisi ɛho mfidie mmiɛnsa wɔ Azizkpe, Aflive ne Alorkpem a ɛwɔ Ada Apueeɛ Mansini a ɛwɔ Nkran Mantam mu no mu.	As part of Government’s strategy to electrify island communities and hard-to-reach areas with renewable energy technologies, civil works on the construction of three mini-grids at Azizkpe, Aflive and Alorkpem Islands in the Ada East District of the Greater Accra Region have been completed.
0.2793	0.9443	Afe 2023 mu no, Aban bɛdi dwuma nam so de ahoboa a ɔreyɛ wɔ Nkran-Kumasi anyinam nhoma ne Atɔeɛ fam anyinam nhoma nsiesie dwumadie ho no aba awieeɛ, na wasane aboa ama 27 | Ghana Aban – 2023 Ɔman Mma Sikasɛm Nhyehyeɛ dwumadie a wɔato edin sɛ “Aban De Owia mu Anyinam Di Dwumadi “no afiri aseɛ.	"Addition” 16 | Government of Ghana - 2023 Citizens’ Budget 43. In 2023, Government will work to finalise preparations towards the Accra-Kumasi transmission line, the Western Corridor Transmission Upgrade Project as well as support the ""Government Goes Solar"" project for implementation."
0.5175	0.9341	Aban bɛgyina nhyehyɛeɛ a wɔato edin “SHEP-4”, “SHEP-5” ne “Turkey dwumadie” no so atwe anyinam nhoma akɔ nkuro ahanan (400) afoforɔ bi so wɔ afe 2023 mu. Nkuro ahodoɔ bi a ɛwɔ Ahafo, Asante, Bono, Atifi, ne Atifi Apueeɛ Amantam mu nsa bɛka bi.	Government will connect an additional 400 towns under the SHEP- 4, SHEP-5 and Turnkey Projects in 2023 including electrification in selected communities in Ahafo, Ashanti, Bono, Northern, and Upper East Regions.
0.4247	0.9751	Aban bɛfiri aseɛ akyekyɛ abɛɛfo lɔre akwan ho owia mu anyinam nkanea no (all-in-one solar street lighting) akokɔ Nkuropɔn, Nkuro, ne Mansini ahodoɔ no mu.	Government will also commence the deployment of all-in-one solar street lighting in Metropolitan Municipal District Assemblies (MMDAs) across the country.
0.3136	0.0310	28 | Ghana Aban – 2023 Ɔman Mma Sikasɛm Nhyehyeɛ Adwumanya ho Nhyehyɛeɛ 45. Ɛduruu Ahineme 2022 mu no, na Mmabunu Adwumanya Adwumakuo (Youth Employment Agency) no, agyina ne nkorabata ahodoɔ no so afa nnipa dodoɔ Mpem aduɔwɔtwe, ahanson aduasa enum (80,735).	Employment Drive 45. As at October 2022, the Youth Employment Agency (YEA) had engaged 80,735 beneficiaries under its various modules.
0.5159	0.0016	Afe 2022 mu, Aban faa Ɔman Adwumanya ho ɛkwan foforɔ nhyehyɛeɛ (National Alternative Employment and Livelihood Programme (NAELP); no so tuu anammɔn a ɛdidi soɔ yi: Siesiee nsase a asɛe, sane duaa nnua wɔ asase dodoɔ hɛkta ahansia aduanan enum (645) so nam so maa adwumanya ho akwannya dodoɔ mpem mmienu ahasa.; na afei Guu nnua aba dodoɔ ɔpepem aduonu (20 million) de boaa Afuoyɛ Mpontuo Dwumadie (plantation development programme) no nam so maa mmabunu mpem aduɔwɔtwe aduɔson baako (80,071) a wɔwɔ Akotom, Adinkra, Techire, Akwatiakwaso, Fufuo ne Hohoe mu nyaa afebɔɔ ne animanim yi ara nnwuma (permanent and casual jobs) yɛeɛ.	In Government through the National Alternative Employment and Livelihood Programme (NAELP); reclaimed and reforested 645 hectares of degraded lands, and thus, creating over 2,300 direct jobs; and nursed 20 million economic seedlings to support the plantation development programme, creating 80,071 permanent and casual jobs for the youth in Akotom, Adinkra, Techire, Akwatiakwaso, Fufuo and Hohoe.
0.3635	0.0007	Afe 2023 mu nso, Aban bɛkɔ so ayɛ deɛ ɛdidi soɔ yi: Bɛduadua nnua nam so asiesie asase hekta dodoɔ apem (1000) a asɛe wɔ mpɔtam pɔtee ahodoɔ bi mu, atintim nnua a wɔtumi nya mu sika sɛ ebia kube, abɛ, sitrɔs (ankaa) ne amango dodoɔ ɔpepem de aboa ama afuoyɛ mpontuo (plantation development) akɔ nkan asane de asi nnua dodoɔ a wɔatwitwa anan mu; Bɛbuebue beaeɛ ahodoɔ edu a wɔtintim nnua nketewa nam so ama nnipa dodoɔ mpem ɔha anya nnwuma ayɛ; na afei Yɛbɛma wɔn a wɔyɛ galamsey seesei ne wɔn a wɔnya bi a wɔbɛyɛ dodoɔ mpem aduonu (20,000) ne fam agudeɛtuo adwuma nketewa dodoɔ ahanu (200 small-scale mining companies) nteteeɛ afa fagudeɛtuo ho apɔmuden ho (mine health), ahobanbɔ nhyehyɛeɛ (safety standard) ne ɛkwan	In 2023, Government will continue to: Reclaim and stabilise 1000 hectares of degraded lands in selected communities, nurse 1 million economic trees such as coconut, oil palm, citrus and mango to support plantation development and re-afforestation; Establish at designated locations 10 seedlings nursery centres thus, creating 100,000 direct jobs; and train 20,000 illegal miners and potential illegal miners, 200 small-scale mining companies in mine health, safety
0.2928	0.1935	29 | Ghana Aban – 2023 Ɔman Mma Sikasɛm Nhyehyeɛ foforɔ ne ɛkwan pa a wɔtumi fa so yɛ fagudeɛtuo dwumadie mu ho.	Addition” 17 | Government of Ghana - 2023 Citizens’ Budget standard and the use of alternative safer and sustainable methods of ore extraction in small scale mining.
0.5176	0.0524	30 | Ghana Aban – 2023 Ɔman Mma Sikasɛm Nhyehyeɛ Wo-deɛ-hyɛ-aseɛ Dwumadie (YouStart) 48. Ɛyɛ aban anisoadehunu sɛ afe 2022-2025 mu no ɔbɛfa “wodeɛ- hyɛ-aseɛ dwumadie” no so ama mmabunu bosea a nsiho biara nni ho, ama wɔde abuebue nnwuma dodoɔ ɔpepem baako (one million jobs).	YouStart 48. Government intends to create a minimum of one million jobs for the youth over the period 2022-2025 through the provision of soft loans for the setting-up of youth-led enterprises under the YouStart programme.
0.4554	0.9697	Saa dwumadie yi a ɛwɔ hɔ mfeɛ mmiɛnsa ntam yi aboa nnwuma a mmabunu na wɔdi anim (wɔn a wɔnni mmoroo mfeɛ aduanan (40 years) ne Nnwuma Nketewa ne Adantam (Small Medium Enterprises ,SMEs) aduɔson ama wɔn nsa aka mmoa sɛ ebia dwumadie ho nimdeɛ (capacity building), adwadifoɔ ho akwannya (access to markets), adwuamayɛ ho mmara-so-die ne adwadeɛ mudie.Sika dodoɔ a yɛakyekyɛ wɔ dwumadie yi mu yɛ Ghana sidi ɔpepem baako, mpem aduɔkron nwɔtwe (GH¢1.98 million).	The 3-year programme which offers support to youth-led (below the age of 40 years) Small Medium Enterprises (SMEs) with services such as capacity building, access to markets, compliance and quality assurance support has been successfully piloted with 70 beneficiaries, with an amount of GH¢1.98 million disbursed.
0.7620	0.9717	Aban ne Ɔman Ghana Sikakorabea Nyinaa Nkabom Ekuo (Ghana Association of Banks (GAB) ne Dwadie Banke ahodoɔ dubaako eleven (11) commercial banks) de nsa ahyɛ nteaseɛ apam ase fa wo-deɛ-hyɛ-aseɛ (Youstart) dwumadie no ho.	Government has signed a Memorandum of Understanding (MoU) with the Ghana Association of Banks (GAB) and eleven (11) commercial banks for implementation of the YouStart commercial programme.
0.4065	0.9956	Ɛnam yei so enti sikakorabea ahodoɔ dubaako de sika dodoɔ, Ghana sidi ɔpepempem baako, ɔpepem ɔha aduosia nkron (GH¢1.169 billion) a ɛgyina hɔ ma sika dodoɔ a wɔatwa ato hɔ ama dwumadie no mu ɔha mu nkyɛmu aduasa.	Consequently, the banks have committed a total of GH¢1.169 billion, which represents 30% of the funding portfolio, for the programme.
0.4310	0.0674	31 | Ghana Aban – 2023 Ɔman Mma Sikasɛm Nhyehyeɛ Ghana Nnuadua dwumadie a ɛbɛsi ewiem nsakraeɛ ho ɔhaw ano 51. Afe 2022 mu no, yɛgyinaa dwumadie a wɔato edin” Ghana Nnuadua Ɛda” no so kyekyɛɛ nnua nketewa dodoɔ ɔpepem aduonu nsia, mpem aduonum enum (26.55 million seedlings) na wɔatumi atintim emu dodoɔ ɔpepem aduonu ɛnan , mpem aduanan ɛnan (24.44 million).	Addition” 18 | Government of Ghana - 2023 Citizens’ Budget Green Ghana to address Climate Change 51. In 2022, about 26.55 million seedlings were distributed under the Green Ghana Day initiative out of which 24.44 million seedlings have been planted.
0.8036	0.9438	Bio, yɛkyekyɛɛ nnua nketewa a ofram, emire, wawa, kokrodua, teak, cedrela, gmelina, cassia, eucalyptus ne mahogany ka ho bie dodoɔ ɔpepem dummienu ne mpem nkron (12.9 million) ma wɔduaeɛ.	In addition, 12.9 million seedlings, including ofram, emire, wawa, kokrodua, teak, cedrela, gmelina, cassia, eucalyptus and mahogany species were supplied and planted.
0.6963	0.9873	Ghana Nnuadua Ɛda (Green Ghana Day) 52. Yɛgyinaa Ɔman Nnuadua Dwumadie no so duaa nnua hɛkta dodoɔ mpem dubaako ne ahansia aduokron mmienu (11,692ha) a annuru hɛkta mpem dunson (17,000ha) a yɛyɛɛ adwene sɛ anka yɛbɛdua no.	Green Ghana Day 52. A total area of 11,692ha forest plantation was established against a revised target of 17,000ha under the National Afforestation Programme.
0.1719	0.0025	Afe 2023 mu Ghana Nnuadua Ɛda no, yɛbɛdua nnua nketewa dodoɔ ɔpepem aduonu.	In 2023, about 20 million seedlings will be planted as part of the Green Ghana Day.
0.4220	0.5986	Ɛsiane nsunsuansoɔ bɔne a Ewiem “ɔhyewdenden” (Global warming) de ba apɔmuden, nnuane ne Aman ahodoɔ a saa ɔhyew no ano yɛ den wɔ so dada sɛ ebia Ghana no sikasɛm mpontuo so no ama ɔhaw kɛseɛ abɛtɔ ewiase sikasɛm so.	Global warming poses major threats to the world economy given its negative impacts on health, food and directly to the economies of climate vulnerable countries like Ghana.
0.4393	0.4316	Amaneɛbɔ bi a atɔ edwa wɔ deɛ wɔato edin sɛ V20 Adehwere ne Ɔsɛeɛ ho amaneɛbɔ 32 | Ghana Aban – 2023 Ɔman Mma Sikasɛm Nhyehyeɛ (“V20 Loss and Damage Report) no mu kyerɛ sɛ ɛfiri afe 2000 kɔsi 2019 mu no, ɛsiane ewiem nsakraeɛ ho nsunsuansoɔ enti, Ghanaman nko ara hweree dɔla ɔpepepem dunum, ɔpepem ahanu ne baako, ahansia aduɔkron enum ($15,200,001,695).	According to the V20 Loss and Damage Report, Ghana alone lost $15,200,001,695 from 2000 to 2019 to climate change.
0.2568	0.2249	Aban bɛkɔ so atu nnɔbaeɛ ahodoɔ a ɛtumi gyina ɔpɛ ano ho anammɔn, nam so de aboa ɔpɛ anogyina nhyehyɛeɛ, na ɔde sika ahyɛ afuo-so-nsuguguo (irrigation) ho akadeɛ mu wɔ Ɔman yi afanan nyinaa, na wahyɛ nkuran ama nnipa dodoɔ de wɔn ho ahyɛ ntɔtemmoayɛn mu sɛdeɛ wɔn sikasɛm nnyinasoɔ bɛkɔ nkan asane abrɛ ɔhaw a ɛba ɛsiane ewiem nsakraeɛ a ɛsɛe mfudeɛ enti no.	Government will continue to pursue the development of droughttolerant crop varieties as an important climate adaptation measure and invest in irrigation infrastructure across the country
0.4477	0.6338	Nsuo ne Ahonnidie 56. Afe 2022 mu no, yɛdii Mansini enum Nsuo dwumadie (Five Districts Water Supply Scheme) a ɛwɔ Firaw Mantam mu (Deɛ ɛtɔ so mmiɛnsa 3), a wɔsane frɛ no STRABAG NSUO DWUMADIE (STRABAG Water Project) a ɛde paapo nsuo kɔ Anyigbe; Agotime-Ziope; Central Tongu; Ho Atɔeɛ ne Tongu Atifi mansini no ho dwuma ma ɛkɔduruu ɔha mu nkyɛmu aduɔkron enum.	Water and Sanitation 56. In 2022, the Five Districts Water Supply Scheme in the Volta Region (Phase 3), also known as the STRABAG Water Project which serves Adaklu Anyigbe; Agotime-Ziope; Central Tongu; Ho West and North Tongu Districts is 95 percent complete.
0.6740	0.4431	Yɛwie ɛho dwumadie nyinaa a, mpɔtam dodoɔ ahanan aduonu ɛnan (424) ne nnipa dodoɔ mpem ahanu aduasa ɛnan (234,000) na wɔbɛnya ɛso mfasoɔ.	When fully completed, 424 communities and a population of over 234,000 will benefit from the project.
0.3997	0.4680	Aban toaa so dii Mpoano Banbɔ Dwumadie (Coastal Protection Works) no ho dwuma de bɔɔ atenaeɛ ahodoɔ a ɛbɛn ɛpo ho no ho ban firii asorɔkye kunini mu, sane faa so yii ɔmanfoɔ firii asorɔkye ho asiane mu, maa asetena kɔɔ nkan, bɔɔ agyapadeɛ ho ban.	Government continued with the coastal protection works to protect settlements against beach erosion and flooding while protecting lives, livelihood and properties from tidal wave action.
0.5785	0.8770	Dansoman (Ɔha mu nkyɛmu aduɔkron nson) (97%), Komenda (Ɔha mu nkyɛmu aduɔkron enum) (95%), Elmina (ɔfa a ɛtɔ so mmiɛnsa- Ɔha mu nkyɛmu aduɔkron mmienu) (92%), Cape Coast -Ɔha mu nkyɛmu aduɔwɔtwe) (80%) ne Anomabu- Ɔha mu nkyɛmu aduɔson enum (75%), Dixcove- Ɔha mu nkyɛmu aduanan (40%) Aboadze -ɔfa a ɛtɔ so mmienu -Ɔha 33 | Ghana Aban – 2023 Ɔman Mma Sikasɛm Nhyehyeɛ mu nkyɛmu aduanan enum (45%) ne Ningo-Prampram -Ɔha mu nkyɛmu aduonum (50%).	The Dansoman (97%), Komenda (95%), Elmina Phase III (92%), Cape Coast (80%) and Anomabu (75%), Dixcove (40%) Aboadze Phase II (45%) and Ningo-Prampram (50%) coastal protection projects are currently under various stages of completion.
0.4714	0.9873	Afe 2023 mu no, Aban bɛtoa dwuma ahodoɔ a wafiri aseɛ no so, na afei wafiri Mpoano Banbɔ Dwumadie afoforɔ ase wɔ Blekusu (Ɔfa a ɛtɔ so mmienu), Apam, Axim (Ɔfa a ɛtɔ so mmienu), La ne Teshie, Dansoman (Ɔfa a ɛtɔ so mmienu), Shama, Ningo- Prampram (Dwumadie 2), Tema New Town, Anloga, Takoradi ne Maritime Asuapɔn Mpoano Banbɔ Dwumadie (Maritime University Coastal Protection Projects).	In 2023, Government will continue with the implementation of the ongoing projects and also, commence additional coastal protection works at Blekusu (Phase II), Apam, Axim (Phase II), La and Teshie, Dansoman (Phase II), Shama, Ningo-Prampram (Section 2), Tema New Town, Anloga, Takoradi and Maritime University Coastal Protection Projects.
0.2179	0.0144	Lɔre Akwan 59. Afe 2022 mu no, yɛgu so redi dwuma afa La Mpoano ɛkwan a Nkran Tema Mpoano ɛkwan nsiesie ne Nungua Barrier ɛkwan nsamsoɔ abɔntasa ka ho bie no ho dwuma.	Addition” 20 | Government of Ghana - 2023 Citizens’ Budget Road Sector 59. In 2022, works on the La Beach Road Project which involves improving capacity along the Accra Tema Beach Road and the construction of a 3-tier interchange at Nungua Barrier are ongoing.
0.9390	0.9956	La Beach Road Completion Project	La Beach Road Completion Project
0.4657	0.1870	Aban anisoadehunu a ɛne sɛ ɔbɛma lɔre akwan ayɛ abɔnta ama lɔrekwan ho banbɔ ase atim enti no, wafiri akwan a ɛka nkuro mmienu bɔ mu (trunk roads) a ɛdidi soɔ yi ho dwumadie ase: Tema – Aflao, Tema – Akosombo akwan no; ɔresiesie Assin Fosu – Assin Praso akwan a wɔnam so bɛma Assin Fosu kurom akwan dodoɔ kilomita baako akyiri pɔ mmienu (1.2km) bɛyɛ akwan abɔntanan no, keteke akwan ase nsamsoɔ ne Assin Fosu ne Assin Praso kurom nsuka ahodoɔ nsisie.	As part of Government efforts to dualise and improve safety along major trunk roads: works have started on the Tema – Aflao and the Tema – Akosombo roads; the rehabilitation of Assin Fosu – Assin Praso road involving the dualisation of 1.2km of Assin Fosu township roads into a 4-lane carriageway; the reconstruction of the railway underpass bridge; and the reconstruction of drainage structures between Assin Fosu and Assin Praso.
0.4167	0.4836	Yɛgu Obetsebi Lamptey kanko abɔnta nsamsoɔ no ne ne nsiesie no ɔfa a ɛtɔ so mmienu no so.	Works on Phase II of the Obetsebi Lamptey Circle Interchange and ancillary works are ongoing.
0.1809	0.9907	Bio seesei a yɛawie Tema Motorway kanko no ɔfa a ɛdi kan no, ɔfa a ɛtɔ so mmienu no a emu dwumadie ne nsamsoɔ no abɔntasa ho dwumadie no bɛhyɛ aseɛ.	Additionally, with Phase I of the Tema Motorway Roundabout completed, Phase II, which involves the construction of the 3rd tier of the interchange, will commence.
0.2654	0.7373	Obetsebi Lamptey ɛkwan no ɔfa a ɛtɔ so mmienu	Obetsebi Lamptey Ph. 2
0.6788	0.9897	Amantam mu ne Amantam ntam akwan ho dwumadie no a yɛfirii aseɛ wɔ afe 2019 no mu biara aduru mpɛmpɛnsoɔ a ɛkɔ nkan.	The Critical Regional and Inter-Regional Road Projects initiated in 2019 are at various stages of completion.
0.6714	0.0523	Deɛ yɛatumi awie no na ɛdidi soɔ yi: Dwumadie no edin Mantam Ne tenten (km) Osiem - Begoro ɛkwan nsiesie- ekuo 5 Apueeɛ Golokwati-Wli ɛkwan mu mpagya (km10km27) Firaw, Nsuta – Beposo, mu mpagya ekuo 3 Ashanti Nkonya Wrumpong – Kwamikrom nsiesie Oti Bawjiase - Adeiso so dwumadie kar mfimfini Tamale - Salaga Road - ɛkwan so anweaguo ekuo 1 Atifi	Project Name Region Length (km) Reconstruction of Osiem - Begoro Road - Lot Eastern Upgrading of Golokwati-Wli Road (km10km27) Volta km, Upgrading of Nsuta – Beposo, Lot 3 Ashanti Rehabilitation of Nkonya Wrumpong - Kwamikrom Oti Partial Reconstruction of Bawjiase - Adeiso Central Resealing of Tamale - Salaga Road - Lot 1 Northern
0.4017	0.2227	35 | Ghana Aban – 2023 Ɔman Mma Sikasɛm Nhyehyeɛ 63. Lɔre akwan ahodoɔ a ɛho dwumadie akɔ anim no bi ne: Sn.	Addition” 22 | Government of Ghana - 2023 Citizens’ Budget 63. Other road projects which have achieved significant progress include:
0.8020	0.2722	Dwumadie edin Mantam Ne tenten (km) Mpɛmpɛnsoɔ Navrongo - Naga ɛkwan nsesie (km 2.7 - km 42.2) - Lot 1 Apueeɛ Atifi Wa-Bulenga-Yaala kwan (Km 6.0- km 37.0) - ekuo 1 Atɔeɛ Atifi Salaga - Ekumdipe - Kpandai kwan nsesie (Km 26.7 - km 45.3) ne Kpandai - Nkanchina ɛkwan(10.8km) - ekuo 2 Atifi Yagaba - Mankarigu ɛkwan nsesie (Km 12.0 - km 24.0) ne Mankarigu - Nawuni ɛkwan nsiesie (Km 0.0 – km 17.5) ekuo 4 Atifi Apueeɛ Daboya - Mankarigu ɛkwan nsesie (Km 30.0 - km 63.1) - ekuo 5 Savanna Atebubu – Kwame Danso akwan nsiesie Bono Apueeɛ Anwiankwanta – Obuasi ɛkwan nsiesie Ashanti Nalerigu – Gbintri ɛkwan nsiesie (Km 6.0 – km 46.0) - ekuo 2 Atifi Apueeɛ New Abirem – Ofoasekuma ɛKwan (Km 0.0 - km 33.2) - ekuo 2 Apueeɛ Bogoso – Insu Siding-Huni Valley ɛkwan nsesie - ekuo 4 Atɔeɛ Sefwi Wiawso - Akontombra ɛkwan nsesie (Km 0.0 - km 15.0) - ekuo 2 Atɔeɛ Atifi Akrodie - Sayereso ɛkwan nsiesie (Km 0.0 - km 20.0) - Lot 1 Ahafo Menji – Bui ɛkwan nsiesie (Km 0.0 – km 30.0) - ekuo 1 Bono Nkran Mantam mu akwan pɔtee bi nsiesie Nkran	Project Name Region Length (km) Sept. Progress Upgrading of Navrongo - Naga Road (km 2.7 - km 42.2) - Lot 1 Upper East Upgrading of Wa-Bulenga-Yaala Road (Km 6.0- km 37.0) - Lot 1 Upper West Upgrading of Salaga - Ekumdipe - Kpandai Road (Km 26.7 - km 45.3) and Kpandai - Nkanchina Road (10.8km) - Lot Northern Upgrading of Yagaba - Mankarigu Road (Km 12.0 - km 24.0) And Upgrading of Mankarigu - Nawuni Road (Km 0.0 – km 17.5) - Lot 4 North East Upgrading of Daboya - Mankarigu Road (Km 30.0 - km 63.1) - Lot 5 Savannah Rehabilitation of Atebubu – Kwame Danso Roads Bono East Upgrading of Anwiankwanta – Obuasi Road Ashanti Upgrading Of Nalerigu – Gbintri Road (Km 6.0 – km 46.0) - Lot 2 North- East Rehabilitation Of New Abirem – Ofoasekuma Road (Km 0.0 - km 33.2) - Lot 2 Eastern Upgrading of Bogoso – Insu Siding-Huni Valley Road - Lot 4 Western Upgrading of Sefwi Wiawso - Akontombra Road (Km 0.0 - km 15.0) - Lot 2 Western North Upgrading of Akrodie - Sayereso Road (Km 0.0 - km 20.0) - Lot 1 Ahafo Upgrading Of Menji – Bui Road (Km 0.0 – km 30.0) - Lot 1 Bono Rehabilitation of selected roads in Greater Accra Greater Accra
0.5641	0.2058	36 | Ghana Aban – 2023 Ɔman Mma Sikasɛm Nhyehyeɛ Nwomasua 64. Aban botaeɛ a ɛne sɛ ɔbɛma sukuu ahodoɔ ne Nwomasua ɔfese nyinaa nsa aka akadeɛ dodoɔ a wɔbɛhia ama wɔn dwumadie akɔ nkan enti no, Aban tɔɔ 66 sita bɔɔs ɔha aduɔson enum (66-seater Buses), Pick-Up ahyɛn aduɔson baako (71 Pick-Ups) ne trakta mmienu (2 Tractors) kyekyɛ maa Ntoasoɔ sukuu (Senior High Schools) ne Nsaanodwumasua ne Nteteeɛ sukuu ahodoɔ (Technical and Vocational Education and Training Institutes (a wɔwɔ Ɔman yi mu no.	Addition” 23 | Government of Ghana - 2023 Citizens’ Budget Education 64. In line with Government’s commitment to ensuring that adequate logistics are available for effective and efficient administration of schools and educational directorates, Government procured and distributed 175 (66-seater) Buses, 71 Pick-Ups and 2 Tractors to Senior High Schools and Technical and Vocational Education and Training Institutes across the country.
0.4862	0.9092	Afe 2022 mu no, Aban faa Mpɔtam Mpontuo ne Nsaanodwumasua sukuu ahodoɔ aduonu nkron so ( 29 Community Development and Vocational Technical Institutes) tetee mmarima mpem mmiɛnsa ahanson ne aduonu ɛnan (3,724) ne mmaa mpem mmiɛnsa ahanson ne dunum (3,715) wɔ nsaanodwuma mu sɛdeɛ wɔn nimdeɛ bɛkɔ nkan ama wɔanya nnwuma ayɛ anaa abuebue wɔn ara wɔn nnwuma afa so abrɛ ohia ase.	In 2022, Government trained 3,724 male and 3,715 female artisans in 29 Community Development and Vocational Technical Institutes to sharpen their technical and vocational skills for employment and job creation opportunities as well as reduce poverty.
0.7137	0.9907	Bio, yɛtetee mpɔtam adekyerɛfoɔ dodoɔ ahanu aduanan nwɔtwe (248 community educators) wɔ mpɔtam mpontuo ne Asetena mu banbɔ ho nimdeɛ mu wɔ Kwaso Mpɔtam Mpontuo kɔlegyi hɔ sɛdeɛ wɔbɛnya nimdeɛ de aboaboa mpɔtamfoɔ ano ama wɔatu mpontuo ho anammɔn.	Additionally, 248 community educators were trained in community development and social protection at the Rural Development College in Kwaso to help mobilize communities for development activities.
0.7186	0.7500	Afe 2023 mu no, Aban bɛtete Mpɔtam Adekyerɛfoɔ dodoɔ ahanum wɔ Asetenam Banbɔ ne Mpɔtam Mpontuo ho (500 Community Educators in Social Protection and Community Development) asane ahyehyɛ nteteeɛ foforɔ koraa afa nimdeɛ a ɛma adwumanya ɛkwan bue a ɛnyɛ afuoyɛ ho sɛ ebia saminayɛ, anaa kentenwono ne aboa nwoma ho	Government in 2023 will train 500 Community Educators in Social Protection and Community Development and develop new training modules on non-farm job opportunities such as soap making, kente weaving and leather works to promote local economic development and income generation.
0.6925	0.9941	Apɔmuden 68. Atiridii yadeɛ gu so ka yadeɛ edu a ɛkum nnipa pa ara wɔ Ghana no ho.	Health 68. Malaria continues to be amongst the top ten killer diseases in Ghana.
0.3794	0.9912	Yei enti sɛdeɛ ɛbɛyɛ na Aban bɛtu atiridii yadeɛ ase no, ɔde afidie bi a wɔfrɛ no “LSM Implement app” a ɛtumi kyerɛ baabi a ntontom dɔre ma wɔhye wɔn ase wɔ Mansini ahodoɔ mu aba.	Thus, as part of Government’s efforts to eliminate malaria, an application (LSM Implement app) for mapping and treatment of mosquito breeding sites in the districts has been rolled out.
0.3712	0.9922	Ho Nteteeɛ Ayaresabea no (Ho Teaching Hospital) nso de afidie bi a wɔfrɛ no CT-Scan ne deɛ wɔfrɛ no “endoscopy” a ɛtumi hwehwɛ nnipadua mu nyinaa aba, asane de ɛhyɛn a wɔtumi de di akɔneaba kɔsa yareɛ (mobile clinic van) aba de kyinkyini kokɔ mmeaɛmmeaɛ de boa ayaresa.	The Ho Teaching Hospital introduced CT-Scan and endoscopy services and acquired a mobile clinic van to support outreach services.
0.4056	0.4922	Afe 2022 mu no, Aban wiee dwumadie ahodoɔ a ɛdidi soɔ yi: Mpɔtam ayaresabea ahodoɔ a ɛwowɔ (CHPS compounds) Debiso, Nsutam, ne Tiawia; Mansini ayaresabea wɔ Konongo; Ayaresa ne ahomegyeɛ beaeɛ (treatment and holding centres) wɔ Aflao, Elubo, Keta, Kumasi Anafoɔ, ne Sewua; ne ahododoɔ Beaeɛ (Fevers Unit) ne COVID-19 ɔhwɛ beaeɛ (Isolation Centre) wɔ Korle Bu.	In 2022, Government completed the following projects: construction of CHPS compounds at Debiso, Nsutam, and Tiawia; a district hospital at Konongo; treatment and holding centres at Addition” 24 | Government of Ghana - 2023 Citizens’ Budget Aflao, Elubo, Keta, Kumasi South, and Sewua; and Fevers Unit and COVID-19 Isolation Centre at Korle Bu.
0.1768	0.9790	Afe 2023 mu no, aban bɛkɔ so ayɛ apɔmuden adwumayɛfoɔ a yɛde wɔn kɔ amannɔne no ho nhyehyɛeɛ pa nam so awie nteaseɛ Apam a ɔne Nyiresi Aban (United Kingdom) reyɛ afa wɔn ho no.	In 2023, Government will continue to regularise the exportation of health professionals by concluding on the Memorandum of Understanding between the Governments of Ghana and the United Kingdom.
0.7255	0.0662	Aban bɛtoa adwuma a ɔredi fa Ɔman Paneɛwɔ Adwumakuo (National Vaccine Institute) ne Ghana Adwumakuo a ɛbrɛ Nyarewa ase (National Vaccine Institute and Ghana) no so .Bio afe 2023 mu no, ɔbɛhwɛ de atiridii mpaneɛ ho aduro aba nam so abrɛ owuo dodoɔ ano ase wɔ Ɔman yi mu.	Government will continue with the establishment of the National Vaccine Institute and Ghana Centre for Disease Control. Additionally, malaria vaccines will be introduced in 2023 to reduce high mortality rate in the country.
0.6281	0.0007	Nnipa ho Banbɔ 72. Afe 2022 mu no, Aban faa nnipa dodoɔ mpem enum (5,000) wɔ Ghana Police Adwuma no mu de hyɛɛ ne botaeɛ a ɛne sɛ ɔbɛma	Human Security 72. Government in 2022 recruited 5,000 personnel into the Ghana Police Service as part of its drive to improve manpower of security personnel and contribute towards the maintenance of law and order.
0.7513	0.3186	Polisi Adwumakuo no tee deɛ yɛfrɛ no Nsɛm A ano yɛ den Nkorabata” (“Cold Cases Unit”) wɔ Awurakasɛm Nhwehwɛmu Adwumam (Criminal Investigations Department) (CID) hɔ, maa polisifoɔ a wɔtumi ko tia korɔnobɔ a etuo da so dii dwuma (Anti- Armed Robbery Taskforce) (AATF), tee ɔfa bi a emu polisifoɔ de moto kɔ aporɔ wɔ nkuro akɛseɛ pɔtee bi mu, (Motorbike Patrol Unit), wɔhyɛɛ adwuma no fa bi a ɛkɔ aporɔbɔ (Police Mounted Squadron and a Canine (K-9) no ase.	The Service established the Cold Cases Unit at the Criminal Investigations Department (CID), deployed specialised Anti- Armed Robbery Taskforce (AATF), created a Motorbike Patrol Unit in selected major cities, introduced a Police Mounted Squadron and a Canine (K-9) unit for patrols.
0.1985	0.4534	Mmara a wɔde tee polisi adwuma no ma ho ɛkwan ma wɔyɛ saa nhyehyɛeɛ pa ahodoɔ yi nyinaa nam so ma banbɔ di mu. Aban toaa ahobammɔfoɔ Adan nhyehyɛeɛ no fa a ɛtɔ so mmiɛnsa ho dwumadie no a wɔnam so bɛsi polisi Adwuma no adankora ahasa aduonu wɔ Ghana National Police Training School, Tesano no so.	These innovations are in line with their mandate to promote internal security in the country. 74. Government continued works on Phase III of the Security Services Housing Programme which comprises the construction of 320 units for the Ghana Police Service at the Ghana National Police Training School, Tesano.
0.6961	0.9922	Aban nam Aban Atoyerɛkyɛm Ntotoeɛ Adwumakuo (National Disaster Management Organisation (NADMO) no so boaa wɔn a atoyerɛnkyɛm too wɔn dodoɔ mpem dunum ahanson aduɔson mmienu (15,772).	Government through National Disaster Management Organisation (NADMO) supported 15,772 disaster victims.
0.2201	0.0032	39 | Ghana Aban – 2023 Ɔman Mma Sikasɛm Nhyehyeɛ Bɛma polisifoɔ dodoɔ apem ahanum (1,500) de kaa dodoɔ ɔha (100) abɔ aporɔ wɔ mpɔtam ahodoɔ ne kwantempɔn so de asi korɔnobɔ a etuo da so no ano; ne afei	Addition” 25 | Government of Ghana - 2023 Citizens’ Budget 76. In 2023, the Police Service will undertake the following: establish Formed Police Unit (FPUs) in 16 police regions to ensure effective and efficient public order and crowd control; re-train and retool the existing Crime Combat and Action Units to be proactive in fighting violent crime such as armed robbery; deploy 1,500 men with 100 vehicles to increase patrol duties in the communities and on the highways to curb the rising spate of armed robbery; and expand Traffic Surveillance Centres to all the 18 Police Regions to ensure efficient and effective traffic management to reduce indiscipline and carnage on our roads.
0.3692	0.2637	Aban bɛtoa Ɔman nkyerɛkyerɛ Dwumadie a ɛfa sɛdeɛ wɔbrɛ atoyerɛnkyɛm ano ase no so, ayere dawurobɔ dwumadie a ɛfa asasewosoɔ ho no mu, ayɛ nhyehyɛeɛ a ɛnam so bɛbɔ amaneɛ ntɛm so afa nsuyire ho wɔ amantam ne mansini bi mu ho, sɛdeɛ ɛbɛyɛ a atoyerɛnkyɛm rebɛsi a wɔbɛhunu no ntɛm so.	Government will also continue public education campaigns on disaster risk reduction, intensify sensitization programmes on earthquake, strengthen community resilience for early warning by setting up flood information system in selected regions and districts.
0.7554	0.8813	Banbɔ Adwumayɛfoɔ Adansie Dwumadie (Phase IV of the Security Services Housing Programme) no fa a ɛtɔ so ɛnan no bɛfiri aseɛ ama Ghana Afiase Adwumakuo (Ghana Prisons Service.) no wɔ afe 2023 mu.	Work on the Phase IV of the Security Services Housing Programme will commence in 2023 for the Ghana Prisons Service.
0.7478	0.9634	Nsrahwɛ 79. Aban bɛfa Nsrahwɛ Adwumakuo (Ghana Tourism Authority) (GTA) no so, agyina nhyehyɛeɛ a wɔato edin hunu Ghana (See Ghana), di Ghana aduane (Eat Ghana), Hyɛ Ghana (Wear Ghana atadeɛ) ne Nya atenka ma Ghana (Feel Ghana’) nhyehyɛeɛ no so ahyehyɛ dawubɔ dwumadie nam so ahyɛ nkuran afa hia a ɛhia sɛ yɛtɔ Ghana nneɛma ho.	Tourism 79. Government under the Ghana Tourism Authority (GTA) will mount an aggressive awareness programme under its ‘See Ghana, Eat Ghana, Wear Ghana and Feel Ghana’ campaign to encourage patronage of made in Ghana products in the tourism and hospitality industry.
0.3742	0.7461	Aban ne ahɔhogyebea wuranom ne aduanenoafoɔ bɛdi nsawɔsoɔ ama wɔatɔn ɔman yi mu nnuane ne anonneɛ, de ɔman mu adwinneɛ, nkonnwa ne ahyehyɛdeɛ asiesie atenaeɛ a wɔdi dwuma hɔ no sɛdeɛ ɛbɛte nneɛma a wɔkra firi amannɔne wɔ wɔn dwumadie no mu. Ɛsiane Aban nhyehyɛeɛ a ɛwɔ hɔ fa sika a wɔde hyɛ nnwuma mu ne ankorankorɛ hyɛ a wɔde wɔn ho hyɛ nsrahwɛ beaeɛ ahodoɔ	Government will engage with hoteliers and restauranteurs to serve local food and beverages, use local artefacts, furniture and fixtures, in the interior decoration of hospitality outlets in order to reduce the import component of inputs for the operation of businesses in the sector.
0.2960	0.4863	40 | Ghana Aban – 2023 Ɔman Mma Sikasɛm Nhyehyeɛ mpontuo mu no enti, Ghana Nsrahwɛ Adwumakuo no ne Adwumakuo a wɔfrɛ no Ghana Investment Promotion Centre (GIPC) no bɛka abɔ mu adi dwuma ayɛ nhyehyɛeɛ a ɛbɛtwe Ɔman yi ne amannɔnefoɔ ama wɔde sika abɛhyɛ nsrahwɛ adwuma no mu.	Addition” 26 | Government of Ghana - 2023 Citizens’ Budget 81. In line with Government’s policy to promote investments and private sector participation in the development of tourist attraction sites, the GTA will work closely with Ghana Investment Promotion Centre (GIPC) to provide incentive packages for local and foreign investors.
0.6936	0.7979	Adwadeɛ a Yɛde Kɔ Amannɔne ho Anammɔntuo 82. Nnansa yi mu no, amannɔne nneɛma dodoɔ a tɛkra ba ɔman yi mu no yi mu no ama Ghana sidi no mu duru akɔ fam ama sikasɛm ama amannɔne edwadie nnyinasoɔ gyinapɛn ayɛ basaa.	Export Drive 82. In recent times, Ghana’s heavy dependence on imports has placed a heavy pressure on the Cedi thus creating an unfavourable balance of payments position
0.4521	0.0034	Ghana covid 19 Asetɔre ne Ankorankorɛ Nnwuma mu Nkanyan ho mmoa dwumadie no fa a ɛtɔ so mmienu (Phase 2 of Ghana CARES) mu no, Aban bɛboa ankorankorɛ nnwuma a wɔwɔ mmeaeɛ pɔtee bi ama wɔayɛ adwadeɛ a ɛbɛtumi ahyɛ deɛ wɔkra no anan, apagya nneɛma a yɛde kɔ amannɔne kɔtɔn mu, ayɛ nhyehyɛeɛ a ɛbɛboa nnwuma ama wɔatumi ayɛ saa adwadeɛ ahodoɔ no.	Under Phase 2 of Ghana CARES, Government will provide support to the private sector in targeted sectors to accelerate competitive import substitution and export expansion and an enabling environment to support businesses to engage in the production of these products.
0.3672	0.9941	Yei enti, Aban bɛyɛ nhyehyɛeɛ nam so ne nnwuma ahodoɔ a ɛwɔ hɔ dada ne deɛ afei na wɔrebɛfiri aseɛ aka wɔn ho abom nam so atrɛ nnwuma no mu, ɔbɛsiesie, asane de mfidie a ɛbɛyɛ adwadeɛ pɔtee a yɛde ani asi so no adi dwuma.	Further to this, Government will promote the formation of partnerships with existing and prospective businesses to expand, rehabilitate and establish manufacturing plants targeted at these selected items.
0.5152	0.8765	Mmaa Ne Mmarima, Mmɔfra Ne Asetenam Banbɔ 84. Afe 2022 mu, Aban nam “sukuu mu adidie kwa” (Ghana School Feeding Programme (GSFP) nhyehyɛeɛ so maa mmɔfra dodoɔ Ɔpepepem mmiɛnsa, mpem ahansia aduonu, ahanan aduosia nwɔtwe (3,620,468 pupils) a na wɔwɔ aban sukuu mpem edu ahanwɔtwe aduasa mmienu mu (10,832 public basic schools)	Gender, Children and Social Protection 84. In 2022, Government through the Ghana School Feeding Programme (GSFP) fed 3,620,468 pupils in 10,832 public basic schools with one hot, nutritious meal for every school-going day.
0.6247	0.9634	Ɛnam yei so maa mmɔfra dodoɔ a wɔkɔ sukuu a wɔwɔ (mmɔtafowa sukuu) KG, Mfitiaseɛ (Primary) ne Adantam (JHS) gyinapɛn no kɔɔ soro wɔ afe 2020/21 sukuu afe no mu. Mmɔtafowa sukuu kɔɔ soro ɔha mu nkyɛmu ɔha ne dunwɔtwe (118%), Mfitiaseɛ kɔduru ɔha mu nkyɛmu aduanan (40%) ɛnna Adantam Sukuu kɔduruu ɔha mu nkyɛmu aduɔson mmienu (72%).	This has resulted in a cumulative increase in enrolment as at 2020/21 academic year, for KG, Primary and JHS has been 118%, 40% and 72% respectively.
0.3139	0.8296	Aban faa aduanenoafoɔ (caterers) ne aduanenoa aboafoɔ (cooks) mmaa mpem aduasa mmienu, ahanan aduɔkron nsia (32,496 caterers and cooks) sɛdeɛ wɔn sikasɛm bɛyɛ yie ama wɔatumi ahwɛ wɔn abusua.	Addition” 27 | Government of Ghana - 2023 Citizens’ Budget 85. Government employed 32,496 caterers and cooks especially women, to improve their income level to take care of their families.
0.3033	0.9790	Bio Aban buee mfudeɛtɔ ho akwannya maa akuafoɔ nam so maa wɔn sikasɛm nyaa nnyinasoɔ.	Government further created a ready market for local farmers thereby boosting the local economy.
0.7209	0.9629	Sɛdeɛ ɛbɛyɛ na botaeɛ a ɛne sɛ yɛbɛma onibiefoɔ aduane a nnuanennuro ahyɛ mu ma enti no, Aban tuaa Asetena mu Nkuranhyɛ a ɛko Ɛtia Ohia (Livelihood Empowerment Against Poverty (LEAP) ho sika no mmɔho enum maa fidua ahodoɔ mpem mmiɛnsa aduanan ɛnan, ahasa aduɔwɔtwe nkron (344,389).	To achieve the objective of smoothening the daily consumption and nutritional level of extremely poor households, Government paid five cycles of Livelihood Empowerment Against Poverty (LEAP) cash grants to 344,389 households.
0.1407	0.9893	Afe 2023 mu no, Aban bɛkɔ so ama adesuafoɔ aduane pa a nnuanennuro ahyɛ mu ma sukuu da biara.	In 2023, Government will continue to provide one hot, nutritious meal to school pupils on each school-going day.
0.2259	0.4602	Aban paa Nnipatɔn Adwumakuo (Trafficking (HT) ne Ahohiahia Tebea ho ɔhwɛ (Trauma-Informed Care Center) Adwumam ho ntoma nam so maa mmɔfra aduonu ɛnan, mmaa mpanimfoɔ aduanan nsia ne mmarima mpanimfoɔ aduonu nson a na wɔatɔn wɔn na wɔakɔ ahohiahia tebea no mu no ayarehwɛ.	Government commissioned the Human Trafficking (HT) secretariat and Trauma-Informed Care Center and provided comprehensive trauma-informed care to 24 child, 46 adult female, and 27 adult male victims of human trafficking.
0.3060	0.9951	Aban bɛkɔ so de ahohiahia ho ɔhwɛ a ɛfata ama wɔn a wɔbɛnya wɔn tiri adidi mu wɔ Nnipatɔn mu no, na wayɛ nhyehyɛeɛ ako atia nnipatɔn, mpɔtam nsawɔsodie na wasane ahyehyɛ dwumadie a wɔnam so bɛtwe nnwumakuo a wɔko tia nnipatɔn no adwene asi nnipatɔn ho ɔhaw so.	Government will continue to provide comprehensive trauma care to survivors of Human Trafficking and undertake preventive mechanisms against trafficking in persons, community dialogues as well as embark on awareness raising programs to sensitise stakeholders on issues of human trafficking
0.3672	0.0398	42 | Ghana Aban – 2023 Ɔman Mma Sikasɛm Nhyehyeɛ AWIEEƐ 90. Afe 2023 mu no, Aban bɛkɔ so aboa Asetenam Aboadeɛ ho Nnwuma ahodoɔ no, ahwɛ ama mpontunnwuma, kuayɛ, mfidinnwuma ne nsanodwumayɛ akɔ nkan.	Addition” 28 | Government of Ghana - 2023 Citizens’ Budget CONCLUSION 90. In 2023, Government will continue to support the services sector, Infrastructural Development, Agriculture, Industry, and Entrepreneurship.
0.3062	0.8062	Yei enti, yɛsrɛ sɛ Ɔman mma nyinaa mfa wɔn ho nnye ɔman kyekyere nhyehyɛeɛ yi mu bi wɔ ɛberɛ a yɛretu anammɔn yi sɛdeɛ ɛbɛyɛ a yɛn nyinaa bɛbom atwa yɛn brɛ so aba adi.	We therefore call upon citizen’s to be actively involved in the nation building agenda as we put our hands to the plough, so that we can happily reap the rewards of our collective toils.
0.4140	0.9429	Onyankopɔn nhyira Ɔman Ghana!!!	God Bless Our Homeland Ghana!!!
0.4245	0.1998	43 | Ghana Aban – 2023 Ɔman Mma Sikasɛm Nhyehyeɛ NSƐMFUA ASEKYERƐ (SIKASƐM NHYEHYƐEƐ MU NSƐMFUA) Mansini Baako Afididwuma Baako (1D1F): Yei yɛ mfidinnwuma ahodoɔ a yɛbɛbuebue wɔ mansini mu na ɛnam so ama mfidinnwuma atu mpɔn wɔ Ghana.	Addition” 29 | Government of Ghana - 2023 Citizens’ Budget GLOSSARY (BUDGET TERMINOLOGY) 1D1F (One District, One Factory): The setting up of factories and industries which, will in turn, move the country towards greater industrialization.
0.3754	0.9849	Yei botaeɛ ne sɛ nnwuma bɛbu so wɔ ɔman yi mu na Ghanafoɔ a wɔwɔ ɔman yi afanan nyinaa anya adwuma ayɛ.	It is aimed at creating more jobs for Ghanaians across the length and breadth of the country.
0.4420	0.9971	Abibirem Aman mu Edwadie A Akwansideɛ Nni ho (African Continental Free Trade Area – AfCFTA): Yei yɛ edwa kɛseɛ a wɔahyehyɛ ama Abibirem Adwdeɛyɛ Nnwumakuo a ɛbɛboa ama wɔde wɔn adwadeɛ akɔ Abibirem aman so akɔtɔn a wɔrentua edwadie mu ɛtoɔ ahodoɔ biara na wɔanya edwa kɛseɛ a ɛwɔ Abibirem ha no ho mfasoɔ.	African Continental Free Trade Area (AfCFTA): A market created to eliminate tariffs on intra-Africa trade, making it easier for African businesses to trade within the continent and benefit from the growing African market.
0.4029	0.3423	Ɔhaw-anosie (Alleviation): Yei yɛ ɛkwan wɔfa so ma ɔhaw bi ho nsunsuansoɔ ano brɛ ase.	Alleviation: This is the process of making a problem less severe.
0.3537	0.9971	Sika Mu Nkyekyɛmu (Allocation): Yei yɛ ɛkwan a wɔfa so kyekyɛ ɔman sika mu ma Aban asoɛeɛ ahodoɔ no ne nnwumakuo ahodoɔ no ma wɔde di dwuma ma ɔmanfoɔ.	Allocation: The process of sharing or distributing resources amoung government agencies and departments.
0.3661	0.8901	Afadeɛ (Apparel): Afadeɛ anaa atadeɛ pɔtee bi a wɔtɔn wɔ sotɔɔ mu. Amannɔne Edwadie ho Gyinapin (Balance of Payments): Yei yɛ edwadie a ɛkɔ so wɔ ɔman bi ne ewiase aman afoforɔ ntam wɔ ɛberɛ pɔtee bi mu sɛ ebia, abosome mmiɛnsa biara wɔ afe no mu anaa mpo afe no nyinaa mu no ho anodisɛm anaa nkontabuo.	Ancilliary: Additional or providing additional support or help Apparel: Clothes of a particular type when they are being sold in a shop Balance of Payments: Is a statement of all transactions made between entities in one country and the rest of the world over a defined period, such as a quarter or a year.
0.3332	0.9956	Sikasɛm Nhyehyɛeɛ (Budget): Sikasɛm nhyehyɛeɛ gyina hɔ ma nhyehyɛeɛ a Aban ayɛ afa ɛkwan a ɔbɛfa so anya sika ne deɛ ɔde saa sika no bɛyɛ ho.	Budget: A budget is a plan that outlines where to get money from and what to spend it on.
0.2939	0.9829	Nhwɛsoɔ ne sɛ, abusua bi bɛtumi ayɛ sikasɛm nhyehyɛeɛ nam so akyerɛ sika dodoɔ a wɔwɔ ne nneɛma ahodoɔ a ɛhia sɛ wɔde sika no yɛ no nnidisoɔ nnidisoɔ.	For instance, a family can draw up a budget that will show how much money is available and how it should be prioritised for spending (for example, rent, utilities and food).
0.2604	0.3765	Ɛbɛtumi ayɛ ɛdan ho ɛka, nsuo ne nkanea ɛka ɛnna aduane ho ɛka) Ɛkɔba sɛ wɔhia sika no dodoɔ a, ɛho bɛhia sɛ abusua no bɛhwehwɛ sika no bi aka ho anaa mpo wɔbɛkɔ akɔbɔ bosea.	If more money is needed, the family would need to consider raising more income or taking a loan.
0.2319	0.9478	Asɛ Ɔkraman (Canine): Deɛ ɛfa ɔkraman ho anaa ɛsɛ ɔkraman.	Budget Deficit: Occurs when expenditures exceed revenue Canine: Relating to or resembling a dog or dogs.
0.4265	0.9937	Mpontunnwuma ho Sika (Capital Expenditure): Yei yɛ sika a yɛde yɛ mpontunnwuma sɛ ebia akwanyie, sukuudansie, ayaresabea dansie, atwene-sie, akwantusɛm, nsuo, mfidie akɛseɛ ne deɛ ɛkeka ho. Abɔnta Lɔre Ɛkwan (Carriageway): Ɛyɛ lɔre ɛkwan no ɔfa a ahyɛn tumi fa so.	Capital Expenditure: This is money spent on major infrastructure projects such as roads, schools, hospitals, bridges, transport, water systems, plant and machinery etc. Carriageway: It is the part of a road used by vehicular traffic.
0.4151	0.9917	Adwumayɛfoɔ akatua (Compensation of Employees): Yei yɛ adwumayɛfoɔ bosome akatua, Sika ahodoɔ, asetenam ahotosoɔ sika, akwankɔgya sika ne deɛ ɛkeka ho a wɔtua ma Aban adwumayɛfoɔ.	Compensation of Employees: This is made up of salaries and salaryrelated allowances such as social security, gratuities and pensions paid to public sector workers.
0.3464	0.9971	Onipadua mu nhwehwɛmu (Endoscopy): IYei yɛ nhwehwɛmu bi a wɔyɛ wɔ onipadua no mu.	Endoscopy: It is a test to look inside your body
0.1772	0.8667	Ɛka ne Ɔman mu Adwadeɛ Nyinaa Ntam Ntotoho (Debt-to-GDP ratio): Yei yɛ sikassɛm mu gyinaberɛ a ɛda adi wɔ ɛberɛ a yɛde ɔman bi ɛka a ɔde no atoto ɔman no mu adwadeɛ nyinaa bo a ɛsom no ho na yɛahunu sɛdeɛ ɔman no gyinaberɛ no teɛ.	Addition” 30 | Government of Ghana - 2023 Citizens’ Budget Debt-to-GDP ratio: It is the ratio of a country's public debt to its gross domestic product.
0.4277	0.9688	Biribi bo a ɛsom so-teɛ (Depreciation): Yei yɛ sɛdeɛ agyapadeɛ bi bo a ɛsom no so teɛ wɔ ɛberɛ pɔtee bi mu anaa sɛ sɛdeɛ sɛ wode ɔman bi sika toto aman afoforɔ deɛ ho a, emu duru no wɔ fam. Mpontuo mu Aboafoɔ (Development Partners): Yei gyina hɔ ma Aman anaa nnwumakuo a wɔboa Aman a afei na wɔretu mpɔn ma wɔduru wɔn mpontuo botaeɛ ho.	Depreciation: It is a reduction in the value of an asset over time or a decrease in the value of a currency relative to other currencies Development Partners (DPs): This refers to countries and/or organizations that collaborate with developing countries to achieve their developmental goals.
0.4653	0.4553	Yei bɛtumi ayɛ akuhodoɔ bi te sɛ Amansan Fotoɔ Adwumakuo (lnternational Monetary Fund- IMF),Ewiase Sikakorabea (World Bank), Abibirem Mpontuo Sikakorabea (African Development Bank) ne deɛ ɛkeka ho. !tumi nso yɛ ankorankorɛ aman bi te sɛ Germany, Nyiresi Aburokyire, Amɛrika, ne wɔn a wɔkeka ho.	DPs can be multilateral, e.g. International Monetary Fund (IMF), World Bank, African Development Bank (AfDB) or bilateral which consists of individual countries like Germany, United Kingdom and the United States of America (USA).
0.1631	0.0021	45 | Ghana Aban – 2023 Ɔman Mma Sikasɛm Nhyehyeɛ Afe Awieeɛ Nneɛma Boɔ-Sorokɔ (End Year Inflation): Yei yɛ mpɛmpɛnsoɔ a nneɛma boɔ kɔduru wɔ $pɛnimma bosome mu wɔ afe pɔtee bi mu.	End Year Inflation: The level of inflation experienced in December of a year in consideration.
0.3148	0.9971	Dwumadie ho sika a yɛadi aboro so (Expenditure Overrun): Yei si wɔ ɛberɛ a, sika a yɛde adi dwuma ahodoɔ no aboro deɛ yɛtwa too hɔ wɔ sikasɛm nhyehyɛeɛ mu a mmarahyɛbadwa gye too mu no so.	Expenditure Overrun: This occurs when Government spending exceeds the Budget amount approved by Parliament.
0.7090	0.9961	Amannɔne Edwadie Sikakorabea (EXIM - Export-Import) Bank: Ghana Amannɔne Edwadie Sikakorabea (Export-Import Bank - GEXIM) yɛ sikakorabea bi a wɔnam mmara a ɛtɔ so ahankron ne dubaako (Ghana Export-Import Bank Act 2016 - Act 911) so buee wɔ ɔman yi mu wɔ afe 2016 mu a, ɛbɛboa aban wɔ adwadeɛ a yɛde kɔ amannɔne kɔtɔn ho edwadie no ama ase atim.	EXIM (Export-Import) Bank: Ghana Export-Import Bank (GEXIM) was established by the Ghana Export-Import Bank Act 2016 (Act 911) to support the government of Ghana’s quest for a feasible and sustainable export led economy.
0.3829	0.9536	Adwadeɛ A Yɛde Kɔ Amannɔne ho Edwadie Asoɛeɛ Ahodoɔ (Export Trade Houses -ETH): Yeinom yɛ edwadie ho nnwuma bi a wɔboa nnwumakuo a wɔhia mmoa ne nimdeɛ wɔ amannɔne edwadie mu fa sɛdeɛ wɔn nsa bɛka adwadeɛ bi afiri amannɔne anaa wɔde adwadeɛ bi bɛkɔ amannɔne.	Export Trade Houses (ETH): They are trading houses that provide a service for businesses that want international trade experts to receive or deliver goods or services.
0.2754	0.5278	Sikasɛm mu Sintɔ (Fiscal Deficit): Yei yɛ nnyinasoɔ a wɔhwɛ ho ansa na ɔman bi anya ɛkwan abɔ bosea de adi dwuma a bosea ho nsiho-tua ka ho bie. Sikasɛm ho Anammɔntuo Ahodoɔ (Fiscal Operations): Yeinom yɛ sikasɛm ho akontabuo ne amaneɛbɔ, sika ho ntotoeɛ, dwetire ho dwumadie, sikatua, akatua ho nsɛm, agyapadeɛ, dwumadie so-hwɛ ne ɛkatua.	Fiscal Deficit: It reflects the borrowing requirements of the government for financing the expenditure inclusive of interest payments Fiscal Operations: They are accounting and financial reporting, cash management, investments, accounts payable, payroll, fixed assets, internal control, and debt service management Fiscal Policy: It refers to the use of government spending and tax policies to influence economic conditions, especially macroeconomic conditions.
0.3273	0.9971	Sikasɛm ho Mmara (Fiscal Policy): Yei yɛ ɛkwan a aban fa so de sika di dwuma ne ɛtoɔ ho nhyehyɛeɛ ahodoɔ a ɛboa ma sikasɛm mu mpontuo nnyinasoɔ anaa nneɛma a ɛma ɔman sikasɛm gyina yie no ase tim.	Fiscal Stress: It is a concept that seeks to measure the extent to which a local government is in danger of a fiscal crisis warranting intercession by the State, especially actions that could reduce local control.
0.7272	0.9932	Fa-me-kwa Ntoasoɔ Sukuukorɔ (FREE SHS): Fa-me-kwa Ntoasoɔ Sukuukorɔ yi yɛ Aban nhyehyɛeɛ foforɔ a Ɔmanpanin Nana Akuffo-Addo aban de puee edwa wɔ Ɛbɔ bosome mu wɔ afe 2017 mu sɛ JHS osukuuni biara a ɔbɛbɔ ne ho mmɔden wɔ sɔhwɛ mu no, ɔbɛnya ɛkwan wɔ Ntoasoɔ Sukuu mu akɔsua adeɛ a ɔrentua hwee.	FREE SHS: The Free SHS (Free Senior High School) policy is a Government of Ghana initiative introduced by the President Nana Akuffo-Addo administration in September 2017 that guarantees free access to SHS education for any accademically qualified JHS student
0.1619	0.2449	Ghana Ɔhwɛpa Dwumadie (Ghana Cares): Dwumadie yi wɔ nhyehyɛeɛ mmienu a ɛyɛ anammɔn ahodoɔ a Aban adi kan atu wɔ Coronavirus Nsunsuansoɔ Anosie Dwumadie ho no ntoasoɔ.	Addition” 31 | Government of Ghana - 2023 Citizens’ Budget Ghana Cares: It is a two-phase programme that builds on the immediate actions already taken by Government under the Coronavirus Alleviation Programme (CAP).
0.3003	0.9961	Sika a yɛde kyɛ Aban (Grants): Yeinom yɛ sika ho mmoa ahodoɔ a Mpontuo mu Aboafoɔ de boa Aban a ɛnyɛ adeɛ a Aban bɛtua.	Grants: These are types of financial assistance given to Government by development partners and for which Government does not have to be pay back.
0.5028	0.9951	Sika a wɔtua ma Aban Nnwuma ahodoɔ (Grants to other Government Units): Yei gyina hɔ ma sika a, mmara hyɛ sɛ ɛsɛ sɛ wɔtua kɔgu Mansini Mmarahyɛbadwa Fotoɔ “DACF” no mu, Lɔrekwan Fotoɔ “Road Fund” mu, Nwomasua Fotoɔ “GETFUND” mu, Fango ho Dwumadie Fotoɔ “Petroleum Related Fund” ne Ɔman Apɔmuden ho Fotoɔ “National Health Fund” mu.	Grants to other Government Units: These constitute payments that are required by law such as District Assemblies’ Common Fund (DACF), Road Fund, Ghana Education Trust Fund (GETFUND), Petroleum Related Fund and National Health Fund.
0.4266	0.3689	Ɔman mu Adwadeɛ Nyinaa Bo A Ɛsom (Gross Domestic Product (GDP): Yei kyerɛ nneɛma a yɛyɛ wɔ ɔman yi mu wɔ ɛberɛ pɔtee bi mu no nyinaa bo a ɛsom.	Gross Domestic Product (GDP): This refers to the total value of all final demand goods and services produced in the country over a specific time.
0.4202	0.6748	Amannɔne Sika dodoɔ A Ɔman Wɔ (Gross International Reserves):Yei yɛ susudua a yɛfa so hunu sɛdeɛ ɔman bi sikasɛm ahoɔden a ɔwɔ sɛ ɔbɛtumi atɔ nneɛma afiri amannɔne no teɛ wɔ ɛberɛ pɔtee bi mu. Yei boa ma yɛde ɔman bi fotoɔ toto ɔman foforɔ bi deɛ ho a yɛhunu sɛdeɛ ɔman no sikasɛm ahoɔden a ɔwɔ no teɛ.	Gross International Reserves: This measures a country’s foreign currency ability to buy goods and services from foreign countries over a period; it also supports the strength of the local currency in relation to currencies of other nations.
0.1861	0.0738	47 | Ghana Aban – 2023 Ɔman Mma Sikasɛm Nhyehyeɛ Edwa-so Nneɛma-boɔ-sorokɔ (Headline Inflation): Yei yɛ nneɛmaboɔ-sorokɔ ho amaneɛbɔ a ɛfiri Adetɔfoɔ Nsusuiɛ a ɛfa nneɛma boɔ ho a Adwumayɛfoɔ ho Nkontabuo Ɔfese (Bureau of Labor Statistics) de to edwa bosome biara.	Headline Inflation: It is the raw inflation figure reported through the Consumer Price Index (CPI) that is released monthly by the Bureau of Labor Statistics (BLS).
0.3519	0.9897	Ɔman Mu Adwadeɛyɛ (Import Substitution): Yei yɛ ɛkwan a yɛfa so yɛ adwadeɛ wɔ ɔman yi ara mu de hyɛ adwadeɛ ahodoɔ bi a yɛkra firi amannɔne no anan mu na mmom ɛnyɛ sɛ yɛbɛyɛ adwadeɛ de akɔ amannɔne akɔtɔn na ɛnam saa ɔman yi ara mu adwadeɛyɛ yi so ma ɔman yi mu mfidinnwuma tu mpɔn.	Import Substitution: A strategy that emphasizes the replacement of imports with domestically produced goods, rather than the production of goods for export to encourage the development of domestic industry Inflation: The rate of increase in general price level of goods and services over a period.
0.1491	0.1453	Nneɛma boɔ-sorokɔ (Inflation): Yei gyina hɔ ma sɛdeɛ dwumadie ahodoɔ ne adwadeɛ boɔ si kɔ soro wɔ ɛberɛ pɔtee bi mu.	Import substitution: A strategy that emphasizes the replacement of imports with domestically produced goods, rather than the production of goods for export to encourage the development of domestic industry Inflation: The rate of increase in general price level of goods and services over a period.
0.3963	0.9956	Nsiho ho Ɛka (Interest cost): Yei yɛ bosea ho nsiho dodoɔ a ɛsɛ sɛ ɔkafoɔ tua wɔ bosea a wabɔ ho anaa biribi a ɔde ho ɛka wɔ ɛberɛ a ɔntuaa sika botene no ankasa nwieeɛ.	Interest cost: It refers to the cumulative amount of interest a borrower pays on a loan or other debt while it is outstanding.
0.4497	0.9971	Nsiho-tua (Interest payments): Yei yɛ bosea anaa agyapadeɛ bi ho nsiho a ɔkafoɔ anaa deɛ wafiri agyapadeɛ no tua.	Interest payments: They are the cost of borrowing money or payment of interest on a loan or mortgage
0.3517	0.2217	Yei ho nhwɛsoɔ ne sikasɛm mpontuo, nneɛmaboɔ sorokɔ, adwumayɛ mu mpontuo mpɛmpɛnsoɔ, ɔman yi ne aman afoforɔ ntam edwadie mu mmɔdemmɔ, sɛdeɛ aban no sikasɛm ntotoeɛ kankorɔ anaa sintɔ teɛ ɛne sɛdeɛ gyinaeɛ ahodoɔ a Ghana Sikakorabea Baatan bɛsie no bɛka nneɛma boɔ sorokɔ wɔ ɔman no mu. 48 | Ghana Aban – 2023 Ɔman Mma Sikasɛm Nhyehyeɛ Nteaseɛ Apam (Memorandum of Understanding - MoU): Ɛyɛ krataa so nnyetom a ɛfa gyinaeɛsie bi ho anammɔntuo bi ho a afanu anaa nnipa a wɔboro saa agye atom sɛ ɛsɛ sɛ wɔde di dwumat.	Addition” 32 | Government of Ghana - 2023 Citizens’ Budget IPEP (Infrastructure for Poverty Eradication Programme): The Infrastructure for Poverty Eradication Programme (IPEP) is one of the flagship programmes of the NPP Government that aims at eradicating poverty and minimalizing inequality, especially in the rural and deprived communities through the provision of basic infrastructure Macroeconomic targets: These are measurements used to access the performance of the economy.
0.3707	0.9102	Nkorabata/Ɔfa (Module): Ɛyɛ biribi nkorabata a yɛtumi keka bom ma ɛyɛ adekorɔ no kɛseɛ. Sikasɛm ho Anammɔntuo Nhyehyɛeɛ (Monetary policy): Ɛyɛ nhyehyɛeɛ a ɔman sikasɛm so adwumakuo baatan no fa so toto boseabɔ ho nsiho wɔ ɛberɛ tiawa bi mu anaa sɛdeɛ ɔde sika foforɔ bɛpue edwa, nsiho dodoɔ nyinaa ho nsɛm sɛdeɛ ɛbɛyɛ a ɛbɛboa ama nneɛma boɔ agyina faako.	Examples include economic growth, inflation, changes in the level of employment, trade performance with other countries, relative success or failure of government economic policies and the decisions made by the Bank of Ghana which affects money demand and supply in the economy.
0.2931	0.0616	Nnwuma Nketewa Mu Mpontuo Dwumadie - MSME (Micro And Small Buisness Developmet Programme): Nnwuma Nketewa yɛ ankorankorɛ nnwuma a wɔtumi fa nnipa kakra bi a dwetire a adwuma no gyina soɔ no mmoro sika dodoɔ pɔtee bi so.	Memorandum of Understanding (MoU): It is a formal agreement that outlines plans for a common line of action between two or more parties.
0.3985	0.9858	Ɔman-kyekyere Atuhoakyɛfoɔ- NABCo (Nation Builders Corps): Yei yɛ adwene foforɔ koraa a Ghana Aban de puee edwa a ɔnam so bɛma mmeranteɛ ne mmabaawa a wɔawie asuapɔn no bɛnya adwuma ayɛ wɔ ankorankorɛ anaa Aban nnwuma mu na wɔaboa de wɔn nimdeɛ apɛ asetenam ɔhaw ahodoɔ nnannuaguberɛ, na yei aboa wɔn ma wɔanya osuahunu a ɛbɛboa Ɔman sikasɛm mpontuo.	Module: It is one of a set of separate parts that can be joined together to form a larger Monetary policy: It is the policy adopted by the monetary authority of a nation to control either the interest rate payable for very shortterm borrowing or the money supply, interest rate, to ensure price stability.
0.2606	0.9927	Ɔman Adwumakuo A Ɛhwɛ Mfidinnwuma Nketwa So- (National Board for Small Scale Industries- NBSSI): Ɔman Adwumakuo a Ɛhwɛ Mfidinnwuma Nketewa so no yɛ ɔman adwumakuo a ɛnyɛ mfasoɔ enti na wɔwɔ hɔ na mmom, ɛyɛ adwumakuo a ɛhyɛ Asoɛeɛ a Ɛhwɛ Edwadie ne Mfidinnwuma so no ase, a mmara ma wɔn ho ɛkwan sɛ wɔnhwɛ sɛ Mfidinnwuma Nketewa ne Adantam (Micro and Small Enterprises (MSEs) bɛtu mpɔn.	MSME (Micro And Small Buisness Developmet Programme): A micro-enterprise (or microenterprise) is generally defined as a small business employing a minimum number of people, and having a balance sheet or turnover less than a certain amount NABCo (Nation Builders Corps): also known as NABCO is an initiative introduced by the Government of Ghana to provide jobs to unemployed university graduates to solve various social problems in both the private and public sectors and build their skills to promote economic growth in the country.
0.2420	0.9858	Ɔman Nnuadua Dwumadie (National Afforestation Programme-NAP): Ɛyɛ kwaeɛ a yɛatɔre aseɛ no ananmuhyɛ sɛdeɛ ɛbɛyɛ a kwaeɛ mu nnepa a ahwere yɛn no bɛsane aba na ɛnam so ama mpɔtam ahodoɔ a wɔtete bɛn kwaeɛ, titire ahiafoɔ no asetenam atu mpɔn.	NBSSI (National Board For Small And Medium Scale Industry): The National Board for Small Scale Industries (NBSSI)
0.3544	0.4124	49 | Ghana Aban – 2023 Ɔman Mma Sikasɛm Nhyehyeɛ Ɔman Atoyerɛnkyɛm ho Ntotoeɛ Adwumakuo (National Disaster Management Organisation - NADMO): Yei yɛ ɔman adwumakuo a ɛhwɛ toto atoyerɛnkyɛm ne mpofirim asianeɛ ahodoɔ ho nsɛm wɔ ɔman Ghana mu.	Addition” 33 | Government of Ghana - 2023 Citizens’ Budget is a non-profit public sector organisation under the Ministry of Trade and Industry, and is mandated to promote the growth and development of Micro and Small Enterprises (MSEs).
0.2758	0.0285	Ɔman yi mu adwadeɛ bo a ɛsom a Fango Sika nka ho (Non-Oil Real GDP): Yei yɛ ɔman yi mu adwadeɛ nyinaa bo ɛsom a sika a ɛfiri fango ho dwumadie ahodoɔ mu nka ho bi, a wɔagyina nneɛma boɔ sorokɔ so no asese.	National Afforestation Programme (NAP): It is an ecological restoration of degraded forests and to develop the forest resources with peoples’ participation, with focus on improvement in livelihoods of the forest-fringe communities, especially the poor.
0.1970	0.2693	Ɔman yi mu adwadeɛ bo a ɛsom kankorɔ a Fango Sika nka ho (Non-Oil Real GDP Growth): Ɛyɛ nnyinasoɔ a yɛhwɛ so de hunu ɔman sikasɛm mu mpontuo wɔ ɔman no nkorabata biara a fango sika nka ho bie.	National Disaster Management Organisation (NADMO): It is the government agency that is responsible for the management of disasters as well as other emergencies in Ghana Non-Oil Real GDP: Is the total output in the economy that excludes the activities in the oil sector, which takes into account the level of inflation Non-Oil Real GDP Growth: It is an indicator that measures the real annual economic growth of all sectors except oil.
0.3729	0.9419	Sika a ɛmfiri ɛtoɔ mu (Non Tax Revenue): Yei yɛ Aban sika a ɔnya a ɛmfiri ɛtoɔ mu. Ebi ne sika a obi tua ansa na wanya tumi krataa bi adi dwuma ne sika a yɛtua wɔ nneɛma afoforɔ ho sɛ ebia nsiho ne mfantum ho.	Non Tax Revenue: Government revenue not generated from taxes, examples are fees for granting permit or licenses, user fees and other charges.
0.6827	0.9922	Ɛka Ahodoɔ A Aban De (Outstanding Obligations): Ɛka ahodoɔ a Aban de no yɛ sika a ɛsɛ sɛ Asoɛeɛ a Ɛhwɛ Sikasɛm so no tua ma Aban Nnwuma ahodoɔ no ɛnna afei, ɛka ɛda hɔ firi afe 2016 mu a mmara hyɛ sɛ ɛsɛ sɛ Aban tua gu Mmara ho Fotoɔ ahodoɔ mu.	Outstanding Obligations: The outstanding obligations comprise MDA commitments with the Ministry of Finance as well as outstanding 2016 payments to Statutory Funds.
0.3973	0.9971	Nsunsuansoɔ (Outturn): Yei yɛ deɛ ɛsi wɔ tebea bi akyi anaa sɛ tebea ahodoɔ bi akyi.	Outturn: It is the result of a process or sequence of events.
0.3081	0.9912	Sika Dodoɔ A Aka A Yɛbɛhia De Adi Dwuma (Primary balance): Yei yɛ sika dodoɔ a aka wɔ ɛberɛ a Aban agyegye deɛ n’ani da ɛkwan sɛ ɔbɛnya no nyinaa akyi de adi dwuma, a bosea ho nsiho nka ho bie, (kyerɛ sɛ bosea a Aban bɛtua nka ho).	Primary balance : This is the difference between Government revenue and its non interest expenditure (excluding debt Service Payment).
0.3190	0.9946	Na ɛkwan a yɛfa so bu yei ho nkonta ne sɛ yɛsese no wɔ Ɔman Adwadeɛ nyinaa bo a ɛsom no mu ɔha mu nkyekyɛmu.	This can be measured as a percentage of the Gross Domestic Product (GDP).
0.3875	0.8105	Sika a yɛadi aboro deɛ yɛwɔ so (Primary surplus - deficit): Yei kyerɛ sikasɛm mpɛmpɛnsoɔ a ɛgyina hɔ ma sika a yɛadi aboro deɛ yɛwɔ so a yɛagyegyeɛ afiri ɛtoɔ mu a, nsiho a yɛatua wɔ ɛka a ɔman no de nka ho.	Primary surplus (deficit): It refers to the component of the fiscal surplus (deficit) that is comprised of current government spending less current income from taxes, and excludes interest paid on government debt.
0.3277	0.0266	50 | Ghana Aban – 2023 Ɔman Mma Sikasɛm Nhyehyeɛ Ɔman mu Adwadeɛ nyinaa ankasa (Real GDP): Yei yɛ susudua a wɔde hunu ɔman mu adwadeɛ nyinaa bo a ɛsom a wɔde atoto sɛdeɛ nneɛma-boɔ-sorokɔ no teɛ ho.	Addition” 34 | Government of Ghana - 2023 Citizens’ Budget Projected Growth Rate: How the Ghanaian economy will grow in a year.
0.1853	0.9648	Sika A Aban Nya (Revenue): Yei yɛ sika dodoɔ a Aban nya firi ne dwumadie ahodoɔ a ɔdi wɔ ɔman yi mu ne amannɔne.	Real GDP: It is a measure of a country's gross domestic product that has been adjusted for inflation Revenue: This is the total amount of money that Government receives for its activities from both domestic and external sources.
0.3504	0.9473	Mmoayɛn A Ɛde Nnuane ne Nnwuma Ba -RFJ (Rearing For Food and Jobs): Yei yɛ Ghana Aban mpontuo ho dwumadie foforɔ a ɔde aba a ɛnam so bɛma ntɔtemmoayɛn adwuma no adi mu na sika aba mu sɛdeɛ ɛbɛyɛ a, ntɔtemmoa nam bɛdɔɔso ama ɔmanfoɔ anya bi awe na yɛate ntɔtemmoa nam a yɛkra ba ɔman yi mu no so koraa, na ɛnam so ama nnwuma abu so a ɔmanfoɔ bɛnya bi ayɛ ama wɔn a wɔdi ntɔtemmoa ho dwuma nyinaa no asetenam nso atu mpɔn.	RFJ (Rearing For Food and Jobs): will develop a competitive and more efficient livestock industry, that will increase domestic production, reduce importation of livestock products, contribute to employment creation, and improve livelihoods of livestock value chain actors”.
0.2938	0.9951	Nkyerɛkyerɛ a ɛde nsakraeɛ Ba (Sensitization): Yei yɛ nkyerɛkyerɛ anaa dawubɔ a ne botaeɛ ne sɛ ɛbɛma nhunumu ne adwenesakra nam so de nsakraeɛ pa aba tebea bi a ɛnyɛ mu.	Sensitization: The quality or condition of responding to certain stimuli in a sensitive manner.
0.4559	0.9961	Nnwuma Nketewa ne Adantam (Small and Medium-Sized Enterprises - SMEs): TYeinom yɛ ankorankoro nnwuma a ɛnhyɛ aban ase a wɔtumi fa nnipa kakra bi de di wɔn dwuma. Asetena mu Mmoa Sika (Social Benefits): Yei yɛ sika a Aban gyina ɔmanfoɔ anan mu tua ma nsuo, pɛtro ne nkanea nnwumakuo no de sɔ Ghanafoɔ asene.	Small and Medium-Sized Enterprises (SMEs): They are nonsubsidiary, independent firms that employ less than a given number of employees Social Benefits: Government pays subsidies to utility companies and on petroleum products on behalf of the public.
0.3877	0.9971	Squadron: Yei yɛ ewiem asraafoɔ ekuo bi a wɔwɔ ewiemhyɛn a wɔde di wɔn dwuma no mmienu a anaa deɛ ɛboro saa ne asraafoɔ a ɛsɛ sɛ wɔka ewienhyɛn no.	Squadron: It is an operational unit in an air force consisting of two or more flights of aircraft and the personnel required to fly them.
0.4022	0.9961	Asenesɔ Sika (Subsidy): Yei yɛ sika mu mmoa bi a Aban de ma ɔman mma ma ɛyi adesoa kakra firi wɔn so ma wɔn kɔn mu dwo wɔn.	Subsidy: This is a financial relief given by government to citizens to reduce the burden on them.
0.3990	0.9385	Dwumadie akyiridie (Surveillance): Yei yɛ ɛkwan a yɛfa so de ani di biribi akyi na yɛhwɛ sɛdeɛ ɛsi teɛ.	Surveillance: The process of critically or intellectually observing an issue.
0.4513	0.9951	Asorɔkye kunini (Tidal wave): Ɛyɛ ɛpo asorɔkye a ɛso pa ara a ɛba wɔ ɛberɛ a ɛpo ase asasewosoɔ bi asi anaa ɔbotan mu awosoɔ bi akɔ so wɔ ɛpo ase.	Tidal wave: It is an exceptionally large ocean wave, especially one caused by an underwater earthquake or volcanic eruption.
0.3668	0.9961	Fannyɛ (Transparency): Yei ne sɛ Aban bɛma ɔman mma ahunu deɛ ɛrekɔ so na wɔate amanneɛbɔ nyinaa wɔ ɛberɛ ano ɛberɛ ano.	Transparency: This is when Government provides adequate and timely information for its citizens about what it is doing.
0.3005	0.0484	Kwantempɔm (Trunk Road): Yei yɛ lɔre ɛkwan titire a mpn pii no ɛka nkuro mmienu anaa deɛ ɛboro saa, suhyɛn gyinabea, ewiemhyɛn gyinabea	Trunk Road: It is a major road, usually connecting two or more cities, ports, airports and other places, which is the recommended route for long-distance and freight traffic.
0.3639	0.2515	51 | Ghana Aban – 2023 Ɔman Mma Sikasɛm Nhyehyeɛ ne mmeaeɛ afoforɔ bom, na mpɛn pii no ɛyɛ ɛkwan tenten a yɛfa so de nneɛma kɔ akyirikyiri. Adwadeɛ ne Dwumadie ho sika (Use of Goods and Services): Yei yɛ sika dodoɔ a Aban tua wɔ dwuma a ɔdi ne dwumadie a ɔdi ma ɔmanfoɔ ho ho.	Addition” 35 | Government of Ghana - 2023 Citizens’ Budget Use of Goods and Services: Amount of money that Government pays for running its operations and for delivering services to the public.
0.5310	0.9971	Adwadeɛ ho ɛtoɔ (Value Added Tax (VAT): Yei yɛ ɛtoɔ bi a yɛde to adwadeɛ ahodoɔ so wɔ adwadeɛyɛ mpɛmpɛnsoɔ biara mu.	Value Added Tax (VAT): The tax levied as value is added to goods and services at each stage of production.
0.6507	0.9971	Mmɔborɔwafoɔ Aduonu (V20 - Vulnerable Twenty): Yeinom yɛ aman bi a wɔsusu sɛ ewiem nsakraeɛ ho nsuansuansoɔ a ano yɛ den no ka wɔn pa ara.	V20 (Vulnerable Twenty): They are detailed massive economic damage wrought by climate change on the economies representing countries considered the most vulnerable to climate change.
0.2848	0.9966	Ɔman nkorabata (Subsector) – Ɛgyina hɔ ma ɔman no asoɛeɛ ahodoɔ no mu baako a dwumadie ahodoɔ kɔ so wɔ hɔ.	Subsector - an area of economic activity that forms part of one of the larger areas into which the economic activity of a country is divided.
0.7057	0.9692	Wo-Deɛ-Hyɛ-Aseɛ (YouStart): Ɛyɛ ɛkwan a Aban pɛ sɛ ɔfa so boa mmabunu a wɔadi firi mfeɛ 18 kɔ 40 wɔ sikasɛm ne mfidie ho ma wɔde hyɛ wɔn nnwuma ase anaa sɛ nnwuma a ɛyɛ mmabunu dea na ɛnam so ama wɔahyɛ aseɛ na wɔatumi atrɛ wɔn ankasa nnwuma mu. Mmabunu Adwumanya ho Adwumakuo (Youth Employment Agency - YEA): Wɔnam mmara a ɛtɔ so ahanwɔtwe ne aduɔwɔtwe nson a ɛyɛ Mmabunu Adwumanya ho Mmara a wɔhyɛɛ no afe 2015 mu (Youth Employment Act 2015 - Act 887) no so buee Mmabunu Adwumanya ho Adwumakuo yi sɛdeɛ ɛbɛhwɛ ahyehyɛ, atoto, ahwɛ na waboa wɔ mmabunu adwumanya ne nsɛm a ɛfa wɔn ho wɔ Ghanaman mu.	YouStart: It is a vehicle through which Government intends to provide funding and technical support to youth (18-40) and youthled businesses who fall within this category to assist them start, build and grow their own businesses Youth Employment Agency (YEA): The YEA was established under the Youth Employment Act 2015 (Act 887), to oversee the development, coordination, supervision and facilitation of employment for the youth and related matters in Ghana
0.9695	0.9731	© 2022. All rights reserved.	© 2022. All rights reserved.
0.9390	0.9824	No part of this publication may be stored in a retrieval system or transmitted in any or by any means, electronic, mechanical, photocopying, recording or otherwise without the prior written permission of the Ministry of Finance	No part of this publication may be stored in a retrieval system or transmitted in any or by any means, electronic, mechanical, photocopying, recording or otherwise without the prior written permission of the Ministry of Finance
