anchor_sim	qe_score	twi	english
0.7077	0.9541	ASANTE TWI 2022 ƆMAN MMA SIKASƐM NHYEHYƐEƐ 2022 Ɔman Mma Sikasɛm Nhyehyɛeɛ No Ho Anodisɛm A Yɛakyerɛkyerɛ Mu Ama Ayɛ Tiawa Na Ne Nteaseɛ Ayɛ Mmrɛ Ɛkwan a Ɔman Mma bɛtumi afa so abisa ɛho nsɛm 2022 Ɔman Sikasɛm Nhyehyɛeɛ Ho Anodisɛm ne Ɔman Mma Sikasɛm no ho nsɛm wɔ abɛɛfo amaneɛbɔbea a ɛwɔ aseɛ ha yi: www.mofep.gov.gh	2022 CITIZENS’ BUDGET An Abridged and Simplified Version of the 2022 Budget Statement and Economic Policy ” The 2022 Budget Statement and Economic Policy of the Government and the Citizens' Budget are available on the internet at. www.mofep.gov.gh
0.3595	0.6567	Wopɛ nwoma yi dodoɔ nso a, yɛsrɛ wo sɛ kɔ Asoɛeɛ a ɔhwɛ Sikasɛm so no ɔfese a wɔne ɔmanfoɔ di nkutaho hɔ.	For copies of the Statement, please contact the Public Relations Office of the Ministry of Finance.
0.9511	0.2498	Wɔn akyirikwan ne: Public Relations Office New Building Ground Floor Room 001 or 003 P.	Public Relations Office New Building Ground Floor Room 001 or 003 P.
0.8373	0.9927	Box MB 40 Accra – Ghana Email: info@mofep.gov.gh Translated by: Bureau of Ghana Languages	Box MB 40 Accra a Ghana Email. info@mofep.gov.gh
0.2330	0.8701	Hyehyɛpono Ahodoɔ: 3 Nkontabuo ho hyehyɛpono ahodoɔ 3 ƆSOAFOƆ NO ANODISƐM 5 NNIANIMU 7 SƐDEƐ ƆMAN SIKASƐM YƐƐ WƆ AFE 2021 MU SIKA A ƐBAA ƆMAN FOTOƆ MU NE DWUMA A YƐDE DII WƆ AFE 2021 MU 10 AFE 2022 SIKASƐM NHYEHYƐEƐ NE ƆMAN NO SIKASƐM GYINAPƐN 14 SIKASƐM NTOTOEƐ PA HO ANAMMƆNTUO AHODOƆ A ƐWƆ AFE 2022 SIKASƐM NHYEHYƐEƐ YI MU. 17 COVID-19 YADEƐ KONTONKUROWI AKYI SIKASƐM MU MPONTUO 19 MPONTUO A AKƆ SO WƆ ASOƐEƐ AHODOƆ NO MU NE SƐDEƐ NNEƐMA TEƐ SEESEI AWIEEƐ 39 Nsɛmfua Asekyerɛ (Sikasɛm Nhyehyɛeɛ mu Nsɛmfua) 40	List of Tables. 2022 BUDGET AND THE ECONOMY Figure 2. Summary of Expenditure Performance for Jan-September 2021 Figure 4. Summary of Revenue Projections for 2022 (in Billions of Cedis) Figure 5. Expenditure Items and their allocations for 2022 ( in Billions of Cedis) ... 14
0.0975	0.9399	Hyehyɛpono Ahodoɔ: Hyehyɛpono 2 Nkontabuo ho hyehyɛpono ahodoɔ Hyehyɛpono 1: Sika A Ɛbaa Ɔman Fotoɔ Mu firi Ɔpɛpɔn kɔsi Ɛbɔ wɔ 2021 mu no ho Hyehyɛpono 2: Dwuma A Yɛde Sika Dii firi Ɔpɛpɔn kɔsi Ɛbɔ bosome wɔ afe 2021 mu Hyehyɛpono 4: Sika Dodoɔ A Ani Da Ɛkwan Sɛ Yɛbɛnya wɔ afe 2022 mu no ho Hyehyɛpono 5: Dwuma ahodoɔ A Yɛde Sika Bɛdi Ne Sɛdeɛ Yɛakyekyɛ mu wɔ afe	“The bricks have fallen, but we will build with dressed stones; the sycamores have been cut down, but we will put cedars in their place” (Isaiah 9:10)
0.6933	0.9868	COVID-19 yadeɛ kontonkurowi ho nsunsuansoɔ bɔne no aka ewiase ɔman biara sikasɛm a Ghanaman ka ho bi.	The devastating impact of the COVID-19 pandemic has been felt by all economies, including Ghana.
0.3112	0.9956	Ahohiahia a ɛkɔwiee owuo, asetenam ahokyere ne adwumasɛeɛ a Ghanafoɔ hunuiɛ no nyɛ adeɛ a Aban werɛ afiri koraa.	The hardship experienced by Ghanaians through the loss of lives, livelihoods and businesses is not lost on the Government.
0.3668	0.9385	Mede ahohoahoa ka sɛ anammɔn a ɔman yi tuu wɔ yadeɛ kontonkurowi yi ho no yɛ akokoɔduru anammɔn na ɛyɛ gyinaeɛsie a ɛdi mu pa ara a ewiase aman nyinaa agye atom sɛ yɛayɛ adeɛ.	I am proud to say that our response to address the impact of the pandemic was bold and decisive and has been admired all over the world.
0.3701	0.9951	Aban sane yɛɛ nhyehyɛeɛ ahodoɔ nam so boaa ankorankorɛ nnwuma sɛdeɛ ɛbɛyɛ a ɔmanfoɔ bɛsane asi wɔn dada mu.	Government also initiated policies to help revive businesses and bring our lives back to normalcy.
0.7418	0.2891	"Deɛ ɛdi hɔ bio nso ne sɛ, sɛdeɛ ɛbɛyɛ na yɛbɛtumi agyina ɔhaw ne akwannya ahodoɔ a yadeɛ kontonkurowi yi de aba no ano enti, Aban nam Ɔmanpanin Nana Addo Ghana Dankwa Akufo-Addo mpaninnie a ɛdi mu no so de ahoɔherɛ hyehyɛɛ Covid- (GhanaCARES) 19 Asetɔre Ne Ankorankorɛ Nnwuma Mu Nkanyan Ho Mmoa ""Obaatan Pa- Dwumadie (Ghana COVID-19 Alleviation and Revitalisation of Enterprises programme, (the GhanaCARES “Obaatan Pa” programme) a emu (GH¢100 billion) sikabotene yɛ sidi ɔpepepem ɔha baako ."	Further, in response to the threats and opportunities arising out of the pandemic, Government, under the able leadership of H.E. President Nana Addo Dankwa Akufo- Addo, quickly developed a GH¢100 billion COVID-19 Alleviation and Revitalisation of Enterprises programme, (the GhanaCARES “Obaatan Pa” programme). This has brought instant and significant relief to our people and is revitalising our nation.
0.2613	0.0006	Yei de ahomegyeɛ mapa mu. abrɛ yɛn nkurɔfoɔ na ɛgu so de nkanyan reba ɔman no ɔyɛ yɛn ahomeka sɛ mogu so wɔ gyidie wɔ Aban mu wɔ ɛberɛ a yɛgu so reyɛ biribiara a ɛhia de ama yɛade yɛ ho afiri yadeɛ kontonkurowi yi ho. ɔnam deɛ ɛtoo yɛn wɔ saa ɛberɛ no mu no so ama yɛahunu sɛdeɛ yɛn nsiyɛ sɛ ɔman a yɛtumi gyina atoyerɛnkyɛm ano no teɛ.	We appreciate your keeping faith with Government even as we work to ensure a strong recovery from the pandemic. Through this period, our resilience to survive as a nation has been tested.
0.1280	0.0014	Twerɛ Kronkron no ma yɛn akwankyerɛ ɛberɛ biara a ɛsɛ sɛ yɛfa so wɔ mmerɛ a ɛte sei mu wɔ Yesaia nwoma, etire 9, nkyekyɛmu 10 hɔ a wɔatwerɛ sɛ, “Berekese no adwiri agu fam, nanso yɛde aboɔ a wɔatwa bɛto bio; wɔatwitwa borɔdɔma nnua no Saa ara na Aban asi nkete sɛ ɔbɛdi ne agu nanso yɛde ntweneduro bɛhyɛ anan mu.” bɔhyɛ nyinaa so na ne saa enti, ɔbɛkɔ so ayɛ nhyehyɛeɛ na wadi dwuma ahodoɔ a ɛbɛma yɛn nsa aka deɛ yɛahwere nyinaa na ɛnam so ama ɔmanfoɔ asetenam atu mpɔn.	In particular, as stated in Isaiah 9.10, “The bricks have fallen, but we will build with dressed stones; the sycamores have been cut down, but we will put cedars in their place”. In the same vein, Government is equally determined to deliver on its promises.
0.4494	0.4609	Botaeɛ ahodoɔ no mu baako a ɛdi akotene wɔ 2022 Sikasɛm Nhyehyɛeɛ yi mu ɛnna afei wɔ mfeɛ mmiɛnsa a ɛdi yɛn anim yi mu ne sɛ, yɛbɛkyekyere Ɔman a Ankorankorɛ Nnwumabue ase bɛtim wɔ mu na ɛbɛma yɛn sikasɛm kankorɔ adi mu, na obiara bɛdi ne dwuma sɛdeɛ ɛfata na ɛnam so ama nnwuma abu so na ne titire, mmabunu anya bi ayɛ.	One of the key objectives of the 2022 Budget, and indeed for the next three (3) years, is to build a sustainable Entrepreneurial State capable of delivering economic growth that is robust, sustainable, and inclusive to generate decent work for all, particularly the Youth.
0.3537	0.9873	Yei enti, Aban nhyehyɛeɛ a ɔbɛtu ho anammɔn no bɛyɛ deɛ ɛbɛboa mmabunu, nam so ahunu adom akyɛdeɛ a wɔwɔ na yɛaboa ama obiara anya akwannya de adi dwuma sɛdeɛ ɛbɛboa ama ahonya aba ama obiara.	Government policies will, therefore, be geared towards supporting the youth to exploit their talents and unleash their potential to ensure prosperity through equal opportunity for all.
0.6955	0.8628	Sɛdeɛ ɛbɛyɛ na yɛbɛma mmabunu anya nkuranhyɛ na wɔanya nnnwumabue sunsum de abuebue wɔn ankasa nnwuma enti, afe 2022 mu no, Aban bɛhyɛ dwumadie bi a YouStart yɛato edin Nhyehyɛeɛ ase a ɛnam so bɛma mmabunu anya bosea de ahyɛ aseɛ abuebue wɔn nnwuma na atumi agyina anaa wɔde atrɛ wɔn nnwuma mu.	To boost the confidence of the youth and build their entrepreneurial spirit, Government will activate the YouStart programme in 2022 to provide access to credit for young businesses persons to either establish or expand their business.
0.6736	0.9165	Afe 2022 Sikasɛm Nhyehyɛeɛ yi mu no, yɛayɛ nhyehyɛeɛ ahodoɔ a yɛde bɛtoa so atu anammɔn wɔ ɔman yi mu ɔhaw ahodoɔ a yɛwɔ mu seesei no ho nam so ama yɛatumi agyina yɛn nan so bio wɔ yadeɛ kontonkurowi yi akyi.	In the 2022 Budget, we have outlined plans to continue to tackle the immediate challenges of the economy and to emerge stronger in the post-pandemic era.
0.3700	0.0252	Aban de asi n’ani so sɛ ɔbɛyɛ ntotoeɛ a ɛdi mu na ɔne akuhodoɔ adi nsawɔsoɔ de atu anammɔn a ɛbɛma mmabunu anya nsaanonnwuma ho nteteeɛ na yɛahwɛ ama ankorankorɛ nnwumabue atu mpɔn wɔ mmabunu mu. ɔberɛ a yɛgu so redi dwuma wɔ Ɔmanpanin anisoadehunu a ɔpɛ sɛ Ghana duru mpɛmpɛnsoɔ a yɛrenhia mmoa (Ghana Beyond Aid) ho no, mɛsrɛ Ghanafoɔ nyinaa, titire mmabubu no sɛ wɔnhunu sɛ wɔwɔ kyɛfa wɔ ɔman yi mu, wɔnsusu biribi pa na wɔmfa wɔn ho nhyɛ ankorankorɛ nnwumabue ɔman a yɛrekyekyere ama aseɛ atim no mu na ɛnwie pɛyɛ.	Government is dedicated to comprehensive and coordinated initiatives to provide skills and promote entrepreneurship amongst the youth. As we pursue the President's ” vision of moving Ghana Beyond Aid, I wish to appeal to all Ghanaians, particularly the Youth to assume this shared ownership, be innovative, and be actively involved in building a sustainable Entrepreneurial State.
0.2914	0.9058	Mehyɛ yɛn nyinaa nkuran sɛ yɛmmoa na yɛnkyekyere Ghanaman a yɛn nyinaa hwehwɛ no.	I charge us all to help build the Ghana we desire.
0.1573	0.0154	Onyankopɔn nhyira yɛnƆƆƆƆ Ken Ofori-Atta Ɔsoafoɔ a ɔhwɛ Sikasɛm so	Minister for Finance ”
0.6895	0.7832	Afe 2022 Ɔman Mma Sikasɛm Nhyehyɛeɛ yi yɛ dwuma a Aban dii wɔ 2021 mu no ho tɔfabɔ ne sika dodoɔ a Aban hwɛ anim sɛ ɔbɛnya de atu ne nhyehyɛeɛ ne ne dwumadie ahodoɔ ho anammɔn wɔ afe 2022 mu ne mmerɛ kakra a ɛdi yɛn anim yi mu.	The 2022 Citizen's Budget is a summary of what Government achieved in 2021 and how much the Government intends to collect in revenues to implement its policies and programmes in 2022 and the medium-term.
0.6573	0.2118	Sɛdeɛ ɛbɛyɛ na anammɔn a yɛretu ama asetenam ne sikasɛm mpontuo asane apagya na ɔman mpontuo botaeɛ ahodoɔ abam no enti, afe 2022 Sikasɛm Nhyehyɛeɛ yi botaeɛ ne sɛ yɛbɛfa Sikasɛm Ntotoeɛ pa so bɛkyekyere Ɔman a Ankorankorɛ Nnwumabue ase bɛtim wɔ mu na Nnwuma abu so ama ɔman mma anya bi ayɛ.	To support socio-economic recovery efforts and national development goals, the 2022 Budget focuses on Building a Sustainable Entrepreneurial Nation through Fiscal Consolidation and Job Creation.
0.3584	0.0016	Sɛdeɛ na Ɔman sikasɛm mu mpontuo nnyinasoɔ no teɛ 3. Deɛ ɛdidi soɔ yi yɛ nkontabuo ho amaneɛbɔ a yɛn nsa aka a ɛkyerɛ sɛdeɛ na ɔman sikasɛm teɛ wɔ afe 2021 mu:	Provisional data on the performance of the economy in 2021 is as follows.
0.5091	0.5464	Abosome nsia a na ɛdi kan wɔ afe 2021 mu no, ɔman yi mu adwadeɛ nyinaa mu mpontuo duruu ɔha mu nkyɛmu mmiɛnsa ne akyire pɔ mmiɛnsa (Overall real GDP averaged 3.5 %) wɔ ɛberɛ a na saa ɛberɛ korɔ no ara mu wɔ afe 2020 mu no, adwadeɛ mu mpontuo duruu ɔha mu nkyɛmu hwee ne akyire pɔ nson (0.7 % growth), Non-Oil real GDP) kɔɔ Adwadeɛ a ɛma yɛnya sika a Fango nka ho ( anim ɔha mu nkyɛmu ɛnan ne akyire pɔ nwɔtwe (4.8 %) wɔ abosome nsia a ɛdi kan wɔ afe 2021 mu, na saa ɛberɛ korɔ no ara mu wɔ afe 2020 mu no, saa sika yi kɔɔ anim ɔha mu nkyɛmu baako ne akyre pɔ baako pɛ (1.1 %), Na nneɛma boɔ-sorokɔ wɔ ɔbɔ bosome awieeɛ yɛ ɔha mu nkyɛmu (10.6 %), na saa ɛberɛ korɔ no ara wɔ afe 2020 edu ne akyire pɔ nsia mu no, na nneɛma boɔ-sorokɔ yɛ ɔha mu nkyɛmu edu ne akyire pɔ ɛnan (10.4 %), Sika dodoɔ a na aka mu a yɛhia de asɔ yɛn sikasɛm nhyehyɛeɛ mu Overall budget deficit -cash) wɔ abosome nsia a ɛdi sika nyinaa so ( kan wɔ afe 2021 mu no yɛ ɔha mu nkyɛmu nson ne akyire pɔ nson 7.7 % of GDP), na saa ɛberɛ korɔ no ara mu wɔ afe 2020 mu no, na deɛ ɛsi yɛn ani so yɛ ɔha mu nkyɛmu nson ne akyire pɔ ɛnan (7.4 % of GDP), Primary balance) Sika dodoɔ a yɛbɛhia de atua dwumadie ho ɛka ( no 2.0 % of GDP), na yɛ ɔha mu nkyɛmu mmienu ne akyire pɔ hwee ( saa ɛberɛ korɔ no ara wɔ afe 2020 mu no, na ɛyɛ ɔha mu nkyɛmu baako ne akyire pɔ nson (1.7. %), Ɛka a na ɔman no de a wode ba ɔman adwadeɛ nyinaa mu ɔha mu nkyɛmu (%age of GDP) a, ɛyɛ ɔha mu nkyɛmu aduoson nson ne akyire pɔ nson (77.7 %) wɔ Ɛbɔ bosome awieeɛ wɔ afe 2021 mu, wɔ ɛberɛ a Ɔpɛnimma bosome baa awieeɛ wɔ afe 2020 mu no, na ɛyɛ ɔha mu nkyɛmu aduoson nsia ne akyire pɔ baako (76.1 %), (Gross International Reserves) Amannɔne Sika Dodoɔ a Ɔman no wɔ nso kɔduruu Amɛrika sika ɔpepepem dubaako ne ɔpepem aduanan US$11.44 billion) wɔ Ɔsanaa bosome awieeɛ wɔ afe 2021 mu, ɛnan ( a ɛbɛtumi akra nneɛma abosome enum ne nnanu na wode toto Ɔpɛnimma bosome awieeɛ wɔ afe 2020 mu ho a, na ɛyɛ Amɛrika sika ɔpepepem nwɔtwe ne ɔpepem aduosia mmienu (US$8.62 billion) a na ɛbɛtumi akra nneɛma abosome ɛnan ne da koro pɛ, ɛnna afei Ɔman no sika ahoɔden wɔ amannɔne sika atitire mu no gyinaa faako kama wɔ afe 2021 mu. Ɛduruu Ɛbɔ bosome awieeɛ wɔ afe 2021 mu no, na Ghana sika no ahoɔden wɔ Amɛrika sika mu apagya bɛyɛ ɔha mu nkyɛmu baako ne akyire pɔ nson (1.7% against the US Dollar) na wode toto saa ɛberɛ korɔ no ara ho wɔ afe 2020 mu a, ɔman no sika ahoɔden wɔ Amɛrika sika mu no so tee ɔha mu nkyɛmu mmienu ne akyire pɔ nkron (2.9 % depreciation).	Overall real GDP averaged 3.5 percent in the first half of 2021 against the 0.7 percent growth in same period 2020; Non-Oil real GDP grew at an average of 4.8 percent in the first half year of 2021 compared to 1.1 percent in the same period 2020; Inflation as at end-September was 10.6 percent, compared to the 10.4 percent same period in 2020; Overall budget deficit (cash) of 7.7 percent of GDP against the target of 7.4 percent of GDP; Primary balance recorded a deficit of 2.0 percent of GDP, compared to the target deficit of 1.7. percent; The Public debt (as percentage of GDP) stood at 77.7 percent at the end of September 2021, up from 76.1 percent at the end of December Gross International Reserves at end-August 2021 was US$11.44 billion, enough to cover 5.2 months of imports, compared to US$8.62 billion equivalent to 4.1 months of imports recorded at end-December 2020; and Exchange rates remained stable across the major international currencies for the three quarters of 2021. Specifically, the Ghana cedi depreciated cumulatively by 1.7 percent against the US Dollar by the end of September 2021, compared to a 2.9 percent depreciation in the same period in 2020.
0.2820	0.7290	Sika A Ɛbaa Ɔman Fotoɔ Mu 4. Sika a Aban gyegyee ne deɛ wɔde kyɛɛ ɔman no firi Ɔpɛpɔn kɔsi Ɛbɔ bosome mu wɔ afe 2021 mu no nyinaa kɔsii ɔpepepem aduanan nsia ne ɔpepem aduɔwɔtwe enum (GH¢46.85 billion) a ɛyɛ ɔman mu adwadeɛ nyinaa mu ɔha mu nkyɛmu edu ne akyire pɔ nson (10.7% of GDP), na yɛyɛɛ dwumadie mu nsakraeɛ no, na sika dodoɔ a yɛde yɛn ani asi so sɛ ɛsɛ sɛ yɛnya no yɛ ɔpepepem aduonum baako ne ɔpepem aduasa baako (GH¢51.31 billion) a ɛyɛ ɔman mu adwadeɛ nyinaa mu ɔha mu nkyɛmu dubaako ne akyire pɔ nson (11.7% of GDP).	Total Revenue and Grants for the period January to September 2021 amounted to GH¢46.85 billion (10.70 of GDP), against the revised programme target of GH¢51.31 billion (11.70 of GDP).
0.1448	0.0862	Sika dodoɔ a ɛbaa ɔman fotoɔ mu no na ɛdidi soɔ yi: Ɛtoɔ a ɛmfiri fango dwumadie ho sika mu (Non-oil Tax Revenue) a ɛyɛ ɔha mu nkyɛmu aduoson ɛnan (74%), sika a ɛmfiri fango mu na ɛnyɛ ɛtoɔ sika (Nonoil-non-Tax Revenue) a ɛyɛ ɔha mu nkyɛmu nkron (9%), sika a ɛfiri Fango ne Ogyaframa mu (Oil and Gas Receipts) a ɛyɛ ɔha mu nkyɛmu nkron (9%), sika afoforɔ (other Revenue) a ɛyɛ ɔha mu nkyɛmu nsia (6%) ɛnna sika a wɔde kyɛɛ ɔman no (Grants) a ɛyɛ ɔha mu nkyɛmu mmienu (2%) sɛdeɛ yɛada no adi wɔ Hyehyɛpono 1 mu no.	The total revenues received is made up of Non-oil Tax Revenue (740), Non-Oil Non-Tax Revenue (90), Oil and Gas Receipts (90), other Revenue (60) and Grants (20) as seen in Figure 1.
0.7335	0.4727	Afe 2021 Sika dodoɔ a Aban gyegyee no annuru deɛ yɛde sii yɛn ani so sɛ yɛn nsa bɛka no ɛsiane sɛ Nnwumakuo Mfasoɔ ho Ɛtoɔ (Corporate Income Tax), Ankorankorɛ Sika ho Ɛtoɔ (Personal Income Tax), Fagudeɛ ho Ɛtoɔ, Ɔman yi mu Adwadeɛ ho Ɛtoɔ (Domestic Excise Duty) ne Nkratoɔ Dwumadie ho Ɛtoɔ (Communications Service Tax) nyinaa so teeɛ.	The reduction in total revenue and grants in 2021 compared to the targets was due to lower-than-expected performance in Corporate Income Tax, Personal Income Tax, Mineral Royalties, Domestic Excise Duty, and Communications Service Tax.
0.2815	0.9849	Dwuma A Yɛde Sika Diiɛ 6. Ɛbɔ bosome kɔɔ awieeɛ wɔ afe 2021 mu no, na Sika dodoɔ a Aban de adi dwuma (a ɛka a yɛatua ka ho bi) no aduru Ghana sika sidi ɔpepepem aduɔwɔtwe ne ɔpepem aduoson baako (GH¢80.71 billion) a ɛyɛ ɔman yi mu adwadeɛ mu ɔha mu nkyɛmu dunwɔtwe ne akyire pɔ ɛnan (18.4% of GDP) a wode toto dwumadie mu nsakraeɛ a yɛyɛɛ no ho a, na ɛsɛ sɛ anka yɛde Ghana sika sidi ɔpepepem aduɔwɔtwe mmiɛnsa ne ɔpepem aduɔwɔtwe nkron (GH¢83.89 billion) a ɛyɛ ɔman yi mu adwadeɛ mu ɔha mu nkyɛmu dunkron ne akyire pɔ baako (19.1% of GDP) na ɛdi dwuma.	Total Government Expenditures (including arrears clearance) as at end September 2021 amounted to GH¢80.71 billion (18.40 of GDP) against the revised target of GH¢83.89 billion (19.10 of GDP).
0.3156	0.0008	Adwumayɛfoɔ akatua ne Nsiho-tua na na ɛyɛ nneɛma mmienu a Aban bɔɔ ho ɛka pa ara.	Compensation of Employees and Interest Payments were the two biggest expenditure items.
0.2440	0.9678	Sikasɛm Nhyehyɛeɛ ho Anammɔntuo ne Dwumadie ho Sikapɛ 7. Sika dodoɔ a Aban de dii dwuma boroo so ma ɛka a ɛbaa so yɛ ɔpepepem aduasa mmiɛnsa ne ɔpepem aduɔwɔtwe nsia (GH¢33.86 billion) a ɛyɛ ɔman yi mu adwadeɛ mu ɔha mu nkyɛmu nson ne akyire pɔ nson (7.7% of GDP) a na anka ɛsɛ sɛ ɛyɛ ɔpepepem aduasa mmienu ne ɔpepem aduonum nwɔtwe (GH¢32.58 billion) a ɛyɛ ɔman yi mu adwadeɛ mu ɔha mu nkyɛmu nson ne akyire pɔ ɛnan (7.4% of GDP).	Government's fiscal operations resulted in a cash deficit of GH¢33.86 billion (7.70 of GDP), compared to the revised target of GH¢32.58 billion (7.40 of GDP).
0.3390	0.2230	Aban pɛɛ ɛka a ɛboroo so yi ho sika firii ɔman yi mu ne amannɔne.	The deficit was financed from both domestic and external sources.
0.3374	0.9795	Sika dodoɔ a Aban nyaa no wɔ ɔman yi mu no kɔduruu ɔpepepem aduonu ne ɔpepem aduasa nkron (GH¢20.39 billion) a ɛyɛ ɔman yi mu adwadeɛ ɔha mu nkyɛmu aduosia ne akyire pɔ mmienu (60.2% of GDP) na sika a Aban nya firii amannɔne nso kɔduruu ɔpepepem dumiɛnsa ne ɔpepem aduanan nson (GH¢13.47 billion) a ɛyɛ ɔman yi mu adwadeɛ ɔha mu	Total Domestic Financing amounted to GH¢20.39 billion, while Foreign financing amounted to GH¢13.47 billion, constituting 60.2 percent and 39.8 percent of the total, respectively.
0.3441	0.7583	Ɛka A Ɔman Bɔɔ Wɔ afe 2021 Mu 8. Amaneɛbɔ a ɛwɔ hɔ seesei ne sɛ, Ɛbɔ bosome baa awieeɛ wɔ afe 2021 mu no, na ɛka a yɛabɔ yɛ Ghana sika ɔpepepem ahasa aduanan baako ne ɔpepem aduɔson nsia (GH¢341.76 billion) a wode kɔ Amɛrika sika mu a, ɛyɛ dɔla ɔpepepem aduonum nwɔtwe ne ɔpepem ahasa ne aduanan nwɔtwe (US$58.348 billion). Yei gyina hɔ ma ɔman yi mu adwadeɛ mu ɔha mu nkyɛmu aduɔson nson ne akyire pɔ nwɔtwe (77.8 % of GDP).	Provisional nominal debt stock stood at GH¢341.76 billion (US$58.348 billion) as at end-September 2021. This represents 77.8 percent of GDP.
0.2844	0.6592	Deɛ ɛka bom yɛ ɛka a ɔman yi de no ne amannɔne ɛka a ɛyɛ Ghana sika ɔpepepem ɔha aduosia mmiɛnsa ne ɔpepem aduosia enum (GH¢163.65 billion) a wode kɔ Amɛrika sika mu a, ɛyɛ dɔla ɔpepepem aduonu nson ne ɔpepem aduɔwɔtwe nwɔtwe (US$27.88 billion) a ɛyɛ ɔman yi mu adwadeɛ ɔha mu nkyɛmu aduanan nson ne akyire pɔ nkron (47.9% of GDP) ɛnna afei ɔman yi mu ɛka a ɛno nso yɛ Ghana sika ɔpepepem ɔha aduɔson nwɔtwe ne ɔpepem dubaako (GH¢178.11 billion) a wode kɔ Amɛrika sika mu a, ɛyɛ dɔla ɔpepepem aduasa ne ɔpepem aduasa enum (US$30.35 billion) a ɛyɛ ɔman yi mu adwadeɛ ɔha mu nkyɛmu aduonum mmienu ne akyire pɔ baako (52.1 % of GDP).	The composition of public debt comprises external debt of GH¢163.65 billion (US$30.35 billion), representing 47.9 percent and 52.1 percent of the total, respectively. ”
0.4245	0.7974	Nneɛma a ɛma Ɔman sikasɛm gyina a yɛde ani abu sɛ yɛbɛnya wɔ 2022 mu 9. Ɔman sikasɛm nnyinasoɔ a ɛddi soɔ yi na yɛde yɛn ani abu sɛ yɛn nsa bɛka wɔ afe 2022 mu: Ɔman yi mu adwadeɛ nyinaa kankorɔ ɔha mu nkyɛmu enum ne akyire pɔ nwɔtwe (Real GDP growth of 5.8 %), Ɔman yi mu adwadeɛ a Fango nka ho bie kankorɔ ɔha mu nkyɛmu enum akyire pɔ nkron (Non-Oil Real GDP growth of 5.9 %), Ɔpɛnimma bosome awieeɛ nneɛma boɔ-sorokɔ ɔha mu nkyɛmu nwɔtwe (End-December inflation of 8 %), Sika a yɛbɛdi aboro deɛ yɛwɔ so- ɔha mu nkyɛmu nson ne akyire pɔ ɛnan (Fiscal deficit of 7.4 % of GDP), Sika dodoɔ a ɛbɛboro deɛ yɛbɛgyegyeɛ so- ɔha mu nkyɛmu hwee ne akyire pɔ baako (Primary surplus of 0.1 % of GDP), ɛnna Amannɔne Sika Dodoɔ a ɛsɛ sɛ yɛnya de kra nneɛma bɛyɛ abosome ɛnan.	The following macroeconomic targets have been set for 2022. Overall Real GDP growth of 5.8 percent; Non-Oil Real GDP growth of 5.9 percent; End-December inflation of 8 percent; Fiscal deficit of 7.4 percent of GDP; Primary surplus of 0.1 percent of GDP; and Gross International Reserves to cover not less than 4 months of imports.
0.5979	0.9448	Ɛkwan a yɛbɛfa so apɛ sika wɔ 10. Aban ani da ɛkwan sɛ sika dodoɔ a ɔbɛtumi agyegye ne deɛ wɔde bɛkyɛ yɛn wɔ afe 2022 mu no nyinaa bɛduru Ghana sika sidi ɔpepepem ɔha ne ɔpepem mmienu (GH¢100.52 billion) a ɛyɛ ɔman yi mu adwadeɛ mu ɔha mu aduonum nkyɛmu aduonu ne akyire pɔ (20.0 % of GDP).	Total 10. Revenue and Grants for 2022 is estimated at GH¢100.52 billion (20.0 percent of GDP).
0.6019	0.8892	Sika dodoɔ a yɛde ani hwee abu sɛ yɛn nsa bɛka wɔ ɔman yi ara mu no yɛ ɔpepepem aduɔkron nkron ne ɔpepem aduonum enum (GH¢99.55 billion).	Domestic Revenue is estimated at GH¢99.55 billion.
0.3107	0.5806	Sika a yɛbɛnya wɔ ɔman yi ara mu no, ɛtoɔ sika a ɛmfiri fango mu yɛ ɔha mu nkyɛmu aduɔson nson ne akyire pɔ enum (77.5 %) a ɛyɛ Ghana sika ɔpepem aduɔson nson ne mpem ɔha ne aduasa nsia (GH¢77,136 million).	Of the total Domestic Revenue amount, Non-oil Tax Revenue constitutes 77.5 percent and amounts to GH¢77.136 million.
0.1591	0.9648	Aban ani da ɛkwan sɛ sika dodoɔ a yɛbɛgyegye no bɛgyina ɛtoɔtua ho nokorɛdie, sikagyegyeɛ ho nhyehyɛeɛ mu nsakraeɛ ne ɛtoɔtua nhyehyɛeɛ ho ntotoeɛ pa so.	The resource mobilisation for 2022 is expected to be impacted by improvements in tax compliance, reforms in revenue administration, as well as tax policy measures.
0.5436	0.0292	Sɛdeɛ yɛbɛkyekyɛ sika mu wɔ afe 11. Aban ayɛ adwene sɛ sika dodoɔ a ɔde bɛdi dwuma (a ɛka a yɛbɛtua ka ho bi) bɛduru Ghana sika sidi ɔpepepem ɔha aduasa nson ne ɔpepem aduonum mmiɛnsa (GH¢137.53 billion) a ɛyɛ ɔman yi mu adwadeɛ mu ɔha mu nkyɛmu aduonu nson ne akyire pɔ ɛnan (27.4 % of GDP).	Total Expenditure (including clearance of Arrears) is projected at GH¢137.53 billion (27.4 percent of GDP). key drivers of the expenditure growth include Capital Expenditure, funding of Government flagship programmes, wage bill, and interest payments.
0.2334	0.2345	Yɛhwɛ sika a yɛde yɛn ani abu sɛ yɛbɛnya ne deɛ wɔde bɛkyɛ yɛn ɛnna afei dwuma ahodoɔ a yɛde bɛdi wɔ afe 2022 mu no a, dwumadie ho sikasɛm no bɛboro deɛ yɛatwa ato hɔ wɔ Sikasɛm Nhyehyɛeɛ yi mu no so sika ɔpepepem aduasa nson ne ɔpepem baako (GH¢39.01 billion) a ɛyɛ ɔman yi mu adwadeɛ Mu ɔha mu nkyɛmu nson ne akyire pɔ ɛnan (7.4 % of GDP).	Arrears Clearance 1.90 Other Expenditures 9.97 Grants to Other Govt Units 26.83 Interest Payments 37.45 Capital Expenditure 16.40 Goods & Services 9.15 Compensation 35.84 Total Expenditure 137.53 12. Based on the estimates for Revenue 0 Grants and Expenditure, the 2022 fiscal operations will result in an overall fiscal deficit of GH¢37.01 billion, equivalent to 7.4 percent of GDP.
0.3395	0.2502	Sika dodoɔ a yɛn ani da ɛkwan sɛ ɛbɛfiri amannɔne aba ama yɛde asɔ yɛn sika so no bɛyɛ sidi ɔpepepem nkron ne ɔpepem baako (GH¢9.1 billion) a ɛyɛ ɔman yi mu adwadeɛ mu ɔha mu nkyɛmu baako ne akyire pɔ nwɔtwe (1.8 % of Sika a yɛn ani da ɛkwan sɛ yɛbɛnya wɔ ɔman yi ara mu nso bɛyɛ GDP). sidi ɔpepepem aduonu nson ne ɔpepem nkron (GH¢27.9 billion) a ɛyɛ ɔman yi mu adwadeɛ mu ɔha mu nkyɛmu enum ne akyire pɔ nsia (5.6 % of GDP).	Total Foreign financing of the deficit will amount to GH¢9.1 billion (1.8 percent Domestic financing of the budget on the other hand, will amount to
0.1838	0.3125	Ɔman Sikanya Ho Nhyehyɛeɛ Ahodoɔ 14. Aban de nhyehyɛeɛ ahodoɔ agu akwan mu a ɛnam so bɛkanyan mfidinnwuma na aboa ama wɔayɛ adwadeɛ a ɛdi mu a ɛbɛnya edwa wɔ ɔman yi mu ne amannɔne.	Government will introduce measures that will revamp industry and make their products competitive in both the local and international markets.
0.0440	0.0047	Ne saa enti, ɛho akɔhia sɛ yɛyɛ nhyehyɛeɛ mu nsakraeɛ ahodoɔ a ɛdidi soɔ yi: Sɛdeɛ ɛbɛyɛ na yɛbɛma mfasoɔ a ɛbɛba mfidinnwuma mu no ase atim na wɔatumi atrɛ wɔn dwumadie mu enti, Aban de mfeɛ mmienu bɛka mmerɛ dodoɔ a ɔde maa ntomatam mfidinnwuma sɛ wɔrentua adwadeɛyɔ ho ɛtoɔ (Vat Relief) no a ɔhyɛɛ aseɛ wɔ afe 2019 mu no ho, Mfeɛ mmienu akyi nie a yɛde amannɔne edwadie nhyehyɛeɛ a ɛfa nneɛma a yɛkra firi amannɔne ho dii dwuma a emu no, yɛmaa amannɔne adwadifoɔ kɔn mu dwoo wɔn kakra.	In this respect, it has become increasingly necessary to make the following policy changes.
0.2859	0.0096	Yɛbɛyɛ nsakraeɛ wɔ saa nhyehyɛeɛ yi mu ama adi mu na aboa amannɔne adwadifoɔ pɔtee a ɛsɛ sɛ saa nhyehyɛeɛ yi boa wɔn no, Yɛbɛte ɛtoɔ a fagudeɛtuo nnwuma nketewa a wɔtɔn sikakɔkɔɔ a yɛmfa mfaa afidie mu tua no so firi ɔha mu nkyɛmu mmiɛnsa de akɔ ɔha mu nkyɛmu baako ne ɛfa (withholding tax rate reduction from 3 % to 1.5 Ɛfiri Ɔpɛpɔn ahyɛaseɛ wɔ afe 2022 mu no, Ghana Ɛtoɔgyeɛ Adwumakuo (Ghana Revenue Authority) bɛboa Nkuropɔn, Nkuro ne Mansini Mmarahyɛbadwa (MMDAs) no ama wɔapɛ akwannya korɔ a ɛbɛboa wɔn ama wɔatu anammɔn wɔ ntokuatoɔ gyegyeɛ ntotoeɛ ho ama wɔatumi agyegye no yie na wɔabu ho nkonta pa nso, Aban bɛyɛ nsakraeɛ wɔ sika ahodoɔ a Aban Nnwuma Ahodoɔ (MDAs) gye wɔ wɔn dwumadie ho no mu na ahyɛ aseɛ ayɛ adwuma firi Ɔpɛpɔn da a ɛdi kan wɔ afe 2022 mu.	To consolidate gains and expand production in the industry, Government will extend the Vat Relief introduced on African textile prints for textile manufacturers in 2019 for a further two years; After two and a half years of operation, the temporal benchmark (discount) policy on imports introduced as a stop-gap measure will be reviewed to make it more efficient and targeted; Reduction in withholding tax rate for sale of unprocessed gold by smallscale miners on whom the incidence of tax falls from 3 percent to 1.5 percent; Starting from January 2022, Government, through the Ghana Revenue Authority, will assist MMDAs to implement a common platform for property tax administration to enhance Property tax collections and its accountability; Government will review fees and charges of MDAs for implementation from 1st January, 2022. Fees and charges will be subjected to automatic adjustment consistent with the annual average inflation rate; There will be zero-rate tolls on all public roads and bridges effective immediately the Budget is approved.
0.2021	0.6226	"Sika ahodoɔ a Aban Nnwuma gyegye mu nsakraeɛ no bɛgyina sɛdeɛ afe biara nneɛma-boɔ sorokɔ no teɛ so, Mmarahyɛbadwafoɔ gye Sikasɛm Nhyehyɛeɛ yi tom ara pɛ, ntɛm pa ara lɔrekwan so ɛtoɔ a yɛtua no bɛba awieeɛ, Yɛde Abɛɛfo Afidie so Sikamaneɛ ho Ɛtoɔ (""Electronic Transaction Levyanaa ""E-Levy-) bɛba sɛdeɛ ɛbɛyɛ a ɛbɛma ɛtoɔtua mu atrɛ na ama wɔn a wɔn din nni Aban nwoma mu nso abɛka nnipa a wɔtua ɛtoɔ wɔ ɔman yi mu no ho."	There will be an introduction of “Electronic Transaction levy” or “Elevy” on all electronic transactions to widen the tax net and rope in the informal sector.
0.0743	0.9624	Saa ɛtoɔ yi bɛka “fonq so sikamaneɛ, sikakorabea sikamaneɛ, “fonq so sikamaneɛ ho dwumadie ne sikamaneɛ a ɛfiri amannɔne, na ɛtoɔ a ɛda so yɛ ɔha mu nkyɛmu baako ne akyire pɔ nson ne fa (1.75%) a onipa a ɔde sika remane no na ɔbɛtua, gye sɛ sikamaneɛ a ɛfiri amannɔne reba no na deɛ ne nsa bɛka sika no bɛtua saa ɛtoɔ yi.	The levy will cover mobile money payments, bank transfers, merchant payments, and inward remittances.
0.0649	0.0021	Saa ɛtoɔ yi bɛhyɛ aseɛ wɔ Ɔgyefuo bosome da ɛdi kan wɔ afe 2022 mu.	The applicable rate levied on all these transactions is 1.75 percent, which will be borne by the sender, except for inward remittances where it will be borne by the recipient.
0.3045	0.5884	Sikamaneɛ a ɛbɛkɔ so wɔ da koro mu a ɛduru sidi ɔha (GH¢100) anaa deɛ ɛnnuru saa no, ɛtoɔ yi nka no.	This will take effect 1st February, 2022. Transactions that add up to GH¢100 or less per day will be exempt from this levy.
0.4142	0.0008	Nhyehyɛeɛ A Ɛfa Dwumadie Ho Sikasɛm Ho 15. Sɛdeɛ ɛbɛyɛ na yɛde sika bɛdi dwuma a ɛhia mapa na aboa ama yɛanya sikasɛm mu ahohyɛsoɔ enti, yɛbɛtu dwumadie ho sikasɛm nhyehyɛeɛ ahodoɔ ho anammɔn wɔ afe 2022 ne mmerɛ kakra a ɛdi yɛn anim yi mu:	To contain expenditures and further enhance fiscal sustainability, a number of expenditure measures will be implemented in the 2022 fiscal year and the medium-term. a.
0.6910	0.0146	Aban bɛkɔ so abɔ aban adwumayɛfoɔ akatua ho nhyehyɛeɛ no ho ban na yei mu no, yɛbɛhwɛ sɛ aban adwumayɛfoɔ a wɔnam ɛkwan pa so afa wɔn wɔ adwumam no nko ara na wɔde wɔn din bɛkɔ Aban akatua nwoma mu, b. Afe 2022 mu ne mmerɛ kakra a ɛdi yɛn anim yi mu no, yɛbɛyɛ Aban adwumayɛfoɔ dwumadie nnyinasoɔ mu nhwehwɛmu nam so de ahunu adwumayɛfoɔ dodoɔ a wɔn ho bɛhia wɔ Aban nnwuma ahodoɔ mu sɛdeɛ ɛbɛyɛ a yɛbɛnya Aban adwumayɛfoɔ dodoɔ a ɛfata na wɔn dwumadie adi mu, c.	Government will continue to safeguard the integrity of the payroll system by ensuring that only public sector employees properly engaged through approved channels are placed on the payroll; b. a staff rationalisation exercise will be carried out in 2022 and the medium-term to instil efficiency in the allocation of staff to government institutions with the view to right-sizing the public sector workforce; c.
0.6879	0.5430	Mpontunnwuma afoforɔ biara a yɛaka ho asɛm wɔ afe 2022 Sikasɛm Nhyehyɛeɛ yi mu sɛ yɛbɛyɛ, ne deɛ Aban Nnwuma (MDAs), Kuropɔn, Nkuro ne Mansini Mmarahyɛbadwa (MMDAs) ne Aban Nnwumakuo ahodoɔ (SOEs) no Animanim Mpontuo Nhyehyɛeɛ (Medium-Term Development Plans) mu no ho anammɔntuo nyinaa a ɛmfa ho ne baabi a dwumadie no ho sika firi no, yɛde bɛfa mmara (L.I. 2411) ɛkwan no so sɛdeɛ ɛbɛyɛ a yɛbɛyi sikasɛeɛ akwa na aboa ama ɔman mpontunneɛ ho dwumadie a Aban nnwuma di ma ɔmanfoɔ no adi mu ama mfasoɔ aba ho.	All new projects announced in the 2022 Budget and those included in the Medium-Term Development Plans of MDAs, MMDAs and SOEs shall, irrespective of their funding source, be subjected to the processes outlined in l.I. 2411 to ensure efficiency and effectiveness in the delivery of public infrastructure and provision of public goods and services.
0.3593	0.8535	Yɛbɛdi sikasɛm ho anammɔntuo ahodoɔ a ɛdidi soɔ yi so sɛdeɛ ɛbɛyɛ a yɛremfom wɔ mmerɛ kakra a ɛdi yɛn anim yi mu wɔ sikasɛm ahohyɛsoɔ ɛkwan a yɛatwa ato hɔ no:	The following expenditure commitments control measures will also be enforced to avoid veering off the chartered medium-term fiscal consolidation path.
0.3957	0.9927	Nneɛma a Aban Nnwuma agye atom wɔ wɔn Nneɛmatɔ Nhyehyɛeɛ (Procurement Plans) mu a apue edwa wɔ Aban Nneɛmatɔ Mpenesoɔ Adwumakuo (PPA) no abɛɛfo amaneɛbɔbea (website) no nko ara na yɛbɛdi ho dwuma de ama nneɛmatɔ ho kɔntraagye, Ɛsɛ sɛ Nneɛmatɔ ho abisadeɛ a Aban adwumakuo biara bɛyɛ wɔ afe biara mu no yɛ deɛ wɔatwa ɛho sika ato hɔ wɔ saa afe korɔ no mu Sikasɛm Nhyehyɛeɛ mu.	Only items specified in approved MDAs' Procurement Plans posted on the PPA website can be considered for procurement contracts; All procurement requests by procurement entities relating to a particular fiscal year must be backed by budgetary allocations approved for that year.
0.3926	0.9209	Yei da nkyɛn a, ɛsɛ sɛ yɛhunu baabi a saa nneɛmatɔ yi ho sika firi reba ɛnna sika dodoɔ a ɛwɔ hɔ ma saa nneɛmatɔ yi, Aban adwumam panin biara nni ho ɛkwan sɛ ɔde ne nsa hyɛ Nteaseɛ Apam (MoU) biara ase de kyekyere Ghana Aban wɔ sikasɛm mu wɔ ɛberɛ a ɔnnyee mpenesoɔ mfirii Ɔsoafoɔ a Ɔhwɛ Sikasɛm so no nkyɛn.	This notwithstanding, all such requests must also be based on actual confirmed sources and availability of funding; No public official must sign any MOU or agreement that commits the Government of Ghana financially without prior approval or clearance from the Minister for Finance.
0.5018	0.9473	"Ghana Covid-19 Asetɔre Ne Ankorankorɛ Nnwuma Mu Nkanyan Ho Mmoa (Ghanacares) “Obaatan Pa” Dwumadie No 17. Sɛdeɛ ɛbɛyɛ na yɛbɛduru yɛn botaeɛ a yɛpɛ sɛ Ghana duru mpɛmpɛnsoɔ a yɛrenhia mmoa ho, na afei yɛasane agyina yɛn nan so wɔ COVID-19 Yadeɛ Kontonkurowi akyi enti, Ghana Aban hyɛɛ aseɛ tuu Ghana Covid-19 Asetɔre (GhanaCARES) ""Obaatan Ne Ankorankorɛ Nnwuma Mu Nkanyan Ho Mmoa Pa- (GH¢100 Dwumadie a emu sikabotene yɛ sidi ɔpepepem ɔha baako billion) ho anammɔn."	To realise the vision of transforming Ghana Beyond Aid, and beyond COVID- 19 Pandemic, Government commenced the implementation of the GH¢100 billion Ghana COVID-19 Alleviation and Revitalisation of Enterprises Support programme, (the GhanaCARES “Obaatan pa” programme).
0.3444	0.9478	Yei botaeɛ ne sɛ yɛnam ankorankorɛ nnwuma ho no nhyehyɛeɛ mu mpontuo ne mmoa a yɛde bɛma wɔn no so ama ɔman yi sikasɛm agyina yie, nkanyan aba mu na ɛnam so ama nsakraeɛ pa aba ɔmanfoɔ asetena mu.	This is to stabilise, revitalise and transform our nation, through the improvement of the business environment, and support the private sector.
0.3474	0.8320	Deɛ ɛdidi soɔ yi ne dwumadie no mu nkonimdie ahodoɔ a epuee wɔ afe 2021 mu ɛnna afei anammɔn ahodoɔ a yɛasi gyinaeɛ sɛ yɛbɛtu wɔ afe 2022 mu.	The following are highlights of the key successes of the programme in 2021 and initiatives planned for 2022.
0.3815	0.0036	Abɛɛfo Ɛkwan a Yɛfa so yɛ Kua ne Nnuanekra Nhyɛananmu 19. Ahineme bosome baa awieeɛ wɔ afe 2021 mu no, na yɛafa abɛɛfo ɛkwan so atwerɛ nnipa dodoɔ mpem ahanum aduɔson nkron, ahansia aduosia mmienu (579,662 individuals) edin a emu mpem ahanum aduanan nson, ɔha ne aduonu nsia yɛ akuafoɔ (547,126 farmers) ɛnna emu mpem aduasa mmienu, ahanum ne aduasa nsia yɛ nnipa a wɔdi dwuma ahodoɔ wɔ kua mu (32,536 value chain actors) na yei bɛboa ama yɛatumi de yɛn ani adi wɔn dwumadie akyi, ahunu obiara dwuma a ɔredi sɛdeɛ ɛbɛyɛ a, Aban mmoa a ɔde boa kuadwuma no bɛdi mu na emu ayɛ fann a obiara bɛhunu deɛ ɛrekɔ soɔ.	A total of 579,662 individuals, comprising 547,126 farmers and 32,536 value chain actors, have been registered in an electronic database of farmers as of October 2021, to improve tracking, targeting, efficiency and transparency in public support programmes within the agriculture sector.
0.3919	0.9087	Aban ne nnipakuo ahodoɔ a wɔdi nkokɔyɛn, ɛmo, soya ne ntoosi ho dwuma no nyinaa hyiaeɛ, na ɛnam nhyiamu yi so maa Aban hunuu ɔhaw ahodoɔ a ɛwɔ wɔn dwumadie mu na yei maa Aban yɛɛ nhyehyɛeɛ a ɔnam so bɛma kuadwuma mu nnwumakuo ahodoɔ no bosea a ɛho nsiho wɔ fam sɛdeɛ wɔde bɛsɔ wɔn dwumadie mu ɔhaw ano.	Government engaged various actors in the poultry, rice, soya and tomato value-chain to understand the challenges of the sub-sector, which led to the development of a framework to provide Interest Rate Subsidy (IRS) to agribusinesses to address the financing constraints.
0.2031	0.8184	Saa nhyehyɛeɛ yi mu no, wɔde bosea a wɔate ɛho nsiho no so ɔha mu nkyɛmu aduonum (50% subsidy on interest) bɛma kuadwuma mu nnwumakuo a wɔfata ama wɔde atotɔ dwumadie mu akadeɛ a wɔhia na wɔde atrɛ wɔn dwetire mu nso.	The IRS intervention will grant about 50 percent subsidy on interest charges for loans advanced to qualified agribusinesses to secure equipment and expand working capital.
0.2006	0.0211	Sɛdeɛ ɛbɛyɛ na abɛɛfo kuadwuma a yɛahyɛ aseɛ yi ase bɛtim enti, yɛbɛtu anammɔn ahodoɔ a ɛdidi soɔ yi wɔ afe 2022 mu: yɛbɛbue Ghana Kuadwuma Nsase ho Amaneɛbɔ Beaeɛ (Ghana Agricultural Land Information Bank-GhLIB) a ɛbɛboa ama wɔn a wɔrepɛ asase ayɛ kuadwuma atɔn mu nnɔbaeɛ no anya bi, yɛbɛfa abɛɛfo asetenam nkutahodie ne nkratoɔ akwanhodoɔ (social media) so ama mmabunu nkyerɛkyerɛ na yɛne wɔn anya nkutahodie afa akwannya ahodoɔ a ɛwɔ kuadwuma mu no ho, na afei yɛbɛyɛ nhwehwɛmu afa kuadwuma mu edwadie ho nam so ahunu nhyehyɛeɛ ne akadeɛ a ɛbɛboa saa kuadwuma mu edwadie yi na yɛatumi de akadeɛ ne mmoa ama mmabunu.	To sustain the modernisation of agriculture, the following measures will be pursued in 2022. create a Ghana Agricultural land Information Bank (GhlIB) to improve access to land, especially for commercial farming; sensitise and engage the youth on the opportunities within the agricultural sector, including the use of social media; and map-out agribusiness start-up ecosystem and resources to take stock of the ecosystem resources and disseminate them to the youth
0.4170	0.4126	Nsrahwɛ, Adwinnie Ne Amammerɛ Mpontuo 22. Dwuma a Aban nam CARES nhyehyɛeɛ so redi de apagya Nsrahwɛ, Adwinnie ne Amammerɛ mu ama ɔman sikasɛm atu mpɔn enti, Aban bɔɔ mmɔden wiee Ɔman Nsrahwɛbea ahodoɔ a wɔde bɛgu abɛɛfo amaneɛbɔbea baako so ho dwumadie, na ɛnam so ma wɔn a wɔdi dwuma wɔ nsrahwɛ adwuma no mu ahasa (300 operators) aba faako sɛdeɛ ɛbɛyɛ a wɔbɛfa abɛɛfo ɛkwan so adi wɔn dwuma na wɔn dwumadie adi mu.	As part of promoting the Tourism, Art and Culture Sector of the economy under the CARES, Government completed the on boarding of 300 operators on the National Tourism Destination Single window platform to automate tourism operations and enhance service delivery and quality.
0.1736	0.4905	Afe 2022 mu no, Aban bɛsisi mmeaeɛ bi te sɛ Adwinnie Mpontuo Beaeɛ, Anyinam mfidie, mfidie a asɛe akwaa beaeɛ, na wayiyi akwan a ɛkɔ nsrahwɛbea na afei ɔde mpontunneɛ bi te sɛ anyinam nkanea, nsuo ne nkratoɔ ne nkutahodie ho akadeɛ akɔ nsrahwɛbea ahodoɔ.	In 2022, Government will construct ancillary facilities such as a Pattern Development Shop, a Powerhouse, a Scrapyard, and road networks as well as provide other infrastructure such as power, water and telecommunication facilities at tourist sites.
0.3926	0.1504	Adwadeɛyɔ ne Adwadeɛ a Yɛde bɛkɔ Amannɔne Mu Mpontuo 24. Sɛdeɛ ɛbɛyɛ na dwuma a yɛbɛdi no ne Aban Mfidinnwuma ho Botaeɛ ahodoɔ Edu (Governmentqs 10-Point Industrialization Agenda) no bɛsiae soɔ enti, yɛasi gyinaeɛ sɛ yɛbɛma yɛn ani akɔ Ghana Mfidinnwuma Nketewa mu ntrɛmu so sɛdeɛ ɛbɛyɛ a, wɔbɛtumi ayɛ adwadeɛ a ɛbɛnya boɔ wɔ amannɔne edwa so, nnwuma a wɔdane mfudeɛ ani dwumadie bɛtu mpɔn, wɔayɛ adwadeɛ bebree a yɛde bɛkɔ amannɔne akɔtɔn na ɛnam so ama nnwuma abu so ma ɔmanfoɔ anya bi ayɛ.	In alignment with Government's 10-Point Industrialization Agenda, accelerated expansion of Ghana's light Manufacturing sector is prioritised to ensure rapid competitive import-substitution, expanded capacity for agroprocessing, increased exports and job creation.
0.6560	0.0012	Afe 2021, Aban hyɛɛ aseɛ sii Aduyɛ Beaeɛ te sɛ deɛ ɛwɔ ewiase baabiara wɔ Noguchi sɛdeɛ ɛbɛboa ɔman yi mu nnuroyɛ nnwumakuo wɔ wɔn	In 2021, Government commenced works towards establishing the Bioequivalence Centre at Noguchi to support the local pharmaceutical manufacturing industry.
0.2129	0.0029	Afe 2022 mu no, yɛbɛtu anammɔn a ɛdidi soɔ yi: Nnwumakuo ho nhyehyɛeɛ mu nsakraeɛ ahodoɔ no bɛyɛ ntɛmntɛm na abɛɛfo ɛkwan a wɔfa so di dwuma bɛdi akotene wɔ Nnwumakuo ho Nkrataayɛfoɔ Panin Adwumam (Registrar General Department), Aban bɛhyɛ nhyehyɛeɛ ase de asisi Mantam Mfidinnwuma Mmeaeɛ a wɔne Mfidinnwuma ho Nimdeɛ Asuapɔn ahodoɔ (Technical Universities) no bɛnya twaka, ɛnna afei Yɛbɛtrɛ nnuro a yɛtɔ firi ɔman yi mu nnuroyɛ nnwumakuo no hɔ mu na yɛne wɔn aka abom ayɛ adwuma ama wɔayɛ nnuro a ɛdi mu.	The following key initiatives will be implemented in 2022. Acceleration of Business Regulatory Reforms (including digitization of operations at the Registrar General Department; Commence a programme to build regional industrial parks linked to technical universities; and Expand domestic procurement of pharmaceuticals and work with industry to facilitate production of Active Pharmaceutical Ingredients (API)
0.0847	0.4915	Yɛreka ɛkwan a ɛda yɛne ewiase aman ntam wɔ abɛɛfo nimdeɛ mu no apua na yɛama abɛɛfo nkutahodie ho nhyehyɛeɛ ayɛ ntɛmntɛm 25. Aban gu so de nkɔsoɔ mapa reba yɛn abɛɛfo nkutahodie nhyehyɛeɛ ho anammɔntuo no mu.	Government is making significant progress towards our digitalisation drive.
0.5505	0.9097	Sɛdeɛ ɛbɛyɛ na saa anammɔntuo yi bɛwie pɛyɛ enti, Aban ama Ghanafoɔ bɛboro ɔpepem dunum (over 15 million Ghanaians) anya wɔn ankasa ahyɛnsoɔ kaade na ɔde fidua ɔpepem nson ne mpem ahanum (7.5 million houses) nso ato ɔman abɛɛfo akyirikwan nhyehyɛeɛ no so a ɛboa ma yɛhunu beaeɛ a fidua ahodoɔ yi mu biara wɔ pɔtee. Ghana Sikakorabea Baatan (Bank of Ghana) nam abɛɛfo sika foforɔ (e-cedi currency) a wɔde apue edwa no so ahyɛ yɛn abɛɛfo nimdeɛ ho anammɔntuo no mu kena.	To this end, Government issued unique identification cards to over 15 million Ghanaians and placed 7.5 million houses on the national digital address system. 26. The drive to digitise the economy has received additional recognition from the adoption of the e-cedi currency by the Bank of Ghana. we have rolled out the oGhana.gov' platform as well as other initiatives to enhance and expand efficiency in service delivery. ”
0.2289	0.0140	Yɛada abɛɛfo ɛkwan a yɛfa so di dwuma wɔ Aban mu, ne akwanhodoɔ a yɛbɛfa so ama Aban nnwumakuo dwuma a wɔdi ma ɔmanfoɔ adi mu na ɛde mfasoɔ aba no adi wɔ abɛɛfo nkutahodiebea a yɛfrɛ no “Ghana.govq platform no so.	Government has commenced concrete steps to establish the Ghana Vaccine Manufacturing Centre.
0.3593	0.8887	Yɛbɛwie Ɔman Nhyehyɛeɛ a Ɛfa Nnuro a yɛde wɔ paneɛ de ko tia nsaneyadeɛ ho dwumadie no animanim yi ara na Ɔman Nsaneyadeɛ ho Paneɛwɔ Nnuro Adwuma (National Vaccine Institute) a ɛsɛ sɛ yɛsi na ɛhwɛ toto nnuro a yɛde wɔ paneɛ ho nsɛm no nso ahyɛ aseɛ.	A draft National Vaccine Policy will be finalised and the establishment of a National Vaccine Institute to coordinate production of vaccines is underway.
0.3601	0.9956	Aban nam ayaresabea ahodoɔ ɔha ne dubaako (Agenda 111 programme) a ɔrebɛsi wɔ mansini ahodoɔ mu no so ne Ɔman Apɔmuden Nsiakyibaa Nhyehyɛeɛ (National Health Insurance Scheme) bɛdi nsawɔsoɔ ama apɔmuden ho akadeɛ akɔ nkan na wama Apɔmuden mmeaeɛ no nsa aka sika a wɔhia de adi wɔn dwuma sɛdeɛ ɛbɛyɛ a apɔmuden a yɛrepɛ ama obiara wɔ afe 2030 mu no bɛba mu pɛpɛɛpɛ.	In conjunction with the National Health Insurance Scheme, Government will under the Agenda 111 programme boost health care infrastructure and financial access to health care to achieve quality universal health coverage by the year 2030.
0.2000	0.9736	Mmabunu adwumanya ne nsaanodwuma ho ɔhaw anosie 28. Sɛdeɛ ɛbɛyɛ na yɛbɛtumi asi mmabunu adwumayɛ ne nsaanodwuma ho ɔhaw ano enti, Aban nam dwumadie ahodoɔ sɛ ebia NEIP, NABCO, Ɔman nnuadua dwumadie ne NBSSI (a seesei wɔfrɛ no GEA) no so abuebue nnwuma ho akwannya ato hɔ ama mmabunu ne nnwuma nketewa ne adantam (SMEs).	To help address the youth unemployment and skills challenge, Government through special programmes such as NEIP, NABCO, National Afforestation and NBSSI (now GEA), has created significant job opportunities for the youth and SMEs.
0.3699	0.9761	Nkutahodie dodoɔ a akɔ so wɔ Aban ne akuhodoɔ a mmabunu ne nwomasua akuhodoɔ ka ho bie ntam enti no, afe 2022 yi mu no, Aban bɛgyina Ghana COVID-19 Asetɔre ne Ankorankorɛ Nnwuma mu Nkanyan ho mmoa (GhanaCARES) dwumadie no so afiri aseɛ atu nhyehyɛeɛ a ne edin de YouStart no ase, afa so de sikabotene a ano boɔ som ɔpepepem baako (Ghc 1.0 billion) nam so de abuebue nnwuma dodoɔ ɔpepem baako wɔ mfeɛ mmiɛnsa ntam.	Following extensive consultation with stakeholders, including youth associations and educational institutions, Government in 2022 will implement the YouStart Initiative as a vehicle to use GH¢1.0 billion to create 1 million jobs in 3 years under the GhanaCARES programme.
0.3885	0.9722	YouStart dwumadie yi bɛboa wɔn a afei na wɔahyɛ wɔn ankasa nnwuma ase no ama wɔanya sika, anya mimdeɛ, anya nsaanodwuma ho nteteeɛ ne nkanyan de afiri wɔn ankasa nnwuma ase ama akɔ nkan.	The YouStart will support young entrepreneurs to gain access to capital, training, technical skills, and mentoring to enable them launch and operate their own businesses.
0.4148	0.9941	Ewiem nsakraeɛ ho anammɔntuo ne ɛkwan pa a yɛrefa so abrɛ ewiem nneɛma bɔne ano ase. 30. COVID-19 akyiri sikasɛm nsiesie nhyehyɛeɛ no ama akwannya a yɛnam so bɛtumi afa ɛkwan pa ne nkoden so aduadua nnua nam so agyina yie bio.	The post COVID-19 economic recovery agenda provides an opportunity to build back better through innovation and more aggressive pursuit of green growth.
0.2075	0.9868	Ne saa enti, Aban de ewiem nsakraeɛ ho nhyehyɛeɛ ahodoɔ agu akwan mu a ɛbɛboa kankorɔ, sikasɛm mu mpontuo, adwumanya ne nnipa mu nyiyimu ano abrɛ ase.	In this regard, Government has put in place climate change interventions to leverage the drive towards a green transition in a manner that promotes sustainable growth, financial and fiscal stability, increased employment, and reduced inequality.
0.3087	0.9951	Ghanaman reyɛ nhyehyɛeɛ nam so redi nnuadua ho dwuma a yɛnam so bɛhyɛ kwaeɛ a wɔatwa emu nnua nyinaa no anan mu.	Ghana is pursuing and implementing an aggressive afforestation programme and projects aimed at restoring lost forest cover.
0.2708	0.9922	Yei enti, Aban retu anammɔn afa so asiesie nsase a asɛe no, ama yɛn kwaeɛ ne emu mmoadoma ho banbɔ, ntotoeɛ ne dwumadie ahodoɔ a ɛde mfasoɔ bɛba no adi mu.	In this regard, Government is embarking on programmes to reclaim our degraded lands to ensure the sustainable protection, management, production and development of forest and wildlife resources.
0.2052	0.6924	Sɛdeɛ ɛbɛyɛ na yɛbɛdi nnuatwa ne kwaeɛsɛe ho ɔhaw so no enti, Ɔmanpanin dii ɔmanfoɔ anim ma yɛduaduaa nnua boro mpem nson wɔ Ayɛwohomumɔ wɔ afe 2021 mu. Yei boroo nnua mpem enum a na ɛsi ani so sɛ yɛbɛduadua wɔ nhyehyɛeɛ a wɔato edin Green Ghana no mu no so.	” 32. To avert the challenge of deforestation and forest degradation, H.E the President led the country to plant over seven million trees in June 2021. This was far above the five million targeted under the Green Ghana Project.
0.6076	0.0693	Afe 2022-2025 Animanim yi ara mu Ɔman Mpontuo Nhyehyɛeɛ ( Medium- Term National Development Policy Framework (MTNDPF) no na ɛbɛsii nhyehyɛeɛ a wɔato edin sɛ Ghanaman yi mu animanim yi mpontuo botaeɛ (2018-2021) (Ghanaqs Medium-Term National Development Policy Framework -2018-2021) no anan mu.	Following the expiration of Ghana's Medium-Term National Development Policy Framework (2018-2021), 2022 marks the country's transition into the Medium-Term National Development Policy Framework (MTNDPF) (2022-
0.7607	0.6460	Mpontuo ho nhyehyɛeɛ ahodoɔ a ɛdidi soɔ yi ne Nhyehyɛeɛ foforɔ yi nnyinasoɔ: Ghanaman yi Daakye mu Mpontuo Botaeɛ (Long-Term National Development Framework - Ghanal100), Sikasɛm ne Asetenam Mpontuo Nhyehyɛeɛ Ahodoɔ (Coordinated Programme of Economic and Social Development Policies (2017-2024), Mpɛmpɛnsoɔ a Ghana nhia GhanaCOVID-19 asetɔre ne ankorankorɛ mmoa, (Ghana Beyond Aid) ɛnna nnwuma nkanyan ho mmoa (GhanaCARES).	The new Framework is anchored on the long-Term National Development Framework (Ghana@100), Coordinated Programme of Economic and Social Development Policies (2017-2024), Ghana Beyond Aid Agenda and Strategy, and Ghana COVID-19 Alleviation and Revitalisation of Enterprises Support Programme (GhanaCARES).
0.3576	0.9736	"Saa nhyehyɛeɛ yi botaeɛ foforɔ ne sɛ ɛbɛma yɛatumi aduru Amanaman Nkabom Ekuo nhyehyɛeɛ a wɔato edin ""Agenda 2030- (SDGs) ne Abibirem Nkabom Botaeɛ a wɔato edin ""Africa Union Agenda 2063- no ho."	This Framework also seeks to achieve the objectives of the UN Agenda 2030 (SDGs) and Africa Union Agenda 2063.
0.1177	0.9683	Saa ɔfa yi da dwuma a Aban adi wɔ ɔman yi asoɛeɛ ahodoɔ no mu wɔ afe 2021 mu ne dwuma a ɔbɛdi wɔ afe 2022 mu no adi.	This section highlights the performance of Government in key areas and sectors of the economy in 2021, as well as programmes and activities for implementation in 2022.
0.4946	0.2883	"Sɛdeɛ ɛbɛyɛ na Aban bɛtumi ama ɔmanfoɔ anya nnwuma ayɛ enti no, ɔde nhyehyɛeɛ ne dwuma ahodoɔ bi te sɛ ""Ɔmanfoɔ Adwumanya Nhyehyɛeɛ (Ghana Productive Safety Net Project- (GPSNP) agu akwan mu."	Government, in its efforts to reduce unemployment levels, continues to implement policies and programmes such as the Ghana Productive Safety Net Project (GPSNP).
0.6504	0.0007	Dwumadie yi mu no, Aban: i. maa ɔmanfoɔ a wɔwɔ Nkuropɔn, Nkuro, ne Mansini, aduɔwɔtwe (80 MMDAs) a wɔyɛ ahiafoɔ pa ara mu dodoɔ mpem aduasa mmiɛnsa aha nkron aduonum mmienu (33,952 extreme poor persons) nnwuma yɛeɛ na wɔn ho akatua nyinaa dodoɔ som sika ɔpepem aduonum mmiɛnsa ne mpem aduanan mmiɛnsa (GH¢53.43 million total wage payout), ii. Kyekyɛɛ sika dodoɔ ɔpepem enum ne mpem aduɔwɔtwe mmienu GH¢5.82) maa fidua ahodoɔ ɔpepem nkron ahanu ne adunan ɛnan (9,244) a wɔwɔ mpɔtam ahodoɔ ɔha ne aduonu nwɔtwe mu (128 communities) wɔ Nkuropɔn, Nkuro ne Mansini aduanan baako (41 MMDAs) a ɛwɔ Atifi Amantam enum mu sɛ wɔmfa nhyɛ nnwuma ase anaa wɔmfa ntrɛ wɔn nnwuma no mu.	Under this project, Government. provided jobs for 33,952 extreme poor persons in 80 MMDAs with a total wage payout of GH¢53.43 million; and disbursed a total of GH¢5.82 million to 9,244 beneficiary households from 128 communities in 41 MMDAs in the five northern regions to commence businesses or expand their trade.
0.6884	0.9453	Aban nhyehyɛeɛ a ɛwɔ hɔ sɛ ɔbɛma mmeranteɛ ne mmabaawa adi dwuma ahodoɔ, nam so de ate kuro kɛseɛm atukɔtena (rural-urban) so, na ama wɔn asetena mu atu mpɔn enti no, ɔnam nnuadua, kookoo mfuo so adupeteɛ, ɔyɛasaseyie-peteɛ, nnuabaguo, kookoo nnua mman a yadeɛ aka no ho twitwa ne kookoo mfuo-so-nsusuguo so maa nnipa dodoɔ mpem ɔha ne aduasa nyaa nnwuma yɛeɛ (130,000 jobs were created).	In line with Government's objective to direct young men and women into productive ventures, reduce the rate of rural-urban migration and improve livelihoods of the youth, 130,000 jobs were created through the rehabilitation and replanting, mass spraying, fertiliser application, hand pollination, mass pruning and cocoa farm irrigation in the cocoa sector. Mass Spraying of Cocoa Farms
0.4452	0.9839	Ɔman Kwaeɛ mu Nnua Nhyɛananmu Dwumadie (National Afforestation Programme -NAP) no maa akwannya ma wɔfaa nnipa dodoɔ mpem aduɔson mmienu (72,000 persons) adwumam.	The National Afforestation Programme (NAP) provided an opportunity to engage a total of 72,000 persons exceeding the target of 60,000 to assist in various areas of planting activities.
0.6819	0.9834	Yɛgyina Mmabunu Kwaeɛm Nnua Nhyɛananmu Dwumadie (Youth in Afforestation Programme) no so faa nnipa no mu dodoɔ mpem aduasa enum (35,000) ɛnna yɛgyinaa deɛ wɔato edin sɛ Modified Taungya System (MTS) no so faa nnipa no mu dodoɔ mpem Dunson (17,000) ɛnna afei yɛgyinaa dwumadie a wɔfa nnipa ma wɔgu aba so faa nnipa mpem mmienu (2,000).	These included 35,000 persons under the Youth in Afforestation Programme, 17,000 persons under the Modified Taungya System (MTS) and 2,000 persons in seedling production.
0.1983	0.9873	Ankorankorɛ nnwuma nso faa nnipa dodoɔ mpem dunwɔtwe (18,000.)	The private sector also engaged about 18,000 persons.
0.6806	0.9946	Mmabunu Adwumanya Adwumakuo (Youth Employment Agency (YEA) no gyinaa wɔn nkorabata ahodoɔ so faa nnipa dodoɔ mpem aduɔwɔtwe mmienu, ahanwɔtwe ne aduosia nkron (82,869 beneficiaries).	The Youth Employment Agency (YEA) engaged 82,869 beneficiaries under the various YEA modules.
0.6665	0.9766	"Beaeɛ a wɔfrɛ no ""The Job Centre-, a ɛyɛ ntamgyinafoɔ ma wɔn a wɔrepɛ adwuma ne nnwumakuo no boa maa nnipa dodoɔ apem baako, ɔha ne aduɔwɔtwe enum (1,185 persons) nyaa adwuma."	“The Job Centre”, which links job seekers to potential employers, enabled 1,185 persons to gain employment.
0.7192	0.9961	Ɔhaw a COVID-19 yareɛ no de baeɛ no nyinaa akyi, yɛgu so ara renya kankorɔ wɔ Mansini Baako Afididwuma Baako (IDIF) ho dwumadie mu.	Despite the effects of the COVID-19 pandemic, remarkable success continues to be achieved under the IDIF Programme.
0.6682	0.8481	Ɛfiri afe 2017 bɛsi ɛnnɛ, Mansini Baako Afididwuma Baako(1D1F) dodoɔ ahanu aduoson nwɔtwe (278 1D1F) na yɛadi ɛho dwuma ama aduru mpɛmpɛnsoɔ ahodoɔ. Emu ɔha ne nsia gu so redi dwuma seesei (106 in operation), yɛgu so a yɛresi emu ɔha ne aduanan nwɔtwe (148 construction), ɛnna emu aduonu ɛnan deɛ, afei koraa na wɔrebɛfiri aseɛ (24 pipeline projects).	From 2017 to date, a total of 278 1D1F projects are at various stages of implementation, out of which 106 companies are currently in operation, 148 are under construction while 24 constitute pipeline projects.
0.3577	0.2050	Bɛsi ɛnnɛ nnwuma no a wɔafiri aseɛ redi dwuma no afa nnipa ahodoɔ mpem ɔha aduonum nsia, ahanson aduɔwɔtwe mmienu (156,782 persons) wɔ adwumam) na saa nnipa dodoɔ yi mpem dunson, ahanan ne aduonum baako (17,451 persons) deɛ, wɔfaa wɔn wɔ adwuma mu wɔ afe 2021 mu.	To date, the companies in operation have created 156,782 direct and indirect jobs, 17,451 of which were created in 2021.
0.7681	0.9854	1D1F Tomato ho afididwuma a ɛwɔ Domfete wɔ Berekum Atɔeɛ	Tomato Processing Factory at Domfete, Berekum west under 1D1F
0.7212	0.9844	"Dwumadie a wɔfrɛ no ""Enable Youth 1D1F mu no, nnwuma ahanu aduɔson nwɔtwe (278 projects) mu aduonum nwɔtwe (58 projects) yɛ mmabunu akuo a Aban aboaboa wɔn ano no dea na yɛataa wɔn akyi aboa wɔn sika fam sɛ wɔmfa mmue wɔn ankasa mfidinnwuma a ɛdi mu pa ara."	Under the Enable Youth 1D1F Initiative, 58 of the 278 projects are fully-owned by youth groups mobilised by Government and supported with seed funding to establish their own state-of-the-art agro-processing factories.
0.1617	0.9775	Saa nnwumakuo yi mu biara wɔ nnipa dodoɔ bɛyɛ aduanan kɔsi aduanan nwɔtwe a wɔde wɔn sika ahyɛ nnwuma no mu.	Each of these companies has between 40 and 48 individuals as shareholders.
0.7022	0.6343	Mansini Baako Afididwuma Baako (1D1F) ahodoɔ ahanu aduɔson nwɔtwe (278 1D1F) a ɛwɔ mantam ahodoɔ no mu na ɛdidi soɔ yi: 1D1F dodoɔ a ɛwɔ Mantam ahodoɔ no mu Ahafo Mantam 5 Asante Mantam 54 Bono Apueeɛ Mantam 10 Bono Mantam 19 Mfinimfini Mantam 19 Apueeɛ Mantam 37 Nkran Mantam 76 Atifi Apueeɛ Mantam 3 Atifi Mantam 6 Oti Mantam 3 Savanna Mantam (Ɛserɛm) 4 Atifi Apueɛ Mantam 7 Atifi Atɔeɛ Mantam 6 Firaw Mantam 13 Atɔeɛ Mantam 11 Atɔeɛ Atifi mantam 5	The regional breakdown of the 278 1D1F projects are indicated below. Table 1: Regional Breakdown of 1D1F Projects Region Number of 1D1F Projects Ahafo Region 5 Ashanti Region 54 Bono East Region 10 Bono Region 19 Central Region 19 Eastern Region 37 Greater Accra Region 76 North-East Region 3 Northern Region 6 Oti Region 3 Savanna Region 4 Upper East Region 7 Upper West Region 6 Volta Region 13 Western Region 11 Western North Region 5
0.4020	0.9795	Yɛgyinaa Nnwumakuo a wɔdi dwuma wɔ beaeɛ pɔtee bi a wɔmma wɔnntua ɛtoɔ nhyehyɛeɛ so (Free Zones enterprises) maa nnipa ahodoɔ mpem aduasa, ɔha ne duɔwɔtwe nkron (30,189 persons) nyaa adwuma yɛɛ wɔ adwadeɛyɔ nkorabata (manufacturing sector) no mu.	” 43. Under Free zones enterprises, a total of 30,189 jobs were created, mainly in the manufacturing sector.
0.5092	0.7393	Akuapem Atifi Mansini mpaboa afididwuma Sefwi Akontombra ɛmo afididwuma	Akuapem North Shoe Factory Sefwi Akontombra Rice Processing factory
0.6734	0.4153	Ani da ɛkwan sɛ sɛ yɛtumi wiewie 1D1F nnwuma ahodoɔ no a, ɛnam so bɛma yɛabuebue nnwuma dodoɔ dodoɔ mpem ɔha aduasa baako, ahanwɔtwe ne dunson (131,817 jobs) wɔ mansini ɔha ne aduasa ɛnan mu (134 districts) wɔ ɔman yi afanan nyinaa.	It is expected that the completion of ongoing 1D1F projects will create additional 131,817 direct and indirect jobs in 134 districts across the country.
0.2417	0.9829	Afe 2022 mu no, Mmabunu Adwumanya Adwumakuo no (YEA) no ne wɔn a wɔanya adwuma dodoɔ mpem ɔha ne nsia (106,000 beneficiaries) wɔ 1D1F mu no bɛnya nsawɔsodie.	In 2022, the YEA will engage 106,000 beneficiaries.
0.7735	0.9209	Ahyɛn Akwaa-hyehyɛ ne Ahyɛn ho Afididwuma (Vehicle Assembly and Automotive Industry) a ɛyɛ Ghana Ahyɛn ho Afididwuma Mpontuo dwumadie no fa bi boa maa Toyota Tsusho Aafididwuma no, buee Ahyɛn Akwaa-hyehyɛ Adwumakuo wɔ Ayɛwohomumɔ bosome mu wɔ afe 2021 mu nam so firii aseɛ hyehyɛɛ Toyota ne Suzuki ahyɛn – Hilux Pickup ne Suzuki Swift – wɔ Ghana.	Under the Vehicle Assembly and Automotive Industry component of the Ghana Automotive Development Programme, Toyota Tsusho Manufacturing Company commissioned an assembly plant in June 2021 to assemble Toyota and Suzuki brands of vehicles a Hilux Pickup and Suzuki Swift a in Ghana.
0.3748	0.3848	Volkswagen firii ahyɛn dodoɔ yɛ ase wɔ Ɔsanaa bosome mu wɔ afe 2020 mu wɔ Ghanaman mu na wɔtoaa so wɔ afe 2021 mu. Kantanka Ɛhyɛn ho adwumakuo no nso pagyaa wɔn ahyɛn a wɔyɛ wɔ Ghanaman mu ha no ho dwumadie mu.	Volkswagen commenced commercial production in Ghana in August 2020 and continued in 2021. kantanka Automobile Company limited also stepped-up production of the made-in-Ghana vehicle models.
0.2234	0.3655	Afe 2022 mu no ani da ɛkwan sɛ Ahyɛn Akwaa-hyehyɛ Nnwumakuo ɛnan a wɔn ne Nissan, KIA, Hyundai ne Renault nso bɛfiri aseɛ ayɛ ahyɛn no dodoɔ a wɔbɛtɔn.	Four new vehicle assembly plants in Ghana, namely Nissan, kIA, Hyundai and Renault are also expected to commence commercial production in 2022.
0.6766	0.5073	Ɛsiane Ɔmanpanin anisoadehunu a ɛfa nnuadua a wɔde ma ɔman mu yɛ fɛ ho no enti, Adwumakuo a ɛhwɛ Pramma ne Turo ahodoɔ so (Department of Parks and Gardens) duaa nnua dodoɔ mpem edu ahanu ne nkron (10,209 trees) wɔ ɔman yi afanan nyinaa mu de hyɛɛ Ewiase Atenaeɛ Da afahyɛ no.	In line with the President's initiative of greening Ghana, the Department of Parks and Gardens planted 10,209 trees across the country to mark the world Environment Day.
0.6259	0.0009	Ɔman Kwaeɛ Nhyɛananmu dwumadie no mu no, yɛde sii yɛn ani so sɛ yɛbɛdua nnua wɔ asase hekta mpem aduɔwɔtwe (80,000 ha) so, nanso yɛtumi duaa nnua no wɔ asase hɛkta mpem aduɔson enum, ɔha aduɔson (75,170ha) so, na yei mu no, yɛduaa nnua nketewa wɔ asase hɛkta mpem dunan, ne aduonum nson a ɛyɛ kwaeɛ foforɔ (14,057 new forest plantations) so, afei, asase hɛkta mpem edu, ahanan aduokron enum a ɛso nnua anyɛ yie (10,495 ha) no nso yɛduaa nnua hyɛɛ anan mu, ɛnna yɛsane duaa nnua wɔ mfusase hɛkta mpem aduonum, ahansia ne dunwɔtwe (50,618 ha farm lands) so.	Under the National Afforestation Programme, a total area of 75,170ha out of a target of 80,000ha was planted with tree seedlings comprising 14,057ha of new forest plantations, re-establishment of 10,495ha failed areas and planting of trees on 50,618ha farmlands.
0.7939	0.7397	Bio yɛduaa nnua dodoɔ ɔpepem mmiɛnsa ne mpem nson (3.7million) a Ofram, Emire, Wawa, Kokrodua, Teak, Cedrela, Gmelina, Cassia, Eucalyptus ne Mahogany fra mu bie.	In addition, 3.7 million seedlings, including ” Ofram, Emire, wawa, kokrodua, Teak, Cedrela, Gmelina, Cassia, Eucalyptus and Mahogany species were planted.
0.4934	0.3987	"Ɛnam dwumadie a wɔato edin sɛ ""Galamstop- no so ama asutene akɛseɛ bi te sɛ, Asuo Pra a ɛwɔ Twifo Praso, Asuo Pra a ɛwɔ Daboase, Asuo Ankobra a ɛwɔ Bonsaso, Asuo Tano a ɛwɔ Elubo, Asuo Birim a ɛwɔ Osino ne Asuo Birim a ɛwɔ Bunso nyinaa ani ate nwann."	Through the “Galamstop” programme, the cleanliness of most of the major river bodies in the country, including the Pra River at Twifo Praso, Pra River at Daboase, the Ankobra River at Bonsaso, the Tano River at Elubo, Birim River at Osino and Birim River at Bunso have improved.
0.5620	0.7363	Yɛhyɛɛ beaeɛ a wɔgya to hɔ de bɔ atenaeɛ ho ban ase wɔ mpɔtam ahodoɔ bi mu wɔ Firaw tadeɛ (Black and White Volta), Tano, Offin ne Densu, dii dwuma ahodoɔ pii a wɔnam so tetee ntutim ho nnipa dodoɔ ahanu aduonum mmienua (252 nursery attendants) wɔ mpɔtam nson mu, na afei yɛduaduaa nnua nketewa mpem dunsia, ahankron ne aduasa nson (16,937 seedlings).	Buffer zone restoration schemes were initiated in selected communities within the Black and white Volta, Tano, Offin and Densu basins with a variety of activities, including training of 252 nursery attendants in 7 communities, and planting of 16,937 tree seedlings.
0.3312	0.9692	Yei nyinaa botaeɛ ne sɛ ɛbɛboa ahyɛ atenaeɛ a agyigya wɔ asuo ho no na ate ɔhaw a nnipa dwumadie de aba asuo ahodoɔ no ho no so.	This is to restore degraded buffers around the river bodies and reduce the negative impact of human activities on the water bodies.
0.3148	0.5908	Yɛmaa ɔmanfoɔ gyaee sumina a wɔgugu wɔ Kpone (Nkran mantam no) ne Oti (Ashanti mantam) no na yɛkɔɔ so dii dwuma de nsakraeɛ baa nkuropɔn sumina ho ntotoeɛ mu ne mpɔtam ahodoɔ a ɛwɔ saa mmeaeɛ yi no atenaeɛ tebea mu.	Decommissioning and re-engineering of the landfill sites at kpone (Greater Accra Region) and Oti (Ashanti Region) works continued to transform and improve the management of municipal waste and the environmental conditions of the communities within the catchment areas.
0.4121	0.4163	Afe 2022 mu no, Pramma ne Turo Adwumakuo (Parks and Gardens Department) no bɛgu nnua aba dodoɔ mpem ahanan (400,000 seedlings) atɔn, na wɔagyina nnuadua ho dawubɔ dwumadie a wɔde ko tia ewiem nsesaeɛ ho ɔhaw no so adua nnua no dodoɔ mpem ɔha (100,000 trees) wɔ ɔman yi afanan nyinaa.	” 52. In 2022, the Parks and Gardens Department will propagate 400,000 seedlings for sale and plant 100,000 trees across the country as part of horticultural sensitisation programmes to fight climate change.
0.3947	0.9756	"Ɛsiane Aban dwumadie a wato edin sɛ ""Water for All- a yɛnam so bɛma obiara anya nsuo no enti, yɛahyɛ nsuo ho dwumadie ahodoɔ ase a emu biara aduru mpɛmpɛnsoɔ pɔtee bi."	As part of Government's “water for All” programme, several water systems have been initiated and are at various stages of completion.
0.7344	0.0062	Yeinom na ɛdidi soɔ yi: Atifi Apueeɛ Mantam nsuo ho dwumadie ɔfa a ɛdi kan (a nnipa a wɔwɔ Navrongo, Bolgatanga, Paga, Bongo ne ne mpɔtam bɛnya ho mfasoɔ) – wɔadi ɛho dwuma akɔduru ɔha mu nkyɛmu aduɔkron nwɔtwe (98 % completed) na wɔbɛpa ɛho ntoma wɔ Ɔpɛnimma bosome mu wɔ afe 2021 mu, Tamale Nsuo Dwumadie – yɛawie ɛho ntotoeɛ a ɛho dwumadie rebɛfiri aseɛ, Damango Nsuo Dwumadie – ɛho adrɔɔdrɔɔ ne nhyehyɛeɛ nyinaa adi mu a ɛrebɛfiri aseɛ, Wenchi Nsuo Dwumadie – yɛawie ɛho nhyehyɛeɛ nyinaa ama dwumadie no afiri aseɛ, Keta Nsuo Dwumadie – yɛawie ɛho nhyehyɛeɛ nyinaa ama dwumadie no gu so., ɛnna Sekondi-Takoradi Nsuo Dwumadie – yɛawie ɛho dwumadie nyinaa de nsa ahyehyɛ ɛho kɔntraagye ase.	They include the following. Upper East Region water Supply Project Phase I (covering Navrongo, Bolgatanga, Paga, Bongo and its environs) a 98 percent completed and scheduled for commissioning in December 2021; Tamale water Supply Project a VFM completed to pave way for commencement of the Project; Damango water Supply Project a Initial designs and VFM completed; wenchi water Supply Project a VFM completed and project commenced; keta water Supply Project a VFM completed and works ongoing; and Sekondi-Takoradi water Supply Project a VFM completed and contract signed.
0.3060	0.4556	Ɛduruu Ɛbɔ bosome da a ɛtɔ so aduasa wɔ afe 2021 mu no, na wɔatwerɛ Ghanafoɔ dodoɔ ɔpepem dunum, mpem ahansia aduonum nsia, ɔha ne aduosia (15,656,160 Ghanaians) edin wɔ Ɔmanbayɛ ho Adansedie Nwoma (National Identity Register (NIR) no mu, na wɔmaa saa nnipa yi mu dodoɔ ɔpepem dubaako, mpem ahansia aduanan nwɔtwe ne ahasa aduɔkron baako (11,648,391 Ghanaians) a na wɔadi boro mfeɛ dunum nyinaa Ɔman Kaade no bi (Ghana Cards).	Water Reservoir in Novrongo Th 54. As at 30 September, 2021, 15,656,160 Ghanaians were enrolled on the National Identity Register (NIR), out of which 11,648,391 Ghanaians aged 15 years and above were issued with Ghana Cards.
0.6692	0.9888	Bio, yɛtwerɛɛ amannɔnefoɔ dodoɔ mpem ɔha aduosia mmiɛnsa ne ahansia aduɔkron enum (163,695 foreigners) edin memaa wɔn ahɔhoyɛ ho adansedie kaade (Non-Citizen Identity Cards).	A total of 163,695 foreigners were also enrolled and issued with Non-Citizen Identity Cards.
0.2896	0.6602	"Wɔfirii Ɔman SIM kaade ho edintwerɛ nhyehyɛeɛ no ase wɔ Ahinime bosome ɛda a ɛdi kan wɔ 2021 mu wɔ nɛtwork ahodoɔ no nyinaa so, na ɛbɛboa asi SIM kaade ho korɔnobɔ ne ""mobael- fon a wɔde di dwuma a ɛmfa mmarakwan so no ano, na saa dwumadie yi bɛba awieeɛ wɔ Ɔbɛnem bosome awieeɛ wɔ 2022 mu."	The National SIM Card Registration programme, which is expected to reduce st SIM fraud and use of mobile phones for illegal activities, commenced on 1 st October, 2021 on all networks and is expected to end on 31 March, 2022.
0.4310	0.7510	Ɛduruu Ɛbɔ bosome awieeɛ wɔ afe 2021 mu no, na yɛayɛ ɛberɛ ano ɛberɛ ano nsiesie wɔ lɔre akwan a ɛka nkuro akɛseɛ bom kwansini mpem aduonu baako, ahansia ne enum (21,165 km), deɛ ɛkɔ beaeɛ a mfudeɛ firi ba kwansini mpem nsia, ahanu aduosia enum (6,265 km) ne kurom akwan kwansini mpem mmienu, ahankron ne aduasa nson (2,937 km).	As at the end of September 2021, routine maintenance was carried out on 21,165km of the trunk road network, 6,265km of the feeder road network, and 2,937km of the urban road network.
0.1918	0.9883	Kutawonsa da a ɛtɔ so Nkron wɔ afe 2021 mu no, yɛpaa Pokuase lɔre ɛkwan abɔnta nsamsoɔ ho dwumadie a abɔntanan nsamsoɔ, lɔre akwan bi a wɔahyɛda ayiyi ato hɔ kwansini dummienu, beaeɛ a ɔmanfoɔ fa so wɔ lɔrekwan ho, ɛtwene a nnipa fa so, ɛtwene a nnipa fa aseɛ ne suka ahodoɔ ka ho no ho ntoma.	The Pokuase Interchange Project comprising the construction of a 4-tier interchange, 12km of selected roads, segregated walkways, footbridges, th underpasses and drainage structures was completed and commissioned on 9 July, 2021.
0.4712	0.7827	Afe 2022 mu no, yɛbɛyɛ nsiesie a emu bi ne lɔre akwan-so-dwie, lɔre akwan so ntokurotua,lɔre nkwankyɛn nsiesiene, lɔre ɛkwan ho nnuadua wɔ ɛkwan a ɛka nkuro akɛseɛ bɔ mu kwansini mpem aduonu enum (25,000km) deɛ ɛkɔ mmeaeɛ a mfudeɛ firi ba kwansini mpem dunsia(16,000km), ne kurom akwan kwansini mpem mmiɛnsa ahanum (3,500km)	In 2022, 25,000km, 16,000km and 3,500km of routine maintenance activities including grading, pothole patching, shoulder maintenance, and vegetation control will be undertaken on the trunk, feeder, and urban road networks, respectively.
0.5707	0.8047	"Bio, yɛbɛyɛ ɛberɛ ano ɛberɛ ano nsiesie dwumadie wɔ mmeaeɛ bi a asɛe (spot improvement), ɛkwan so aboseaguo (re-gravelling), ɛkwan so anweaguo (resealing), asefaateguo (asphaltic overlay), nsiesie kakra (partial reconstruction), atwene (bridges) ne dadeɛ anaa ""sɛmɛnte- dorobɛn akɛseɛ a nsuo fa mu (culverts) wɔ akwan a ɛka nkuro akɛseɛ bɔ mu kwansini aduonu mmiɛnsa (23km), akwan a ɛkɔ baabi a mfudeɛ firi ba kwansini ahanwɔtwe (800km) ne kurom akwan kwansini ahasa (300)."	” 59. Additionally, periodic maintenance activities (spot improvement, re-gravelling, resealing, asphaltic overlay, partial reconstruction and maintenance of bridges and culverts) will be undertaken on 23km, 800km, and 300km of trunk, feeder and urban roads, respectively.
0.6459	0.9717	Afei yɛbɛwie akwan a ɛka nkuro akɛseɛ bɔ mu kwansini aduɔson enum (75km), deɛ ɛkɔ baabi a mfudeɛ firi ba kwansini ɔha aduonum (150 km) ne kurom akwan kwansini aduasa (30 km) ho dwumadie.	Rehabilitation works on 75km of trunk roads, 150km of feeder roads and 30km of urban roads will also be undertaken.
0.2900	0.5898	Yɛgu so redi nnwuma atitire a ɛdidi soɔ yi na yɛbɛtoa so wɔ afe 2022 mu: Obetsebi Lamptey nsamsoɔ abɔnta no ɔfa a ɛtɔ so mmienu, Tema Motorway kanko no ɔfa ɛtɔ so mmienu no abɔnta nsamfoɔ a ɛtoa so mmiɛnsa no, La mpoano ɛkwan no ho dwumadie (deɛ ɛdi kan ne deɛ ɛtɔ so mmienu -Lots 1”2) Nkran-Mpoano ɛkwan no, ne Kumasi Tadeɛ ɛkwan ne Nsuka Ntrɛmu ho dwumadie.	The following major projects are currently being undertaken and will be continued in 2022. Phase 2 of the Obetsebi lamptey Circle Interchange; rd Phase 2 of the 3 Tier of the Tema Motorway Roundabout interchange; The la Beach Road Project (lots 102) on the Accra-Tema Beach Road; and Development works on the kumasi lake Roads and Drainage Extension Project.
0.6527	0.4263	"Dwumadie a wɔnam so rehwɛ ama kuayɛ akɔ so wɔ afe no nyinaa mu no enti, yɛde sii yɛn ani so sɛ yɛbɛtu asutadeɛ dodoɔ ahanum aduosia (560 targeted dams) na yɛtumi tuu emu dodoɔ ahanum ne nson (507 dug out dams), na yɛagyina ""Akuraase Baako Asutadeɛ Baako ""nhyehyɛeɛ no so awie asutadeɛ afoforɔ aduɔwɔtwe (80 completed dams) bi nso."	In the drive to encourage all-year-round farming, 507 small earth dams out of the 560 targeted, and 80 other dams have been completed under the “One Village One Dam” Initiative.
0.2030	0.9277	Yɛgyinaa Kuayɛ ho dwumadie nhyehyɛeɛ no ɔfa a yɛfrɛ no IPEP no so wiee nkuraase edwa aduonum ne Mankassim edwa no ɔfa a ɛdi kan a suka a ne tenten yɛ mita ahanson aduɔwɔtwe ka ho bie no nyinaa.	St 62. 50 rural markets under the agriculture component of IPEP and the 1 Phase of the Mankessim market, which includes a 780-metre storm drain have all been completed.
0.7080	0.9849	"Ɛsiane dwumadie a wɔnam so de rema ɔmanfoɔ a wɔwɔ ahoɔden anya adwuma ayɛ (Ghana Productive Safety Net - GPSNP) no enti, Aban gyinaa ""Kuayɛ mu Nnɔbaeɛ a yɛde kɔ Amannɔne kɔtɔn ne Nkuraaseɛ Mpontuo Dwumadie (Planting for Export and Rural Development (PERD) Programme) no so kyekyɛɛ nnɔbaeɛ a yɛtɔn nya mu sika ho nnua nketewa dodoɔ ɔpepem nson ne mpem ahankron (7.9 million cash crop seedlings) maa akuafoɔ."	Under the Ghana Productive Safety Net Project (GPSNP), Government distributed a total of 7.9 million cash crop seedlings to farmers under the “Planting for Export and Rural Development” (PERD) Programme.
0.5386	0.0007	"PERD mfudeɛ nnua nketewa a wɔde bɛma Kintampo akuafoɔ a wɔwɔ Bono Apueeɛ Mantam no Aban gyinaa dwumadie a wɔato edin ""Kuayɛ mu Nnɔbaeɛ a yɛde kɔ Amannɔne kɔtɔn ne Nkuraaseɛ Mpontuo- no so, kyekyɛɛ ateaa, kɔfe, kube, abɛ, mango, ne rɔba nnua nketewa a yɛde tintim dodoɔ ɔpepem baako mpem ahasa aduosia ne ahanum aduɔwɔtwe nkron, (1,360,589 cashew, coffee, coconut, oil palm, mango and rubber seedlings) memaa akuafoɔ dodoɔ mpem nson ahanum aduanan mmiɛnsa (7,543 farmers) a wɔwɔ Ahafo, Ashanti, Bono, mfinimfini, Apueeɛ, Nkran, Oti, Atɔeɛ, Atɔeɛ Atifi ne Firaw Amantam mu."	PERD Seedlings for Farmers at kintampo in Bono East Region ” 64. Government under the “Planting for Export and Rural Development” initiative, distributed 1,360,589 cashew, coffee, coconut, oil palm, mango and rubber seedlings to 7,543 farmers in Ahafo, Ashanti, Bono, Central, Eastern, Greater Accra, Oti, western, western North and Volta Regions.
0.1877	0.9619	Aban wiee ntɔtemmoa ebuo edu baako a yɛde ani buu sɛ yɛbɛsi no mu edu ne nsubura dodoɔ dubaako maa ntɔtemmoayɛn mmeaeɛ ahodoɔ dubaako.	Government completed 10 out of 11 livestock housing units and 11 mechanised boreholes for 11 livestock breeding stations.
0.1970	0.7651	Afei Aban kyekyɛɛ nnuro a yɛde wɔ ntɔtemmoa de brɛ ntɔtemmoa yadeɛ ahodoɔ ano ase no dodoɔ ɔpepem nson, mpem ahanson ne ahanum.	Additionally, Government distributed 7,700,500 vaccines for the control of poultry and livestock diseases.
0.6678	0.0021	Aban toaa mfuo-so-nsuguguo dwumadie ahodoɔ a ɛdidi soɔ yi ho dwumadie so a sɛ yɛwie ne nyinaa a, ɛde nsuo bɛkokɔ asase hɛkta mpem nsia, ahanson ne aduosia nsia (6,766ha) so na ama mfudeɛdua akɔ so afe no nyinaa mu: Kpong mfu-so-nsuguguo a ɛde nsuo bɛkɔ asase hɛkta mpem mmienu, ɔha aduɔson nsia (2,176ha) so, Tono mfu-so nsuguguo a ɛde nsuo bɛkɔ asase hɛkta mpem mmienu ahanan aduɔkron (2,490ha) so ɛnna Kpong Tadeɛ Nkonkɔn Benkum (Kpong Left Bank) so mfuo-so nsuguguo a ɛde nsuo bɛkɔ asase hɛkta mpem mmienu ne ɔha (2,100ha) so.	Government continued rehabilitation and modernisation of the following irrigation projects, which when completed will make available a total irrigation area of 6,766ha and ensure all-year-round crop production. kpong Irrigation Scheme (2,176ha); Tono Irrigation Scheme (2,490ha); and kpong left Bank Irrigation Project (2,100ha).
0.1972	0.9658	Mfuo-so-nsuguguo ho dwumadie afoforɔ bi nso ne deɛ ɛwɔ Tamne a ɛwɔ Atifi Apueeɛ Mantam ne Mprumem a ɛwɔ mfinimfini Mantam mu no a sɛ yɛwie a ɛbɛma mfuo-sonsuguguo de nsuo akɔ asase hɛkta ahasa aduɔson enum so de agugu ɛmo ne atosodeɛ mfuo so.	Other Irrigation projects at Tamne in the Upper East Region and Mprumem in the Central Region, which will provide a total of 375ha for rice and vegetable production, were also completed.
0.4517	0.9878	Tono afuo-so-nsuguguo dwumadie wɔ Navorongo	Rehabilitation of Tono Irrigation Project, Navorongo
0.1800	0.9897	"Ɛbɔ 2021 baa awieeɛ no, na yɛagyina nhyehyɛeɛ a ɛne ""Mansini Baako Akoradan Baako- ho dwumadie so awie akoradan (warehouses) dodoɔ aduasa a yɛde sii ani so sɛ yɛbɛsi no mu dodoɔ aduonu mmiɛnsa."	As at end of September 2021, 23 out of the 30 warehouses initiated have been completed under the “One District One warehouse” intervention.
0.3031	0.9922	Yɛbɛwie dodoɔ nson aka no wɔ afe 2021 awieeɛ. Saa dwumadie yi bɛma yɛanya akoradan a ne kɛseɛ bɛyɛ mpem aduasa (30,000mt) a ɛbɛboa akora nnɔbaeɛ dodoɔ a ani da ɛkwan sɛ ɛbɛba ɛsiane PFJ nhyehyɛeɛ no enti.	The remaining 7 are scheduled for completion by the end of 2021. This initiative will make available 30,000mt of storage capacity to accommodate anticipated increased production under the PFJ initiative.
0.5335	0.9937	Ghana Abɛɛfo edwadibea no akoradan a ɛwɔ Wenchi	Ghana Commodity Exchange warehouse in wenchi
0.6431	0.9277	Afe 2020/21 kuayɛ ɛberɛ a akɔ awieeɛ yi mu no, kookoo dodoɔ a yɛteeɛ kɔɔ soro boroo deɛ yɛate pɛn nyinaa so kɔduruu tɔnn ɔpepem baako, ne mpem aduanan enum ne ahanum (1,045,500 tonnes) .	In the just-ended 2020/21 season, total production of cocoa reached an alltime high of 1,045,500 tonnes.
0.5844	0.9932	Yɛpagyaa sika a Aban de tɔ kookoo mu kɔduruu ɔha nkyɛmu aduonu nwɔtwe ma ɛkɔduruu sidi mpem edu ahanum aduasa (GH¢10,560) tɔnn baako biara wɔ afe 2019/20 kuayɛ ɛberɛ no mu na ɛboɔ no kɔɔ so gyinaa saa ara wɔ afe 2021/22 kuayɛ ɛberɛ no mu mpo wɔ ɛberɛ a na kookoo ɛboɔ aba fam wɔ ewiase nyinaa edwaman so.	Producer price was increased by 28 percent to GH¢10,560 per tonne during the 2019/20 season and maintained at that level for the 2021/22 season in the face of cocoa prices being held down at the international market.
0.4826	0.9951	Wɔde Mmoayɛn Nhwehwɛmu Beaeɛ a ɛfa nkokɔ a yɛbɛwe (ARIBRO) (Animal Research Institute Broiler) ho dwumadie baeɛ no, ɛberɛ a ɛdi kan nie a CSIR de brɔla nkokɔ abedeɛ ne anini apue edwa.	For the first time, since the inception of the release of the ARIBRO (Animal Research Institute Broiler), the CSIR developed and released male and female lines of broilers.
0.1544	0.9932	Wɔyɛn Nkokɔbedeɛ dodoɔ a na wɔadi nnawɔtwe enum apem baako ne ahasa ne nkokɔnini a wɔbɛforo abedeɛ no ahasa a na wɔadi nnawɔtwe nson.	Over 1,300 breeder hens and 300 breeder cocks between 5 and 7 weeks old were developed.
0.2465	0.0009	"Bio, wɔhwɛ dii abɛ nkumaa a yɛtu tim dodoɔ ɔpepem nsia ne mpem aduonu mmiɛnsa ahankron aduasa (6,023,930 oil palm germinated seeds) a wɔbɛdua wɔ ""Kuayɛ mu Nnɔbaeɛ a yɛde kɔ Amannɔne kɔtɔn ne Nkuraaseɛ Mpontuo dwumadie (PERD) no mu no ho dwuma ɛnna wɔtɔnn abɛ nkumaa a wɔtu tintim no mu dodoɔ mpem aduonum enum ahanson aduonu nson (55, 727 oil palm seedlings) ne kube a yɛtu tim dodoɔ mpem aduasa ɛnan ahanu aduonum mmienu (34,252 coconut seedlings) maa akuafoɔ. 69. Afe 2022 mu no, Aban bɛkɔ so aboa ntɔtemmoa akuafoɔ nam so de mmoa te sɛ atwaboa ne nnanko dodoɔ mpem dunan, mprako mpem nwɔtwe, brɔla a wɔadi da koro ɔpepem enum ne wɔn a wɔanyini mpem aduonu ama akuafoɔ de atrɛ wɔn dwumadie mu."	In addition, 6,023,930 oil palm germinated seeds were produced for the Planting for Export and Rural Development (PERD) Programme, while 55,727 oil palm seedlings and 34,252 coconut seedlings were sold to farmers.
0.1482	0.9126	CSIR adwumakuo no bɛkɔ so aboa ama Kuayɛ mu Nnɔbaeɛ a yɛde kɔ Amannɔne kɔtɔn ne Nkuraaseɛ Mpontuo (PERD) ɛnna afei Kuayɛ a Ɛde Nnuane ne Nnwuma Ba (PFJ) ho dwumadie no nyinaa adi mu na yei mu no, yɛde mfudeɛ nkumaa a yɛtu tintim bɛma akuafoɔ.	In 2022, Government will continue to support livestock farmers by providing 14,000 breeding stock of small ruminants, 8,000 grower pigs, 5 million broiler day-old chicks and 20,000 broiler birds. ” 71. The CSIR will continue to support the PERD and PFJ initiatives with the production of germinated seedlings for farmers.
0.4079	0.9951	Yɛbɛgyina dwumadie a wɔato edin ARIBRO no so de nkokɔmma a wɔadi da koro no bi akyekyɛ ama mmoayɛn akuafoɔ.	Day-old chicks will also be produced and supplied to farmers under the ARIBRO Project.
0.2818	0.0890	Sɛdeɛ ɛbɛyɛ na ogya ahoɔden a yɛhwere wɔ ɛberɛ a yɛde anyinam ahoɔden rekɔ mmeaeɛ a wɔhia ne ne kyɛ mu na ɛho nhyehyɛeɛ nyinaa akɔ nkan enti, dwumadie a ɛdidi soɔ yi nyinaa ho anammɔntuo rekɔ so sɛdeɛ ɛfata: Kumasi-Kintampo ogya ahoɔden (330KV) no ɔfa a ɛdi kan ho nhoma dwumadie a ɛka 330KV Kumasi-Bolgatanga nhoma dwumadie ho no adi mu ama ɛreyɛ dwuma, Volta-Achimota ogya ahoɔden (161KV) no ɔfa a ɛdi kan anyinam nhoma ho dwumdie a ɛka Volta-Achimota-Mallam anyinam nhoma ho dwumadie ho no, yɛawie emu ɔha mu nkyɛmu aduɔwɔtwe mmiɛnsa ɛnna yɛawie Achimota-Mallam ɔfa hɔ deɛ no nso emu ɔha mu nkyɛmu aduonum enum, Yɛawie Pokuase Anyinam Ahoɔden Afidie (Bulk Supply Point) ho dwumadie no, apa ɛho ntoma ama ɛgu so nso redi dwuma, ɛnna Kasoa Anyinam Ahoɔden Afidie (Bulk Supply Point) ho dwumadie no a wɔnam so resane adi GRIDCOqs 161KV Winneba dekɔ Mallam ɔfa hɔ nhoma ho dwumadie no, seesei ɛho nhomatweɛ ho dwumadie akɔduru ɔha mu nkyɛmu aduɔwɔtwe enum na ɛnnuru afe 2021 awieeɛ no na yɛawie ɛho dwumadie no nyinaa. 72. Sɛdeɛ ɛbɛyɛ a ɛnnuru afe 2024 na ogya ahoɔden aduru ɔman yi afanan nyinaa enti no, yɛtwaa mpɔtam dodoɔ ɔha aduosia mmienu too ɔman ogya ahoɔden nhoma no so bi, nam so pagyaa anyinam ahoɔden akwannya a ɛwɔ ɔman yi mu no so firi ɔha mu nkyɛmu aduɔwɔtwe enum ne akyire pɔ dunson wɔ afe 2020 kɔduruu ɔha mu nkyɛmu aduɔwɔtwe nsia ne akyire pɔ aduosia mmiɛnsa wɔ afe 2021 mu. Nhyehyɛeɛ a yɛnam so de mpɔtam ahodoɔ ahanum ne dumienu rebɛto ogya ahoɔden nhoma no so bi no gu so na emu biara aduru mpɛmpɛnsoɔ pɔtee bi.	To reduce transmission and distribution system losses and also improve transmission system reliability, works on the following projects have steadily progressed. kumasi-kintampo lot of the 330kV kumasi-Bolgatanga Transmission line Project is complete and the line has been energised; Volta-Achimota lot of the 161kV Volta-Achimota-Mallam Transmission line Upgrade Project is 83 percent complete and the Achimota-Mallam segment is 55 percent complete; Pokuase Bulk Supply Point Project is completed, commissioned and in service; and kasoa Bulk Supply Point Project which comprises a re-construction of a section of GRIDCO's 161kV winneba to Mallam Transmission lines and tie-in-works is 85 percent complete and scheduled for completion by the end of 2021. 73. To achieve universal coverage of electricity by 2024, 162 communities were connected to the national grid, thereby increasing the national electricity access rate from 85.17 percent in 2020 to 86.63 percent in 2021. Connections to another 512 communities are at various stages of completion.
0.1830	0.9658	"Aban ne wɔn a wɔdi akotene wɔ nwomasua mu no dii nsawɔsoɔ nam so pɛɛ ɛkwan pa a yɛbɛfa so abue sukuu wɔ afe 2021 mu. Yɛmaa sukuu ahodoɔ nyinaa ""tɛmomita-(deɛ wɔde hwɛ hunu obi ho hyeɛ no) sɛdeɛ wɔde bɛhunu asukuufoɔ no ne adekyerɛfoɔ no ho hyeɛ."	Government collaborated with stakeholders to implement measures for the safe reopening of schools in January 2021. All schools were provided with infra-red thermometers to monitor the temperature of pupils, students and staff.
0.3958	0.4487	Yɛmaa asukuufoɔ no nkatahwene -nose mask- no a wɔtumi horo sane de hyɛ no bi na afei nso, yɛde nnuro a ɛkum mmoawammoawa petee aban ne ankorankorɛ sukuu ahodoɔ mu.	Students and pupils were also provided with reusable nose masks and all public and private schools were fumigated and disinfected.
0.6576	0.9385	Saa anammɔntuo yi boa sii COVID-19 yadeɛ no ano, nam so bɔɔ adesuafoɔ no, akyerɛkyerɛfoɔ ne ɔmanfoɔ nyinaa ho ban na yei boa maa asukuufoɔ a wɔwɔ mpɛmpɛnsoɔ ahodoɔ nyinaa no sane kɔɔ sukuu afe 2020/2021 no mu.	These measures helped to curb the spread of the COVID-19 pandemic, ensured the safety of pupils, students, teachers and the general public, and contributed to the smooth running of schools at all levels for the 2020/2021 academic year.
0.6289	0.9766	"Aban nwomasua nhyehyɛeɛ a ɛne ""Fa-me-kwa Ntoasoɔ Sukuukorɔ- no mu no, yɛfaa adesuafoɔ afoforɔ dodoɔ mpem ahanan aduonu enum ne aduosia baako (425,061 first-year students) nam so maa wɔn nyinaa dodoɔ kɔsii ɔpepem baako mpem ahanu aduosia baako, ahanan ne aduɔkron enum (1,261,495 students)."	Under Government's Flagship Free SHS programme, 425,061 first-year students were enrolled bringing the total intake to 1,261,495 students.
0.6663	0.0008	"Ɛnyɛ ɛno nko ara mmom yɛmaa adesuafoɔ afoforɔ no akadeɛ a ɛdidi soɔ yi ɛsiane ""Fa-me-kwa- Ntosoɔ Sukuukorɔ nhyehyɛeɛ no enti: Nwoma nketewa a wɔtwerɛ mu dodoɔ ɔpepem ɛnan mpem ɔha aduasa enum, ahanu ne aduɔwɔtwe ɛnan (4,135,284 exercise books, Nwoma a wɔtwerɛ mu akɛseɛ dodoɔ ɔpepem baako, mpem ahanson aduosia nson, ahanum ne aduanan nson (1,767,547 note books), Apɔmutenetene ho akadeɛ mpem ahasa aduɔkron enum, ahanum aduɔson baako (395,571 physical education kits), Adesuafoɔ a wɔsua adrɔɔdrɔɔ adesua ho akadeɛ dodoɔ ɔpepem baako mpem ahanson aduasa ɛnan ne ahanwɔtwe (1,734,800 cartridge art paper for visual arts students), Adesuafoɔ a wɔsua adrɔɔdrɔɔ adesua ho akadeɛ a wɔde penti dodoɔ mpem aduasa ɛnan ahansia aduɔkron nsia (34,696 water-based acrylic paints for visual arts students), Asukuufoɔ Mfoniyɛ Bɔɔdo ""Drawing Board- dodoɔ mpem aduonu nson ahasa ne aduɔkron baako (27,391 technical drawing boards) , ne Nsaanodwuma adesua ho akadeɛ mpem aduonu nson ahasa aduɔkron baako (27,391 sets of technical instruments)."	In addition, first year students received the under-listed items as part of the implementation of the Free SHS Programme. 4,135,284 exercise books; 1,767,547 note books; 395,571 physical education kits; 1,734,800 cartridge art paper for visual arts students; 34,696 water-based acrylic paints for visual arts students; 27,391 technical drawing boards; and 27,391 sets of technical instruments.
0.2022	0.9966	Bio, yɛdii ntoasoɔ sukuu mu dwuma afoforɔ dodoɔ ɔha ne dunwɔtwe, wiee ne nyinaa a na adesuadan, baabi a adesuafoɔ no da (dormitories), baabi a wɔyɛ sukuu mu ntotoeɛ (administration blocks), nwoma akenkanbea ne baabi a wɔdidi ka ho bie.	Further to this, 118 infrastructure projects made up of classrooms, dormitories, administration blocks, libraries and canteens at the secondary education level were completed.
0.1390	0.8931	Yei de dwuma a yɛadi wɔ ntoasoɔ sukuu mu adansie ho Nhyehyɛeɛ mu no dodoɔ nyinaa asi ahansia aduonum nson.	This brings the total number of completed projects to-date under the Free Senior High School Infrastructure Intervention to 657.
0.3033	0.6455	Hyehyɛpono a ɛwɔ aseɛ ha yi da COVID-19 ho nsɛm a akɔ so de bɛsi Obubuo bosome da a ɛtɔ so enum wɔ afe 2021 mu no adi. : COVID-19 ho paneɛwɔ ho nkontabuo	Th 77. Table 2 below shows the update on COVID-19 statistics as at 5 November, ” Table 2: COVID-19 Vaccination Statistics
0.6402	0.8940	Ɛberɛ a amansan anammɔntuo wɔ COVID-19 yadeɛ kontonkurowi yi ano aduro ho wiee pɛyɔ no, paneɛwɔ nso bɛkaa akwanhodoɔ a na ɛwɔ hɔ dada a yɛde si yadeɛ no ano no ho. Akwanhodoɔ yi a na adunom nka ho no ne nkatahwenehyɛ, nnipa asetenam nkutahodie mu ntetemu ɛnna nsa ho hohoro.	As global efforts towards the search for COVID-19 vaccine yielded positive results, COVID-19 vaccination has become an additional preventive measure to the already existing protocols aside the initial preventive strategy which focused on non-pharmaceutical interventions, including wearing of face masks, physical distancing, and hand hygiene.
0.5526	0.6650	COVID-19 ho aduro a yɛde wɔ paneɛ a yɛfrɛ no AstraZeneca dodoɔ mpem ahansia (600,000 doses) a yɛde hyɛɛ aseɛ wɔ Ɔbɛnem bosome mu wɔ afe 2021 mu no, ɛduruu Obubuo bosome da a ɛtɔ so nwɔtwe no, na nnipa ɔpepem mmienu ne mpem ahanum (2.5 million persons) na awɔ wɔn paneɛ a ɛdi kan. Seesei, nnipa a wɔadi boro mfeɛ dunwɔtwe a apemfoɔ nka ho bi no paneɛwɔ gu so rekɔ so wɔ mantam dunsia no nyinaa mu (all 16 regions) wɔ mansini ahanu ne aduosia baako (261 districts) mu wɔ ɔman yi afanan nyinaa.	The rollout of the COVID-19 vaccine, which commenced in March 2021 with an initial 600,000 doses of the Astrazeneca vaccine, stands at over 2.5 million th persons, with each person getting at least one dose, as at 8 November, 2021. Vaccination targeting persons 18 years and above excluding pregnant women is currently ongoing in all 16 regions and 261 districts across the country.
0.4169	0.9253	Ɛsiane anammɔn a yɛretu de atrɛ ewiemhyɛn nketewa dwumadie (drone services) mu wɔ apɔmuden ho akadeɛ a ɛhia sɛ yɛde kɔ ɔman yi afan nyinaa no enti, Aban ne adwumakuo a yɛfrɛ no Zipline aka abom asisi mmeaeɛ a ewiemhyɛn nketewa yi ho dwumadie bɛkɔ so afoforɔ mmienu wɔ Anum wɔ Apueeɛ Mantam mu ɛnna Abujuro wɔ Oti Mantam mu.	As part of efforts to expand drone services in the delivery of critical medical supplies, Government collaborated with zipline to construct two new distribution centres at Anum and Abujuro in the Eastern and Oti Regions, respectively.
0.3452	0.7197	Saa ewiemhyɛn nketewa mmeaeɛ mmienu yi bɛdi dwuma wɔ ayaresabea ahasa aduosia nsia na seesei dwumadie no rekɔ so a ayaresabea yi mu ɔha mu nkyɛmu aduonum ɛnan (54 %) na ayɛ den kakra sɛ ewiemhyɛn nketewa yi bɛtumi de apɔmuden ho akadeɛ akɔ hɔ.	The centres will serve 366 health facilities, out of which 54 percent are currently hard to reach.
0.4152	0.9644	Aban bɛma Botaeɛ 111 (Agenda 111 Project) no ho anammɔntuo akɔ ntɛmntɛm a emu no, yɛbɛsisi mansini ayaresabea dodoɔ ɔha ne baako (101 district hospitals), mantam ayaresabea nson (7 regional hospitals) ɛnna adwenemhaw ayaresabea mmiɛnsa (3 psychiatric hospitals).	” 81. Government will accelerate the implementation of the Agenda 111 Project comprising 101 district hospitals, seven regional hospitals and three psychiatric hospitals.
0.6809	0.0136	Seesei, mansini ayaresabea aduɔkron baako ho beaeɛ ne adan ho mfoni (91 district hospital Cadastral plans) ayɛ krado dada.	Cadastral plans for 91 district hospital sites are ready.
0.5250	0.8521	Afe 2022 mu no, yɛbɛhyɛ aseɛ asisi 11 No. ayaresabea dodoɔ a mpa aduanan bɛkɔ mu (40-bed hospitals) ɛnna 1 No. ayaresabea dodoɔ a mpa aduasa bɛkɔ mu (30-bed hospitals) wɔ Asante, Bono, Nkran ne Apueeɛ Amantam mu.	In 2022, construction of 11 No. 40-bed and 1 No. 30-bed hospitals in the Ashanti, Bono, Greater Accra, and Eastern Regions will commence.
0.5143	0.9966	Tema Ayaresabea kɛseɛ no (Tema General Hospital) ne Apɔmuden ho Akadeɛ Akoraeɛ kɛseɛ no (Central Medical Stores) ho dwumadie nso bɛhyɛ aseɛ na ɛberɛ korɔ no ara mu nso, La, Nkoranza ne Shama ayaresabea a yɛresi no nso ho dwumadie bɛkɔ so pɛpɛɛpɛ.	Reconstruction of the Tema General Hospital and the Central Medical Stores will commence, while the construction of the la, Nkoranza, and Shama Hospitals will continue.
0.5872	0.3718	Yɛde nnipa ne adankan no ho dwumadie baa awieeɛ wɔ Ɔsanaa da a ɛtɔ so nwɔtwe wɔ afe 2021 mu.	2021 Population and Housing Census
0.2215	0.8433	Afe 2022 mu no, yɛbɛyɛ Nnwumakuo Ahodoɔ ho Nhwehwɛmu (Integrated Business Establishment Survey- IBES) a ɛbɛboa ama yɛanya nnwumakuo ho nkontabuo amaneɛbɔ a ahotosoɔ wɔ mu wɔ ɛberɛ a ɛsɛ mu na ɛhia yie a, ɛbɛma yɛatumi ayɛ nhyehyɛeɛ na yɛapɛ akwanhodoɔ a yɛbɛtumi afa so ama ɔman yi afanan nyinaa atu mpɔn.	In 2022, an Integrated Business Establishment Survey (IBES) will be conducted to provide reliable, timely and relevant statistics to support the formulation and implementation of policies and strategies to promote growth in all sectors of the economy.
0.3850	0.9780	Afe 2022 Sikasɛm Nhyehyɛeɛ yi ho hia pa ara wɔ anammɔn a yɛretu asane akɔ yɛn dada mu a yɛrente nsane yɛn akyi bio no mu, na yɛanya nsakraeɛ pa a ɛbɛma yɛaduru yɛn anisoadehunu sɛ Ghana bɛduru mpɛmpɛnsoɔ a yɛrenhia mmoa (Ghana Beyond Aid) no ho.	85. 2022 Budget is crucial for our sustained recovery and transformation to a The prosperous Ghana Beyond Aid.
0.3007	0.9941	Ɛhia pa ara sɛ yɛhwɛ toto yɛn ahiadeɛ, yɛn apɛdeɛ ne deɛ ɛsi yɛn ani so no ho nsɛm yie sɛ ɔman ne nnipa baako.	It requires a careful realignment and rebalancing of our needs, wants, and aspirations as a cohesive nation and as a people.
0.1981	0.0008	Saa anammɔntuo yi bɛhia sɛ yɛbɛsosɔ yɛn asene na yɛahwɛ ama ankorankorɛ nnwumabue ne ne mpontuo agye nhini wɔ ɔman yi mu. Yɛabɔ mmɔden ne akuhodoɔ anya nkutahodie ne nsawɔsodie mapa a ama yɛanya ɔpɛpa a ɛbɛboa ama yɛde atu yɛn dwumadie ho anammɔn ahodoɔ a yɛada no adi wɔ saa Sikasɛm Nhyehyɛeɛ yi mu no ho.	86. will also require burden-sharing and the promotion and development of This an entrepreneurial culture. we have extensively engaged and built partnerships of trust for the implementation of the policies presented in this Budget. let us all get work now.
0.3752	0.0006	Momma yɛn nyinaa nka mmɔ mu nyɛ adwuma%	God bless our homeland Ghana. ”
0.3832	0.0007	Onyankopɔn Nhyira yɛn man Ghana% Yei yɛ mfidinnwuma ahodoɔ a yɛbɛbuebue wɔ mansini mu na ɛnam so ama mfidinnwuma atu mpɔn wɔ Ghana.	The setting up of factories and industries which, will in turn, move the country towards greater industrialization.
0.3718	0.9458	Yei botaeɛ ne sɛ nnwuma bɛbu so wɔ ɔman yi mu na Ghanafoɔ a wɔwɔ ɔman Yi afanan nyinaa anya adwuma ayɛ.	It is aimed at creating more jobs for Ghanaians across the length and breadth of the country.
0.2993	0.8574	Yei gyina hɔ ma nkonta a Aban bu kyerɛ Ɔman mma fa ne dwumadie ho ne amaneɛbɔ a ɛwɔ anammɔn ahodoɔ nso a watu ho.	This is when Government is answerable to its citizens by making known its activities and disclosing the results of such actions.
0.2551	0.9702	Sikasɛm ne agyapadeɛ ahodoɔ a Aban hwɛ so ma ɔmanfoɔ no nyinaa ka yei ho.	This may include the responsibility for money or other properties that Government holds in trust.
0.3649	0.9927	Yei yɛ ɛkwan a wɔfa so kyekyɛ ɔman sika mu ma Aban asoɛeɛ ahodoɔ no ne nnwumakuo ahodoɔ no ma wɔde di dwuma ma ɔmanfoɔ.	The process of sharing or distributing resources amoung government agencies and departments.
0.3781	0.0292	Yei yɛ ɛkwan wɔfa so ma ɔhaw bi ho Nsunsuansoɔ ano brɛ ase.	This is the process of making a problem less severe.
0.3383	0.9463	Sikasɛm nhyehyɛeɛ gyina hɔ ma nhyehyɛeɛ a Aban ayɛ afa ɛkwan a ɔbɛfa so anya sika ne deɛ ɔde saa sika no bɛyɛ ho.	A budget is a plan that outlines where to get money from and what to spend it on.
0.2939	0.9829	Nhwɛsoɔ ne sɛ, abusua bi bɛtumi ayɛ sikasɛm nhyehyɛeɛ nam so akyerɛ sika dodoɔ a wɔwɔ ne nneɛma ahodoɔ a ɛhia sɛ wɔde sika no yɛ no nnidisoɔ nnidisoɔ.	For instance, a family can draw up a budget that will show how much money is available and how it should be prioritised for spending (for example, rent, utilities and food).
0.2604	0.3762	Ɛbɛtumi ayɛ ɛdan ho ɛka, nsuo ne nkanea ɛka ɛnna aduane ho ɛka) Ɛkɔba sɛ wɔhia sika no dodoɔ a, ɛho bɛhia sɛ abusua no bɛhwehwɛ sika no bi aka ho anaa mpo wɔbɛkɔ akɔbɔ bosea.	If more money is needed, the family would need to consider raising more income or taking a loan.
0.3309	0.9961	Yei si wɔ ɛberɛ a sika a Aban de bɛdi dwuma no kɔ anim sene deɛ Aban nsa aka no ankasa.	This occurs when Government expenditure is more than revenue.
0.3271	0.9956	Yei yɛ sika a yɛde yɛ mpontunnwuma sɛ ebia akwanyie, sukuudansie, ayaresabea dansie, atwenesie, akwantusɛm, nsuo, mfidie akɛseɛ ne deɛ ɛkeka ho. Yei yɛ adwumayɛfoɔ bosome akatua, Sika ahodoɔ, asetenam ahotosoɔ sika, akwankɔgya sika ne deɛ ɛkeka ho a wɔtua ma Aban adwumayɛfoɔ.	This is money spent on major infrastructure projects such as roads, schools, hospitals, bridges, transport, water systems, plant and machinery etc. This is made up of salaries and salary-related allowances such as social security, gratuities and pensions paid to public sector workers.
0.2771	0.9956	Yei gyina hɔ ma Aman anaa nnwumakuo a wɔboa Aman a afei na wɔretu mpɔn ma wɔduru wɔn mpontuo botaeɛ ho.	This refers to countries and/or organizations that collaborate with developing countries to achieve their developmental goals.
0.4653	0.0024	Yei bɛtumi ayɛ akuhodoɔ bi te sɛ Amansan Fotoɔ Adwumakuo (lnternational Monetary Fund- IMF),Ewiase Sikakorabea (World Bank), Abibirem Mpontuo Sikakorabea (African Development Bank) ne deɛ ɛkeka ho. %tumi nso yɛ ankorankorɛ aman bi te sɛ Germany, Nyiresi Aburokyire, Amɛrika, ne wɔn a wɔkeka ho.	DPs can be multilateral, e.g. International Monetary Fund (IMF), world Bank, African Development Bank (AfDB) or bilateral which consists of individual countries like Germany, United kingdom and the United States of America (USA).
0.3524	0.0010	Yei yɛ mpɛmpɛnsoɔ a nneɛma boɔ kɔduru wɔ $pɛnimma bosome mu wɔ afe pɔtee bi mu.	The level of inflation experienced in December of a year in consideration. ”
0.3063	0.9565	Yei si wɔ ɛberɛ a, sika a yɛde adi dwuma ahodoɔ no aboro deɛ yɛtwa too hɔ wɔ sikasɛm nhyehyɛeɛ mu a mmarahyɛbadwa gye too mu no so.	This occurs when Government spending exceeds the Budget amount approved by Parliament.
0.6933	0.6440	Fa-me-kwa Ntoasoɔ Sukuukorɔ yi yɛ Aban nhyehyɛeɛ foforɔ a Ɔmanpanin Nana Akuffo-Addo aban de puee edwa wɔ Ɛbɔ bosome mu wɔ afe 2017 mu sɛ JHS osukuuni biara a ɔbɛbɔ ne ho mmɔden wɔ sɔhwɛ mu no, ɔbɛnya ɛkwan wɔ Ntoasoɔ Sukuu mu akɔsua adeɛ a ɔrentua hwee.	The Free SHS (Free Senior High School) policy is a Government of Ghana initiative introduced by the President Nana Akuffo-Addo administration in September 2017 that guarantees free access to SHS education for any accademically qualified JHS student.
0.2162	0.9854	Yeinom yɛ sika ho mmoa ahodoɔ a Mpontuo mu Aboafoɔ de boa Aban a ɛnyɛ adeɛ a Aban bɛtua.	These are types of financial assistance given to Government by development partners and for which Government does not have to be pay back.
0.4131	0.6987	"Yei gyina hɔ ma sika a, mmara hyɛ sɛ ɛsɛ sɛ wɔtua kɔgu Mansini Mmarahyɛbadwa Fotoɔ ""DACF- no mu, Lɔrekwan Fotoɔ ""Road Fund- mu, Nwomasua Fotoɔ ""GETFUND- mu ne Fango ho Dwumadie Fotoɔ ""Petroleum Related Fund- mu."	These constitute payments that are required by law such as District Assemblies' Common Fund (DACF), Road Fund, Ghana Education Trust Fund (GETFUND), Petroleum Related Fund and National Health Fund.
0.1798	0.0106	Yei kyerɛ nneɛma a yɛyɛ wɔ ɔman yi mu wɔ ɛberɛ pɔtee bi mu no	This refers to the total value of all final demand goods and services produced in the country over a specific time.
0.3874	0.7305	Yei yɛ susudua a yɛfa so hunu sɛdeɛ ɔman bi sikasɛm ahoɔden a ɔwɔ sɛ ɔbɛtumi atɔ nneɛma afiri amannɔne no teɛ wɔ ɛberɛ pɔtee bi mu. Yei boa ma yɛde ɔman bi fotoɔ toto ɔman foforɔ bi deɛ ho a yɛhunu sɛdeɛ ɔman no sikasɛm ahoɔden a ɔwɔ no teɛ.	This measures a country's foreign currency ability to buy goods and services from foreign countries over a period; it also supports the strength of the local currency in relation to currencies of other nations.
0.3602	0.5239	Yei gyina hɔ ma sɛdeɛ dwumadie ahodoɔ ne adwadeɛ boɔ si kɔ soro wɔ ɛberɛ pɔtee bi mu.	The rate of increase in general price level of goods and services over a period.
0.4129	0.8594	Mpontunneɛ A Yɛde Bɛtu Ohia Ase Dwumadie yi yɛ dwumadie ahodoɔ a ɛdi akotene wɔ NPP Aban nhyehyɛeɛ ahodoɔ mu no baako a botaeɛ a ɛtaa akyire ne sɛ, yɛde mpontunneɛ bɛkɔ nkuraase, titire mpɔtam ahodoɔ a ohia wɔ hɔ no na ɛnam so aboa atu ohia ase na asetenam yiedie mu nsonsonoeɛ a ɛda nkuraasefoɔ ne kuromfoɔ ntam no asesa.	The Infrastructure for Poverty Eradication Programme (IPEP) is one of the flagship programmes of the NPP Government that aims at eradicating poverty and minimalizing inequality, especially in the rural and deprived communities through the provision of basic infrastructure.
0.3242	0.3457	Yeinom yɛ susudua a wɔgyina so kyerɛ ɔman bi sikasɛm ho mmɔdenmmɔ.	These are measurements used to access the performance of the economy.
0.3578	0.6074	Yei ho nhwɛsoɔ ne sikasɛm mpontuo, nneɛmaboɔ sorokɔ, adwumayɛ mu mpontuo mpɛmpɛnsoɔ, ɔman yi ne aman afoforɔ ntam edwadie mu mmɔdemmɔ, sɛdeɛ aban no sikasɛm ntotoeɛ kankorɔ anaa sintɔ teɛ ɛne sɛdeɛ gyinaeɛ ahodoɔ a Ghana Sikakorabea Baatan bɛsie no bɛka nneɛma boɔ sorokɔ wɔ ɔman no mu.	Examples include economic growth, inflation, changes in the level of employment, trade performance with other countries, relative success or failure of government economic policies and the decisions made by the Bank of Ghana which affects money demand and supply in the economy. ”
0.2583	0.7212	Nnwuma Nketewa yɛ ankorankorɛ nnwuma a wɔtumi fa nnipa kakra bi a dwetire a adwuma no gyina soɔ no mmoro sika dodoɔ pɔtee bi so.	A microenterprise (or microenterprise) is generally defined as a small business employing a minimum number of people, and having a balance sheet or turnover less than a
0.3652	0.9888	Yei yɛ adwene foforɔ koraa a Ghana Aban de puee edwa a ɔnam so bɛma mmeranteɛ ne mmabaawa a wɔawie asuapɔn no bɛnya adwuma ayɛ wɔ ankorankorɛ anaa Aban nnwuma mu na wɔaboa de wɔn nimdeɛ apɛ asetenam ɔhaw ahodoɔ nnannuaguberɛ, na yei aboa wɔn ma wɔanya osuahunu a ɛbɛboa Ɔman sikasɛm mpontuo.	Certain amount also known as NABCO is an initiative introduced by the Government of Ghana to provide jobs to unemployed university graduates to solve various social problems in both the private and public sectors and build their skills to promote economic growth in the country.
0.4472	0.9951	Ɔman Adwumakuo a Ɛhwɛ Mfidinnwuma Nketewa so no yɛ ɔman adwumakuo a ɛnyɛ mfasoɔ enti na wɔwɔ hɔ na mmom, ɛyɛ adwumakuo a ɛhyɛ Asoɛeɛ a Ɛhwɛ Edwadie ne Mfidinnwuma so no ase, a mmara ma wɔn ho ɛkwan sɛ wɔnhwɛ sɛ Mfidinnwuma Nketewa ne Adantam (Micro and Small Enterprises (MSEs) bɛtu mpɔn.	The National Board for Small Scale Industries (NBSSI) is a non-profit public sector organisation under the Ministry of Trade and Industry, and is mandated to promote the growth and development of Micro and Small Enterprises (MSEs).
0.3519	0.7324	Yei yɛ ɔman yi mu adwadeɛ nyinaa bo ɛsom a sika a ɛfiri fango ho dwumadie ahodoɔ mu nka ho bi, a wɔagyina nneɛma boɔ sorokɔ so no asese.	Is the total output in the economy that excludes the activities in the oil sector, which takes into account the level of inflation.
0.3505	0.8389	Yei yɛ Aban sika a ɔnya a ɛmfiri ɛtoɔ mu. Ebi ne sika a obi tua ansa na wanya tumi krataa bi adi dwuma ne sika a yɛtua wɔ nneɛma afoforɔ ho sɛ ebia nsiho ne mfantum ho.	Government revenue not generated from taxes, examples are fees for granting permit or licenses, user fees and other charges.
0.6662	0.9795	Ɛka ahodoɔ a Aban de no yɛ sika a ɛsɛ sɛ Asoɛeɛ a Ɛhwɛ Sikasɛm so no tua ma Aban Nnwuma ahodoɔ no ɛnna afei, ɛka ɛda hɔ firi afe 2016 mu a mmara hyɛ sɛ ɛsɛ sɛ Aban tua gu Mmara ho Fotoɔ ahodoɔ mu.	The outstanding obligations comprise MDA commitments with the Ministry of Finance as well as outstanding 2016 payments to Statutory Funds.
0.3183	0.9897	Yei yɛ sika dodoɔ a aka wɔ ɛberɛ a Aban agyegye deɛ nqani da ɛkwan sɛ ɔbɛnya no nyinaa akyi de adi dwuma, a bosea ho nsiho nka ho bie, (kyerɛ sɛ bosea a Aban bɛtua nka ho).	This is the difference between Government revenue and its non interest expenditure (excluding debt Service Payment).
0.1093	0.0008	Na ɛkwan a yɛfa so bu yei ho nkonta ne sɛ yɛsese no wɔ Ɔman Adwadeɛ nyinaa bo a ɛsom no mu ɔha mu nkyekyɛmu.	This can be measured as a
0.3081	0.4031	Yei yɛ sɛdeɛ ani da ɛkwan sɛ Ghana sikasɛm bɛtu mpɔn wɔ afe pɔtee bi mu.	Percentage of the Gross Domestic Product (GDP).
0.3390	0.0773	Yei yɛ sika dodoɔ a Aban nya firi ne dwumadie	How the Ghanaian economy will grow in a year.
0.1120	0.6655	Ahodoɔ a ɔdi wɔ ɔman yi mu ne amannɔne.	This is the total amount of money that Government receives for its activities from both domestic and external sources.
0.3326	0.0018	Yei yɛ Ghana Aban mpontuo ho dwumadie foforɔ a ɔde aba a ɛnam so bɛma ntɔtemmoayɛn adwuma no adi mu na sika aba mu sɛdeɛ ɛbɛyɛ a, ntɔtemmoa nam bɛdɔɔso ama ɔmanfoɔ anya bi awe na yɛate ntɔtemmoa nam a yɛkra ba ɔman yi mu no so koraa, na ɛnam so ama nnwuma abu so a ɔmanfoɔ bɛnya bi ayɛ ama wɔn a wɔdi ntɔtemmoa ho dwuma nyinaa no asetenam nso	Will develop a competitive and more efficient livestock industry, that will increase domestic production, reduce importation of livestock products, contribute to employment creation, and improve livelihoods of Livestock value chain actors”. ”
0.3107	0.0006	Yei yɛ sika a Aban gyina ɔmanfoɔ anan mu tua ma nsuo, pɛtro ne nkanea nnwumakuo no de sɔ	Government pays subsidies to utility companies and on petroleum Products on behalf of the public.
0.3771	0.9785	Yei yɛ sika mu mmoa bi a Aban de ma ɔman mma ma ɛyi adesoa kakra firi wɔn so ma wɔn kɔn mu dwo wɔn.	This is a financial relief given by government to citizens to reduce the burden on them .
0.3605	0.3804	Yei yɛ ɛkwan a yɛfa so de ani di biribi Akyi na yɛhwɛ sɛdeɛ ɛsi teɛ.	The process of critically or intellectually observing an issue.
0.2868	0.0109	Yei ne sɛ Aban bɛma ɔman mma ahunu deɛ ɛrekɔ	This is when Government provides adequate and timely
0.3390	0.9600	So na wɔate amanneɛbɔ nyinaa wɔ ɛberɛ ano ɛberɛ ano.	Information for its citizens about what it is doing.
0.2526	0.9946	Yei yɛ sika dodoɔ a Aban tua wɔ dwuma a ɔdi ne dwumadie a ɔdi ma ɔmanfoɔ ho ho.	Amount of money that Government pays for running its operations and for delivering services to the public.
0.3142	0.9790	Yei yɛ ɛtoɔ bi a yɛde to adwadeɛ ahodoɔ so wɔ adwadeɛyɛ mpɛmpɛnsoɔ biara mu.	The tax levied as value is added to goods and services At each stage of production.
0.9695	0.9780	© 2021. All rights reserved.	© 2021. All rights reserved.
0.9390	0.9824	No part of this publication may be stored in a retrieval system or transmitted in any or by any means, electronic, mechanical, photocopying, recording or otherwise without the prior written permission of the Ministry of Finance	No part of this publication may be stored in a retrieval system or transmitted in any or by any means, electronic, mechanical, photocopying, recording or otherwise without the prior written permission of the Ministry of Finance
